id,code,platform,platform_id,booking_date,arrival_date,departure_date,check_in,check_out,nights,reservation_status,conversation_id,last_message_at,guests,status,status_history
279709a0-6ea3-4b83-a39a-6eec08239f1a,HMZRJY53SS,airbnb,HMZRJY53SS,2024-12-30T21:35:37Z,2025-02-14T00:00:00-06:00,2025-02-17T00:00:00-06:00,2025-02-14T16:00:00-06:00,2025-02-17T11:00:00-06:00,3,"{'current': {'category': 'accepted', 'sub_category': None}, 'history': [{'category': 'accepted', 'sub_category': None, 'changed_at': '2024-12-30T21:35:50+00:00'}]}",05369016-afbb-47fe-a4de-135cfa5e0ca0,2025-02-16T18:22:36+00:00,"{'total': 2, 'adult_count': 2, 'child_count': 0, 'infant_count': 0, 'pet_count': 0}",accepted,"[{'category': 'Accepted', 'status': 'accepted', 'changed_at': '2024-12-30T21:35:50+00:00'}]"
9df99d65-3c42-4a5b-a1c3-763c4240b7fa,HM9BQWCXTM,airbnb,HM9BQWCXTM,2025-02-16T21:26:17Z,2025-02-17T00:00:00-06:00,2025-02-20T00:00:00-06:00,2025-02-17T16:00:00-06:00,2025-02-20T11:00:00-06:00,3,"{'current': {'category': 'accepted', 'sub_category': None}, 'history': [{'category': 'accepted', 'sub_category': None, 'changed_at': '2025-02-16T21:26:28+00:00'}]}",2d8c096d-66e3-43d5-84c8-153ca6548afd,2025-02-18T17:00:59+00:00,"{'total': 3, 'adult_count': 3, 'child_count': 0, 'infant_count': 0, 'pet_count': 0}",accepted,"[{'category': 'Accepted', 'status': 'accepted', 'changed_at': '2025-02-16T21:26:28+00:00'}]"
671d2abc-ad5e-4908-b603-f46192a06662,HMK59NJ9C9,airbnb,HMK59NJ9C9,2025-01-27T05:41:18Z,2025-02-16T00:00:00-06:00,2025-02-17T00:00:00-06:00,2025-02-16T16:00:00-06:00,2025-02-17T11:00:00-06:00,1,"{'current': {'category': 'accepted', 'sub_category': None}, 'history': [{'category': 'accepted', 'sub_category': None, 'changed_at': '2025-01-27T05:41:33+00:00'}]}",3196c239-9cf1-4eca-aff5-6c9d13bc931c,2025-02-18T00:32:46+00:00,"{'total': 4, 'adult_count': 4, 'child_count': 0, 'infant_count': 0, 'pet_count': 0}",accepted,"[{'category': 'Accepted', 'status': 'accepted', 'changed_at': '2025-01-27T05:41:33+00:00'}]"
c8964ca6-51bf-4df1-9b5b-5ad1cb2c5963,HMRBRNEXKM,airbnb,HMRBRNEXKM,2025-02-17T16:26:22Z,2025-02-17T00:00:00-06:00,2025-02-20T00:00:00-06:00,2025-02-17T16:00:00-06:00,2025-02-20T11:00:00-06:00,3,"{'current': {'category': 'accepted', 'sub_category': None}, 'history': [{'category': 'accepted', 'sub_category': None, 'changed_at': '2025-02-17T16:26:35+00:00'}]}",e74d1cf3-5d10-43fe-b216-4c219f013803,2025-02-18T17:01:04+00:00,"{'total': 1, 'adult_count': 1, 'child_count': 0, 'infant_count': 0, 'pet_count': 0}",accepted,"[{'category': 'Accepted', 'status': 'accepted', 'changed_at': '2025-02-17T16:26:35+00:00'}]"
11cbf252-56e9-4efa-b3eb-c56224b32912,HMDHM9Q8JF,airbnb,HMDHM9Q8JF,2025-02-05T23:02:23Z,2025-02-09T00:00:00-06:00,2025-02-18T00:00:00-06:00,2025-02-09T16:00:00-06:00,2025-02-18T11:00:00-06:00,9,"{'current': {'category': 'accepted', 'sub_category': None}, 'history': [{'category': 'accepted', 'sub_category': None, 'changed_at': '2025-02-05T23:02:35+00:00'}]}",eb6c7dc4-8405-49da-80a7-6df0df9ad560,2025-02-18T17:38:17+00:00,"{'total': 1, 'adult_count': 1, 'child_count': 0, 'infant_count': 0, 'pet_count': 0}",accepted,"[{'category': 'Accepted', 'status': 'accepted', 'changed_at': '2025-02-05T23:02:35+00:00'}]"
e16a10d9-f22c-45ec-b94f-fb5b69c12856,HMJSCW48P2,airbnb,HMJSCW48P2,2025-02-18T02:16:39Z,2025-02-18T00:00:00-06:00,2025-02-19T00:00:00-06:00,2025-02-18T16:00:00-06:00,2025-02-19T11:00:00-06:00,1,"{'current': {'category': 'accepted', 'sub_category': None}, 'history': [{'category': 'accepted', 'sub_category': None, 'changed_at': '2025-02-18T02:16:50+00:00'}]}",44ec111c-4d2c-4d0e-ae4d-a23600ad6e59,2025-02-18T17:56:22+00:00,"{'total': 1, 'adult_count': 1, 'child_count': 0, 'infant_count': 0, 'pet_count': 0}",accepted,"[{'category': 'Accepted', 'status': 'accepted', 'changed_at': '2025-02-18T02:16:50+00:00'}]"
9c6c2463-557c-48d9-ab78-34d464fdc1e9,HMBE2S2D2E,airbnb,HMBE2S2D2E,2025-02-18T01:04:43Z,2025-02-18T00:00:00-06:00,2025-02-20T00:00:00-06:00,2025-02-18T16:00:00-06:00,2025-02-20T11:00:00-06:00,2,"{'current': {'category': 'accepted', 'sub_category': None}, 'history': [{'category': 'accepted', 'sub_category': None, 'changed_at': '2025-02-18T01:04:54+00:00'}]}",5c6c35c6-c563-4717-b055-06d828d94112,2025-02-18T01:04:44+00:00,"{'total': 2, 'adult_count': 2, 'child_count': 0, 'infant_count': 0, 'pet_count': 0}",accepted,"[{'category': 'Accepted', 'status': 'accepted', 'changed_at': '2025-02-18T01:04:54+00:00'}]"
9448f66e-ca21-428f-b954-c7fcdd0f59a9,HMES3C2BJ4,airbnb,HMES3C2BJ4,2025-01-11T22:13:33Z,2025-02-14T00:00:00-06:00,2025-02-22T00:00:00-06:00,2025-02-14T16:00:00-06:00,2025-02-22T11:00:00-06:00,8,"{'current': {'category': 'accepted', 'sub_category': None}, 'history': [{'category': 'accepted', 'sub_category': None, 'changed_at': '2025-01-11T22:13:44+00:00'}]}",b44c234b-ed2b-4fb5-a438-05b647e8a895,2025-02-16T01:36:09+00:00,"{'total': 2, 'adult_count': 2, 'child_count': 0, 'infant_count': 0, 'pet_count': 0}",accepted,"[{'category': 'Accepted', 'status': 'accepted', 'changed_at': '2025-01-11T22:13:44+00:00'}]"
f30ff5c0-1a90-4f02-bc5f-5323a0ccea5e,HM8QYQCZJA,airbnb,HM8QYQCZJA,2025-02-11T04:35:12Z,2025-02-11T00:00:00-06:00,2025-02-17T00:00:00-06:00,2025-02-11T16:00:00-06:00,2025-02-17T11:00:00-06:00,6,"{'current': {'category': 'accepted', 'sub_category': None}, 'history': [{'category': 'request', 'sub_category': 'request to book', 'changed_at': '2025-02-11T03:37:52+00:00'}, {'category': 'accepted', 'sub_category': None, 'changed_at': '2025-02-11T04:35:25+00:00'}]}",7aa0933b-af1f-4465-a824-319a5e4b6646,2025-02-17T16:34:55+00:00,"{'total': 2, 'adult_count': 2, 'child_count': 0, 'infant_count': 0, 'pet_count': 0}",accepted,"[{'category': 'Pending', 'status': 'pending', 'changed_at': '2025-02-11T03:37:52+00:00'}, {'category': 'Accepted', 'status': 'accepted', 'changed_at': '2025-02-11T04:35:25+00:00'}]"
945f7411-370c-4e1d-be56-a50adf85bdcb,HM4B9MDQXM,airbnb,HM4B9MDQXM,2025-02-17T23:10:17Z,2025-02-17T00:00:00-06:00,2025-02-18T00:00:00-06:00,2025-02-17T16:00:00-06:00,2025-02-18T11:00:00-06:00,1,"{'current': {'category': 'accepted', 'sub_category': None}, 'history': [{'category': 'accepted', 'sub_category': None, 'changed_at': '2025-02-17T23:10:29+00:00'}]}",5792b3cd-4828-4579-98bf-f942963d8e76,2025-02-17T23:25:13+00:00,"{'total': 4, 'adult_count': 4, 'child_count': 0, 'infant_count': 0, 'pet_count': 0}",accepted,"[{'category': 'Accepted', 'status': 'accepted', 'changed_at': '2025-02-17T23:10:29+00:00'}]"
4f51fdae-b416-45a6-a7ca-6dc60d825267,HM325J8C5D,airbnb,HM325J8C5D,2024-12-24T18:48:01Z,2025-02-13T00:00:00-06:00,2025-02-17T00:00:00-06:00,2025-02-13T16:00:00-06:00,2025-02-17T11:00:00-06:00,4,"{'current': {'category': 'cancelled', 'sub_category': None}, 'history': [{'category': 'accepted', 'sub_category': None, 'changed_at': '2024-12-24T18:48:13+00:00'}, {'category': 'cancelled', 'sub_category': None, 'changed_at': '2025-01-08T21:12:13+00:00'}]}",3416d654-5ede-460d-ace7-7b82e3b571ee,2024-12-24T18:50:20+00:00,"{'total': 4, 'adult_count': 4, 'child_count': 0, 'infant_count': 0, 'pet_count': 0}",cancelled,"[{'category': 'Accepted', 'status': 'accepted', 'changed_at': '2024-12-24T18:48:13+00:00'}, {'category': 'Cancelled', 'status': 'canceled', 'changed_at': '2025-01-08T21:12:13+00:00'}]"
bc0b8e53-8620-47e5-a1ad-6fbec957372a,HM9KYAZE9Q,airbnb,HM9KYAZE9Q,2025-01-28T03:27:53Z,2025-02-15T00:00:00-06:00,2025-02-21T00:00:00-06:00,2025-02-15T16:00:00-06:00,2025-02-21T11:00:00-06:00,6,"{'current': {'category': 'accepted', 'sub_category': None}, 'history': [{'category': 'accepted', 'sub_category': None, 'changed_at': '2025-01-28T03:28:07+00:00'}]}",83a14b0a-11c6-4de7-83c7-a11d8c2871fb,2025-02-16T17:00:39+00:00,"{'total': 2, 'adult_count': 2, 'child_count': 0, 'infant_count': 0, 'pet_count': 0}",accepted,"[{'category': 'Accepted', 'status': 'accepted', 'changed_at': '2025-01-28T03:28:07+00:00'}]"
78cdf4c4-a02a-45ae-9003-117ab250921d,HMTWKH4T45,airbnb,HMTWKH4T45,2025-01-01T13:59:31Z,2025-02-14T00:00:00-06:00,2025-02-22T00:00:00-06:00,2025-02-14T16:00:00-06:00,2025-02-22T11:00:00-06:00,8,"{'current': {'category': 'cancelled', 'sub_category': None}, 'history': [{'category': 'accepted', 'sub_category': None, 'changed_at': '2025-01-01T13:59:45+00:00'}, {'category': 'cancelled', 'sub_category': None, 'changed_at': '2025-01-05T12:27:45+00:00'}]}",52a10340-f5ca-4f32-bf57-d38b1a3f040e,2025-01-01T14:01:18+00:00,"{'total': 1, 'adult_count': 1, 'child_count': 0, 'infant_count': 0, 'pet_count': 1}",cancelled,"[{'category': 'Accepted', 'status': 'accepted', 'changed_at': '2025-01-01T13:59:45+00:00'}, {'category': 'Cancelled', 'status': 'canceled', 'changed_at': '2025-01-05T12:27:45+00:00'}]"
136f1467-bcee-4cf9-b277-d209f7217dc3,HM2P3PZFQZ,airbnb,HM2P3PZFQZ,2025-01-05T20:21:12Z,2025-02-14T00:00:00-06:00,2025-02-22T00:00:00-06:00,2025-02-14T16:00:00-06:00,2025-02-22T11:00:00-06:00,8,"{'current': {'category': 'accepted', 'sub_category': None}, 'history': [{'category': 'accepted', 'sub_category': None, 'changed_at': '2025-01-05T20:21:24+00:00'}]}",415733f8-39f6-4f3b-8d41-aae393b355ec,2025-02-17T17:28:29+00:00,"{'total': 2, 'adult_count': 2, 'child_count': 0, 'infant_count': 0, 'pet_count': 1}",accepted,"[{'category': 'Accepted', 'status': 'accepted', 'changed_at': '2025-01-05T20:21:24+00:00'}]"
66d79bc5-92e7-4d90-87c3-15fa440c1e00,HMQ449PXBX,airbnb,HMQ449PXBX,2025-01-28T13:58:22Z,2025-02-15T00:00:00-06:00,2025-02-21T00:00:00-06:00,2025-02-15T16:00:00-06:00,2025-02-21T11:00:00-06:00,6,"{'current': {'category': 'accepted', 'sub_category': None}, 'history': [{'category': 'accepted', 'sub_category': None, 'changed_at': '2025-01-28T13:58:34+00:00'}]}",64a963f8-80c0-40de-8391-446ac3d9b03c,2025-02-16T18:22:14+00:00,"{'total': 2, 'adult_count': 2, 'child_count': 0, 'infant_count': 0, 'pet_count': 0}",accepted,"[{'category': 'Accepted', 'status': 'accepted', 'changed_at': '2025-01-28T13:58:34+00:00'}]"
f798e4e4-6a89-459d-81ff-b84ebeda0b9e,HME9X22RNQ,airbnb,HME9X22RNQ,2025-02-13T02:32:25Z,2025-02-16T00:00:00-06:00,2025-02-17T00:00:00-06:00,2025-02-16T16:00:00-06:00,2025-02-17T11:00:00-06:00,1,"{'current': {'category': 'accepted', 'sub_category': None}, 'history': [{'category': 'accepted', 'sub_category': None, 'changed_at': '2025-02-13T02:32:39+00:00'}]}",a6b9f192-be20-43dd-8bf2-c7c53bad521a,2025-02-16T18:00:21+00:00,"{'total': 4, 'adult_count': 2, 'child_count': 2, 'infant_count': 0, 'pet_count': 0}",accepted,"[{'category': 'Accepted', 'status': 'accepted', 'changed_at': '2025-02-13T02:32:39+00:00'}]"
f64e8602-9933-4d37-8a84-27b692293eed,HM95A2ZDTY,airbnb,HM95A2ZDTY,2025-02-17T13:51:51Z,2025-02-17T00:00:00-06:00,2025-02-20T00:00:00-06:00,2025-02-17T16:00:00-06:00,2025-02-20T11:00:00-06:00,3,"{'current': {'category': 'accepted', 'sub_category': None}, 'history': [{'category': 'accepted', 'sub_category': None, 'changed_at': '2025-02-17T13:52:05+00:00'}]}",4de588e0-2b19-4427-8b9c-9e93d38f0d21,2025-02-18T17:01:09+00:00,"{'total': 3, 'adult_count': 3, 'child_count': 0, 'infant_count': 0, 'pet_count': 0}",accepted,"[{'category': 'Accepted', 'status': 'accepted', 'changed_at': '2025-02-17T13:52:05+00:00'}]"
4064291a-6f9b-4641-99c6-246f483f9586,HM5Q2KWTSK,airbnb,HM5Q2KWTSK,2025-01-11T14:15:06Z,2025-02-13T00:00:00-06:00,2025-02-18T00:00:00-06:00,2025-02-13T16:00:00-06:00,2025-02-18T11:00:00-06:00,5,"{'current': {'category': 'cancelled', 'sub_category': None}, 'history': [{'category': 'accepted', 'sub_category': None, 'changed_at': '2025-01-11T14:15:18+00:00'}, {'category': 'cancelled', 'sub_category': None, 'changed_at': '2025-01-23T00:08:56+00:00'}]}",b4dd6db9-44f7-4a8f-9b6b-3f6af7f3ef3c,2025-01-30T00:28:12+00:00,"{'total': 4, 'adult_count': 4, 'child_count': 0, 'infant_count': 0, 'pet_count': 0}",cancelled,"[{'category': 'Accepted', 'status': 'accepted', 'changed_at': '2025-01-11T14:15:18+00:00'}, {'category': 'Cancelled', 'status': 'canceled', 'changed_at': '2025-01-23T00:08:56+00:00'}]"
115ddcf4-617d-4d28-ad0e-24f9f192731e,HMESRE22ZW,airbnb,HMESRE22ZW,2025-01-24T00:04:17Z,2025-02-14T00:00:00-06:00,2025-02-22T00:00:00-06:00,2025-02-14T16:00:00-06:00,2025-02-22T11:00:00-06:00,8,"{'current': {'category': 'accepted', 'sub_category': None}, 'history': [{'category': 'accepted', 'sub_category': None, 'changed_at': '2025-01-24T00:04:29+00:00'}]}",a7b352dc-6739-468f-a739-3d4d2e55319f,2025-02-16T01:52:27+00:00,"{'total': 2, 'adult_count': 2, 'child_count': 0, 'infant_count': 0, 'pet_count': 0}",accepted,"[{'category': 'Accepted', 'status': 'accepted', 'changed_at': '2025-01-24T00:04:29+00:00'}]"
bc2889d1-3345-4635-98df-1ae0df60cac9,HMEAZXKMPH,airbnb,HMEAZXKMPH,2025-01-18T18:12:02Z,2025-02-14T00:00:00-06:00,2025-02-20T00:00:00-06:00,2025-02-14T16:00:00-06:00,2025-02-20T11:00:00-06:00,6,"{'current': {'category': 'accepted', 'sub_category': None}, 'history': [{'category': 'accepted', 'sub_category': None, 'changed_at': '2025-01-18T18:12:15+00:00'}]}",fbe311ad-622a-4835-bf28-e563e19ac488,2025-02-15T17:14:49+00:00,"{'total': 3, 'adult_count': 2, 'child_count': 1, 'infant_count': 0, 'pet_count': 0}",accepted,"[{'category': 'Accepted', 'status': 'accepted', 'changed_at': '2025-01-18T18:12:15+00:00'}]"
b0a30e50-43d1-4df0-823a-9c9036becd67,RGVV6O,manual,RGVV6O,2025-02-14T16:40:24Z,2025-02-20T00:00:00-06:00,2025-02-21T00:00:00-06:00,2025-02-20T16:00:00-06:00,2025-02-21T11:00:00-06:00,1,"{'current': {'category': 'accepted', 'sub_category': None}, 'history': [{'category': 'accepted', 'sub_category': None, 'changed_at': '2025-02-14T16:40:24+00:00'}]}",d59c8873-cb0d-435e-93f2-49b0212d419f,2025-02-14T16:42:15+00:00,"{'total': 2, 'adult_count': 2, 'child_count': 0, 'infant_count': 0, 'pet_count': 0}",accepted,"[{'category': 'Accepted', 'status': 'accepted', 'changed_at': '2025-02-14T16:40:24+00:00'}]"
756eb472-1607-4acb-9855-67e62b89aace,HMM5P2C8HW,airbnb,HMM5P2C8HW,2025-01-03T03:54:18Z,2025-02-13T00:00:00-06:00,2025-02-17T00:00:00-06:00,2025-02-13T16:00:00-06:00,2025-02-17T11:00:00-06:00,4,"{'current': {'category': 'accepted', 'sub_category': None}, 'history': [{'category': 'accepted', 'sub_category': None, 'changed_at': '2025-01-03T03:54:30+00:00'}]}",e20fa737-003a-40cb-b7ac-4831b0ab87f3,2025-02-15T18:00:05+00:00,"{'total': 3, 'adult_count': 3, 'child_count': 0, 'infant_count': 0, 'pet_count': 0}",accepted,"[{'category': 'Accepted', 'status': 'accepted', 'changed_at': '2025-01-03T03:54:30+00:00'}]"
7c0abe49-cc69-469a-a6c6-fe5689ac46ff,HMBZFCFNWZ,airbnb,HMBZFCFNWZ,2025-01-16T20:59:05Z,2025-02-19T00:00:00-06:00,2025-02-22T00:00:00-06:00,2025-02-19T16:00:00-06:00,2025-02-22T11:00:00-06:00,3,"{'current': {'category': 'accepted', 'sub_category': None}, 'history': [{'category': 'accepted', 'sub_category': None, 'changed_at': '2025-01-16T20:59:19+00:00'}]}",b48be911-1ae0-437e-bc22-2f3e157f0cf1,2025-02-18T04:46:32+00:00,"{'total': 4, 'adult_count': 4, 'child_count': 0, 'infant_count': 0, 'pet_count': 0}",accepted,"[{'category': 'Accepted', 'status': 'accepted', 'changed_at': '2025-01-16T20:59:19+00:00'}]"
fe6cac3d-f550-4251-bfae-077cf2817b64,HMFWEEJAEB,airbnb,HMFWEEJAEB,2025-02-14T06:27:33Z,2025-02-17T00:00:00-06:00,2025-02-19T00:00:00-06:00,2025-02-17T16:00:00-06:00,2025-02-19T11:00:00-06:00,2,"{'current': {'category': 'accepted', 'sub_category': None}, 'history': [{'category': 'accepted', 'sub_category': None, 'changed_at': '2025-02-14T06:27:45+00:00'}]}",752759fb-e093-4a32-ba77-b26f8e1fef6d,2025-02-18T18:24:39+00:00,"{'total': 1, 'adult_count': 1, 'child_count': 0, 'infant_count': 0, 'pet_count': 0}",accepted,"[{'category': 'Accepted', 'status': 'accepted', 'changed_at': '2025-02-14T06:27:45+00:00'}]"
aa5ecc47-5e44-49cd-975f-ec44e5245fb7,HMYX8YQSDQ,airbnb,HMYX8YQSDQ,2025-02-16T22:08:48Z,2025-02-16T00:00:00-06:00,2025-02-20T00:00:00-06:00,2025-02-16T16:00:00-06:00,2025-02-20T11:00:00-06:00,4,"{'current': {'category': 'accepted', 'sub_category': None}, 'history': [{'category': 'accepted', 'sub_category': None, 'changed_at': '2025-02-16T22:09:00+00:00'}]}",74469787-b27f-4d3b-b7d4-49a09b68d8a6,2025-02-18T01:49:31+00:00,"{'total': 3, 'adult_count': 3, 'child_count': 0, 'infant_count': 0, 'pet_count': 0}",accepted,"[{'category': 'Accepted', 'status': 'accepted', 'changed_at': '2025-02-16T22:09:00+00:00'}]"
a37e9f8e-e056-47b5-bdca-1bf499ad0b66,HMR85WM549,airbnb,HMR85WM549,2025-01-22T02:29:37Z,2025-02-21T00:00:00-06:00,2025-02-23T00:00:00-06:00,2025-02-21T16:00:00-06:00,2025-02-23T11:00:00-06:00,2,"{'current': {'category': 'accepted', 'sub_category': None}, 'history': [{'category': 'accepted', 'sub_category': None, 'changed_at': '2025-01-22T02:29:50+00:00'}]}",51f38116-a02d-4d0b-8555-28a60e5621ca,2025-02-16T22:00:18+00:00,"{'total': 4, 'adult_count': 4, 'child_count': 0, 'infant_count': 0, 'pet_count': 0}",accepted,"[{'category': 'Accepted', 'status': 'accepted', 'changed_at': '2025-01-22T02:29:50+00:00'}]"
e55852f7-3cf5-4364-b3fd-1211afc26de3,HM8WJPEFRA,airbnb,HM8WJPEFRA,2025-01-25T00:14:38Z,2025-02-13T00:00:00-06:00,2025-02-17T00:00:00-06:00,2025-02-13T16:00:00-06:00,2025-02-17T11:00:00-06:00,4,"{'current': {'category': 'accepted', 'sub_category': None}, 'history': [{'category': 'accepted', 'sub_category': None, 'changed_at': '2025-01-25T00:14:50+00:00'}]}",c5cc4d90-9684-47be-bb73-9896aaab9a9d,2025-02-15T19:27:51+00:00,"{'total': 4, 'adult_count': 4, 'child_count': 0, 'infant_count': 0, 'pet_count': 0}",accepted,"[{'category': 'Accepted', 'status': 'accepted', 'changed_at': '2025-01-25T00:14:50+00:00'}]"
208c35dd-13e9-4802-841f-a08cc99e857e,HM4CNJMB54,airbnb,HM4CNJMB54,2025-02-16T17:56:18Z,2025-02-17T00:00:00-06:00,2025-02-18T00:00:00-06:00,2025-02-17T16:00:00-06:00,2025-02-18T11:00:00-06:00,1,"{'current': {'category': 'accepted', 'sub_category': None}, 'history': [{'category': 'accepted', 'sub_category': None, 'changed_at': '2025-02-16T17:56:29+00:00'}]}",293851eb-28f8-46ff-a5ea-d1057056b308,2025-02-18T17:35:15+00:00,"{'total': 2, 'adult_count': 2, 'child_count': 0, 'infant_count': 0, 'pet_count': 0}",accepted,"[{'category': 'Accepted', 'status': 'accepted', 'changed_at': '2025-02-16T17:56:29+00:00'}]"
82d64ebb-7e64-4c3d-92e8-97112030b7ed,HMFJNP5SDE,airbnb,HMFJNP5SDE,2025-02-17T17:26:54Z,2025-02-18T00:00:00-06:00,2025-02-19T00:00:00-06:00,2025-02-18T16:00:00-06:00,2025-02-19T11:00:00-06:00,1,"{'current': {'category': 'accepted', 'sub_category': None}, 'history': [{'category': 'accepted', 'sub_category': None, 'changed_at': '2025-02-17T17:27:09+00:00'}]}",254c24e7-712a-487c-9977-c7da7aaad82e,2025-02-17T17:28:21+00:00,"{'total': 4, 'adult_count': 2, 'child_count': 2, 'infant_count': 0, 'pet_count': 0}",accepted,"[{'category': 'Accepted', 'status': 'accepted', 'changed_at': '2025-02-17T17:27:09+00:00'}]"
ce222171-c352-4768-90b2-da7cce4834fd,HMZKEE55S9,airbnb,HMZKEE55S9,2025-02-18T06:13:27Z,2025-02-20T00:00:00-06:00,2025-02-21T00:00:00-06:00,2025-02-20T16:00:00-06:00,2025-02-21T11:00:00-06:00,1,"{'current': {'category': 'accepted', 'sub_category': None}, 'history': [{'category': 'accepted', 'sub_category': None, 'changed_at': '2025-02-18T06:13:41+00:00'}]}",d4608540-00a7-4222-9158-c48f47d0683e,2025-02-18T16:45:46+00:00,"{'total': 2, 'adult_count': 2, 'child_count': 0, 'infant_count': 0, 'pet_count': 0}",accepted,"[{'category': 'Accepted', 'status': 'accepted', 'changed_at': '2025-02-18T06:13:41+00:00'}]"
9c07d180-0b6d-4393-9b1a-50daa5e77ed6,HMC2QMKD44,airbnb,HMC2QMKD44,2025-02-15T21:00:41Z,2025-02-15T00:00:00-06:00,2025-02-17T00:00:00-06:00,2025-02-15T16:00:00-06:00,2025-02-17T11:00:00-06:00,2,"{'current': {'category': 'accepted', 'sub_category': None}, 'history': [{'category': 'accepted', 'sub_category': None, 'changed_at': '2025-02-15T21:00:53+00:00'}]}",b6aadc90-212f-4673-b467-a2172dd1ba9f,2025-02-17T20:45:47+00:00,"{'total': 3, 'adult_count': 3, 'child_count': 0, 'infant_count': 0, 'pet_count': 0}",accepted,"[{'category': 'Accepted', 'status': 'accepted', 'changed_at': '2025-02-15T21:00:53+00:00'}]"
c1263e63-2fe3-406a-9b35-f8dbe97e773e,HMHEAMJBD3,airbnb,HMHEAMJBD3,2025-01-31T12:29:10Z,2025-02-07T00:00:00-06:00,2025-02-23T00:00:00-06:00,2025-02-07T16:00:00-06:00,2025-02-23T11:00:00-06:00,16,"{'current': {'category': 'cancelled', 'sub_category': None}, 'history': [{'category': 'accepted', 'sub_category': None, 'changed_at': '2025-01-31T12:29:24+00:00'}, {'category': 'cancelled', 'sub_category': None, 'changed_at': '2025-02-07T16:17:18+00:00'}]}",087e5cf9-20ec-44db-b003-7e92d3a0aa84,2025-02-07T16:26:53+00:00,"{'total': 1, 'adult_count': 1, 'child_count': 0, 'infant_count': 0, 'pet_count': 0}",cancelled,"[{'category': 'Accepted', 'status': 'accepted', 'changed_at': '2025-01-31T12:29:24+00:00'}, {'category': 'Cancelled', 'status': 'canceled', 'changed_at': '2025-02-07T16:17:18+00:00'}]"
83adff53-7f50-4002-8029-ca712b170b7d,HMJJHY88E3,airbnb,HMJJHY88E3,2025-02-11T01:58:55Z,2025-02-11T00:00:00-06:00,2025-02-17T00:00:00-06:00,2025-02-11T16:00:00-06:00,2025-02-17T11:00:00-06:00,6,"{'current': {'category': 'accepted', 'sub_category': None}, 'history': [{'category': 'unknown', 'sub_category': None, 'changed_at': '2025-02-11T01:50:28+00:00'}, {'category': 'request', 'sub_category': 'request to book', 'changed_at': '2025-02-11T01:53:03+00:00'}, {'category': 'accepted', 'sub_category': None, 'changed_at': '2025-02-11T01:59:08+00:00'}]}",b41af98c-0a2c-43b1-897e-de46058bbadd,2025-02-17T14:26:59+00:00,"{'total': 1, 'adult_count': 1, 'child_count': 0, 'infant_count': 0, 'pet_count': 0}",accepted,"[{'category': 'Checkpoint', 'status': 'checkpoint', 'changed_at': '2025-02-11T01:50:28+00:00'}, {'category': 'Pending', 'status': 'pending', 'changed_at': '2025-02-11T01:53:03+00:00'}, {'category': 'Accepted', 'status': 'accepted', 'changed_at': '2025-02-11T01:59:08+00:00'}]"
2334245a-5ad9-438b-8e52-852593232c0d,HMX4E9P2AW,airbnb,HMX4E9P2AW,2025-02-11T13:28:38Z,2025-02-11T00:00:00-06:00,2025-02-19T00:00:00-06:00,2025-02-11T16:00:00-06:00,2025-02-19T11:00:00-06:00,8,"{'current': {'category': 'accepted', 'sub_category': None}, 'history': [{'category': 'accepted', 'sub_category': None, 'changed_at': '2025-02-11T13:28:50+00:00'}]}",fdd0ab10-f1ef-46bf-91f7-80d427cd07d3,2025-02-14T16:14:35+00:00,"{'total': 3, 'adult_count': 3, 'child_count': 0, 'infant_count': 0, 'pet_count': 0}",accepted,"[{'category': 'Accepted', 'status': 'accepted', 'changed_at': '2025-02-11T13:28:50+00:00'}]"
e710d213-376b-47a3-83cd-b08be8df5cdc,HMY3RHYFE8,airbnb,HMY3RHYFE8,2025-01-20T01:54:28Z,2025-02-13T00:00:00-06:00,2025-02-17T00:00:00-06:00,2025-02-13T16:00:00-06:00,2025-02-17T11:00:00-06:00,4,"{'current': {'category': 'accepted', 'sub_category': None}, 'history': [{'category': 'accepted', 'sub_category': None, 'changed_at': '2025-01-20T01:54:41+00:00'}]}",0371ad8e-e172-42c8-9eba-b29329dba7f1,2025-02-14T19:56:25+00:00,"{'total': 3, 'adult_count': 3, 'child_count': 0, 'infant_count': 0, 'pet_count': 0}",accepted,"[{'category': 'Accepted', 'status': 'accepted', 'changed_at': '2025-01-20T01:54:41+00:00'}]"
e7a22119-0cb1-4397-9d3f-e7a201329a3a,HMC9QBNCWW,airbnb,HMC9QBNCWW,2025-02-15T15:07:09Z,2025-02-17T00:00:00-06:00,2025-02-21T00:00:00-06:00,2025-02-17T16:00:00-06:00,2025-02-21T11:00:00-06:00,4,"{'current': {'category': 'accepted', 'sub_category': None}, 'history': [{'category': 'accepted', 'sub_category': None, 'changed_at': '2025-02-15T15:07:21+00:00'}]}",da283ec0-7421-404a-97ce-3f6f774a26fd,2025-02-18T17:56:14+00:00,"{'total': 2, 'adult_count': 2, 'child_count': 0, 'infant_count': 0, 'pet_count': 0}",accepted,"[{'category': 'Accepted', 'status': 'accepted', 'changed_at': '2025-02-15T15:07:21+00:00'}]"
4124097e-0f5f-489b-b018-ddc282d47804,HMWQHNYF2B,airbnb,HMWQHNYF2B,2025-02-12T17:10:42Z,2025-02-14T00:00:00-06:00,2025-02-17T00:00:00-06:00,2025-02-14T16:00:00-06:00,2025-02-17T10:00:00-06:00,3,"{'current': {'category': 'accepted', 'sub_category': None}, 'history': [{'category': 'request', 'sub_category': 'request to book', 'changed_at': '2025-02-12T13:03:59+00:00'}, {'category': 'accepted', 'sub_category': None, 'changed_at': '2025-02-12T17:10:54+00:00'}]}",39361048-16b8-4b05-b072-62f5bcee0c7d,2025-02-17T20:17:40+00:00,"{'total': 2, 'adult_count': 2, 'child_count': 0, 'infant_count': 0, 'pet_count': 0}",accepted,"[{'category': 'Pending', 'status': 'pending', 'changed_at': '2025-02-12T13:03:59+00:00'}, {'category': 'Accepted', 'status': 'accepted', 'changed_at': '2025-02-12T17:10:54+00:00'}]"
d51f2077-9fc9-49da-b142-864f658d7ef5,HMPDAKERA3,airbnb,HMPDAKERA3,2025-02-17T16:36:13Z,2025-02-20T00:00:00-06:00,2025-02-23T00:00:00-06:00,2025-02-20T16:00:00-06:00,2025-02-23T10:00:00-06:00,3,"{'current': {'category': 'not accepted', 'sub_category': 'declined'}, 'history': [{'category': 'request', 'sub_category': 'request to book', 'changed_at': '2025-02-16T18:42:28+00:00'}, {'category': 'not accepted', 'sub_category': 'declined', 'changed_at': '2025-02-17T16:36:24+00:00'}]}",5b359d39-aa94-4365-a41f-6dab117e51b9,2025-02-17T16:26:46+00:00,"{'total': 2, 'adult_count': 2, 'child_count': 0, 'infant_count': 0, 'pet_count': 0}",denied,"[{'category': 'Pending', 'status': 'pending', 'changed_at': '2025-02-16T18:42:28+00:00'}, {'category': 'Denied', 'status': 'declined', 'changed_at': '2025-02-17T16:36:24+00:00'}]"
2142b672-ce78-442e-97f5-48358208cfde,HMASXNQHMD,airbnb,HMASXNQHMD,2025-02-17T22:10:54Z,2025-02-20T00:00:00-06:00,2025-02-23T00:00:00-06:00,2025-02-20T16:00:00-06:00,2025-02-23T10:00:00-06:00,3,"{'current': {'category': 'accepted', 'sub_category': None}, 'history': [{'category': 'request', 'sub_category': 'request to book', 'changed_at': '2025-02-17T22:06:02+00:00'}, {'category': 'accepted', 'sub_category': None, 'changed_at': '2025-02-17T22:11:06+00:00'}]}",4d15171f-4874-444f-b433-8a0309b90148,2025-02-18T17:57:34+00:00,"{'total': 2, 'adult_count': 2, 'child_count': 0, 'infant_count': 0, 'pet_count': 0}",accepted,"[{'category': 'Pending', 'status': 'pending', 'changed_at': '2025-02-17T22:06:02+00:00'}, {'category': 'Accepted', 'status': 'accepted', 'changed_at': '2025-02-17T22:11:06+00:00'}]"
82eaa774-ae50-4671-a11c-245d1b4fd521,HMWD5WERMH,airbnb,HMWD5WERMH,2025-02-13T17:37:08Z,2025-02-13T00:00:00-06:00,2025-02-17T00:00:00-06:00,2025-02-13T16:00:00-06:00,2025-02-17T10:00:00-06:00,4,"{'current': {'category': 'not accepted', 'sub_category': 'declined'}, 'history': [{'category': 'unknown', 'sub_category': None, 'changed_at': '2025-02-13T00:42:38+00:00'}, {'category': 'request', 'sub_category': 'request to book', 'changed_at': '2025-02-13T00:46:14+00:00'}, {'category': 'not accepted', 'sub_category': 'declined', 'changed_at': '2025-02-13T17:37:22+00:00'}]}",f506ef8c-32e3-4620-828e-88a53a6c35cd,2025-02-13T00:50:18+00:00,"{'total': 2, 'adult_count': 2, 'child_count': 0, 'infant_count': 0, 'pet_count': 0}",denied,"[{'category': 'Checkpoint', 'status': 'checkpoint', 'changed_at': '2025-02-13T00:42:38+00:00'}, {'category': 'Pending', 'status': 'pending', 'changed_at': '2025-02-13T00:46:14+00:00'}, {'category': 'Denied', 'status': 'declined', 'changed_at': '2025-02-13T17:37:22+00:00'}]"
7c11c649-891d-4637-bb34-df23ccf354ab,HM9SF5AJNH,airbnb,HM9SF5AJNH,2025-02-14T04:12:37Z,2025-02-13T00:00:00-06:00,2025-02-17T00:00:00-06:00,2025-02-13T16:00:00-06:00,2025-02-17T10:00:00-06:00,4,"{'current': {'category': 'not accepted', 'sub_category': 'declined'}, 'history': [{'category': 'request', 'sub_category': 'request to book', 'changed_at': '2025-02-13T21:00:43+00:00'}, {'category': 'not accepted', 'sub_category': 'declined', 'changed_at': '2025-02-14T04:12:49+00:00'}]}",80e59b1a-b7bc-4a52-9a40-3cde361e0cba,2025-02-14T17:24:31+00:00,"{'total': 1, 'adult_count': 1, 'child_count': 0, 'infant_count': 0, 'pet_count': 0}",denied,"[{'category': 'Pending', 'status': 'pending', 'changed_at': '2025-02-13T21:00:43+00:00'}, {'category': 'Denied', 'status': 'declined', 'changed_at': '2025-02-14T04:12:49+00:00'}]"
c68298cf-f6e3-4b02-b93a-436dbdc3aad3,HMBPEDQMM3,airbnb,HMBPEDQMM3,,2025-02-14T00:00:00-06:00,2025-02-18T00:00:00-06:00,2025-02-14T16:00:00-06:00,2025-02-18T10:00:00-06:00,4,"{'current': {'category': 'not accepted', 'sub_category': 'expired'}, 'history': [{'category': 'request', 'sub_category': 'request to book', 'changed_at': '2025-02-14T05:33:38+00:00'}, {'category': 'not accepted', 'sub_category': 'expired', 'changed_at': '2025-02-14T17:07:36+00:00'}]}",f24210bb-ee97-415f-9edc-99586a3f3f2a,2025-02-14T05:33:27+00:00,"{'total': 2, 'adult_count': 2, 'child_count': 0, 'infant_count': 0, 'pet_count': 0}",cancelled,"[{'category': 'Pending', 'status': 'pending', 'changed_at': '2025-02-14T05:33:38+00:00'}, {'category': 'Cancelled', 'status': 'pending_voided', 'changed_at': '2025-02-14T17:07:36+00:00'}]"
8ae65698-3cbc-4770-9a10-6887cb7a35b9,HMZ9MKNY4A,airbnb,HMZ9MKNY4A,2025-02-14T19:32:47Z,2025-02-14T00:00:00-06:00,2025-02-21T00:00:00-06:00,2025-02-14T16:00:00-06:00,2025-02-21T10:00:00-06:00,7,"{'current': {'category': 'not accepted', 'sub_category': 'declined'}, 'history': [{'category': 'not accepted', 'sub_category': 'declined', 'changed_at': '2025-02-14T19:33:02+00:00'}]}",d36c6e71-bf60-480a-9fb9-b52e11a0b038,2025-02-14T19:37:29+00:00,"{'total': 2, 'adult_count': 2, 'child_count': 0, 'infant_count': 0, 'pet_count': 0}",denied,"[{'category': 'Denied', 'status': 'declined', 'changed_at': '2025-02-14T19:33:02+00:00'}]"
6cc682b4-8f7e-463f-a506-3bb2982d1fc1,HMYMZDP4SA,airbnb,HMYMZDP4SA,2025-02-17T05:13:52Z,2025-02-18T00:00:00-06:00,2025-02-22T00:00:00-06:00,2025-02-18T16:00:00-06:00,2025-02-22T10:00:00-06:00,4,"{'current': {'category': 'accepted', 'sub_category': None}, 'history': [{'category': 'request', 'sub_category': 'request to book', 'changed_at': '2025-02-16T22:08:08+00:00'}, {'category': 'accepted', 'sub_category': None, 'changed_at': '2025-02-17T05:14:05+00:00'}]}",ac476489-b230-4e10-839b-791cf658509f,2025-02-18T16:39:27+00:00,"{'total': 2, 'adult_count': 2, 'child_count': 0, 'infant_count': 0, 'pet_count': 0}",accepted,"[{'category': 'Pending', 'status': 'pending', 'changed_at': '2025-02-16T22:08:08+00:00'}, {'category': 'Accepted', 'status': 'accepted', 'changed_at': '2025-02-17T05:14:05+00:00'}]"
48987ce5-8882-4aa4-9f63-84f04cf95ee1,HMMDMWCJSW,airbnb,HMMDMWCJSW,2025-02-14T20:48:34Z,2025-02-17T00:00:00-06:00,2025-02-22T00:00:00-06:00,2025-02-17T16:00:00-06:00,2025-02-22T10:00:00-06:00,5,"{'current': {'category': 'cancelled', 'sub_category': None}, 'history': [{'category': 'request', 'sub_category': 'request to book', 'changed_at': '2025-02-14T19:40:08+00:00'}, {'category': 'accepted', 'sub_category': None, 'changed_at': '2025-02-14T20:48:48+00:00'}, {'category': 'cancelled', 'sub_category': None, 'changed_at': '2025-02-14T21:35:32+00:00'}]}",b26487cb-80a3-4b04-80be-09201d35221b,2025-02-14T20:50:25+00:00,"{'total': 1, 'adult_count': 1, 'child_count': 0, 'infant_count': 0, 'pet_count': 0}",cancelled,"[{'category': 'Pending', 'status': 'pending', 'changed_at': '2025-02-14T19:40:08+00:00'}, {'category': 'Accepted', 'status': 'accepted', 'changed_at': '2025-02-14T20:48:48+00:00'}, {'category': 'Cancelled', 'status': 'canceled', 'changed_at': '2025-02-14T21:35:32+00:00'}]"
ab9a678b-9a5c-422c-bc0e-1ea2621c0279,HMAR8FD9BX,airbnb,HMAR8FD9BX,2025-02-15T19:07:43Z,2025-02-15T00:00:00-06:00,2025-02-19T00:00:00-06:00,2025-02-15T16:00:00-06:00,2025-02-19T10:00:00-06:00,4,"{'current': {'category': 'accepted', 'sub_category': None}, 'history': [{'category': 'request', 'sub_category': 'request to book', 'changed_at': '2025-02-15T16:36:10+00:00'}, {'category': 'accepted', 'sub_category': None, 'changed_at': '2025-02-15T19:07:55+00:00'}]}",831817f4-1820-40ae-b496-3e2e755ed47c,2025-02-18T16:01:10+00:00,"{'total': 1, 'adult_count': 1, 'child_count': 0, 'infant_count': 0, 'pet_count': 0}",accepted,"[{'category': 'Pending', 'status': 'pending', 'changed_at': '2025-02-15T16:36:10+00:00'}, {'category': 'Accepted', 'status': 'accepted', 'changed_at': '2025-02-15T19:07:55+00:00'}]"
f2d933ea-0891-49c3-9594-3e546ecf97da,HMKWWBQCNJ,airbnb,HMKWWBQCNJ,2025-01-19T19:42:52Z,2025-02-15T00:00:00-06:00,2025-02-22T00:00:00-06:00,2025-02-15T16:00:00-06:00,2025-02-22T10:00:00-06:00,7,"{'current': {'category': 'not accepted', 'sub_category': 'declined'}, 'history': [{'category': 'request', 'sub_category': 'request to book', 'changed_at': '2025-01-19T18:50:11+00:00'}, {'category': 'not accepted', 'sub_category': 'declined', 'changed_at': '2025-01-19T19:43:03+00:00'}]}",074db1f2-3035-48ba-bb62-2f595ef00ac3,2025-01-19T19:43:22+00:00,"{'total': 2, 'adult_count': 2, 'child_count': 0, 'infant_count': 0, 'pet_count': 0}",denied,"[{'category': 'Pending', 'status': 'pending', 'changed_at': '2025-01-19T18:50:11+00:00'}, {'category': 'Denied', 'status': 'declined', 'changed_at': '2025-01-19T19:43:03+00:00'}]"
aae57d1e-5909-47d6-acf9-ebfc875f0764,HMDH93TZHF,airbnb,HMDH93TZHF,2025-02-08T15:50:22Z,2025-02-17T00:00:00-06:00,2025-02-22T00:00:00-06:00,2025-02-17T16:00:00-06:00,2025-02-22T10:00:00-06:00,5,"{'current': {'category': 'accepted', 'sub_category': None}, 'history': [{'category': 'request', 'sub_category': 'request to book', 'changed_at': '2025-02-07T17:44:04+00:00'}, {'category': 'accepted', 'sub_category': None, 'changed_at': '2025-02-08T15:50:33+00:00'}]}",24bd4b4f-408e-4943-8933-358f2292be46,2025-02-18T17:00:30+00:00,"{'total': 1, 'adult_count': 1, 'child_count': 0, 'infant_count': 0, 'pet_count': 0}",accepted,"[{'category': 'Pending', 'status': 'pending', 'changed_at': '2025-02-07T17:44:04+00:00'}, {'category': 'Accepted', 'status': 'accepted', 'changed_at': '2025-02-08T15:50:33+00:00'}]"
bb9f434a-7bb6-4005-9008-724ef44115d5,HMMA9Q45A5,airbnb,HMMA9Q45A5,2025-02-08T17:15:08Z,2025-02-15T00:00:00-06:00,2025-02-17T00:00:00-06:00,2025-02-15T16:00:00-06:00,2025-02-17T10:00:00-06:00,2,"{'current': {'category': 'accepted', 'sub_category': None}, 'history': [{'category': 'request', 'sub_category': 'request to book', 'changed_at': '2025-02-08T04:16:40+00:00'}, {'category': 'accepted', 'sub_category': None, 'changed_at': '2025-02-08T17:15:21+00:00'}]}",3b6fb57e-5504-4d0f-8f65-88b59e84dc9d,2025-02-16T17:00:49+00:00,"{'total': 2, 'adult_count': 2, 'child_count': 0, 'infant_count': 0, 'pet_count': 0}",accepted,"[{'category': 'Pending', 'status': 'pending', 'changed_at': '2025-02-08T04:16:40+00:00'}, {'category': 'Accepted', 'status': 'accepted', 'changed_at': '2025-02-08T17:15:21+00:00'}]"
6afc337b-f360-44d7-9f5f-eaf1cd154e76,HMCE2EXTYR,airbnb,HMCE2EXTYR,2025-02-14T22:58:06Z,2025-02-16T00:00:00-06:00,2025-02-19T00:00:00-06:00,2025-02-16T16:00:00-06:00,2025-02-19T11:00:00-06:00,3,"{'current': {'category': 'accepted', 'sub_category': None}, 'history': [{'category': 'accepted', 'sub_category': None, 'changed_at': '2025-02-14T22:58:19+00:00'}]}",304ae9b5-d338-4aed-b2b0-65f0492f8c66,2025-02-18T04:33:50+00:00,"{'total': 4, 'adult_count': 4, 'child_count': 0, 'infant_count': 0, 'pet_count': 0}",accepted,"[{'category': 'Accepted', 'status': 'accepted', 'changed_at': '2025-02-14T22:58:19+00:00'}]"
0f5cd8ef-7473-4df3-9254-eae796e50703,HMHKN4JK4J,airbnb,HMHKN4JK4J,2025-01-10T01:21:41Z,2025-02-08T00:00:00-06:00,2025-02-17T00:00:00-06:00,2025-02-08T16:00:00-06:00,2025-02-17T11:00:00-06:00,9,"{'current': {'category': 'accepted', 'sub_category': None}, 'history': [{'category': 'accepted', 'sub_category': None, 'changed_at': '2025-01-10T01:21:54+00:00'}]}",52048717-b825-455a-9452-fde1cfae6a22,2025-02-09T19:19:35+00:00,"{'total': 2, 'adult_count': 2, 'child_count': 0, 'infant_count': 0, 'pet_count': 0}",accepted,"[{'category': 'Accepted', 'status': 'accepted', 'changed_at': '2025-01-10T01:21:54+00:00'}]"
3cac9225-499c-4a5a-b0ae-03af76d0ab26,HMP5Z4AK8K,airbnb,HMP5Z4AK8K,2025-02-06T15:34:47Z,2025-02-15T00:00:00-06:00,2025-02-18T00:00:00-06:00,2025-02-15T16:00:00-06:00,2025-02-18T11:00:00-06:00,3,"{'current': {'category': 'accepted', 'sub_category': None}, 'history': [{'category': 'accepted', 'sub_category': None, 'changed_at': '2025-02-06T15:35:00+00:00'}]}",a99741c4-2e95-4450-a83c-62d237e76120,2025-02-18T18:46:00+00:00,"{'total': 6, 'adult_count': 4, 'child_count': 2, 'infant_count': 0, 'pet_count': 0}",accepted,"[{'category': 'Accepted', 'status': 'accepted', 'changed_at': '2025-02-06T15:35:00+00:00'}]"
ac7e7912-cb5f-49c0-ba2e-dd4062573569,HMX4M4P8D3,airbnb,HMX4M4P8D3,2025-02-17T19:46:45Z,2025-02-18T00:00:00-06:00,2025-02-19T00:00:00-06:00,2025-02-18T16:00:00-06:00,2025-02-19T11:00:00-06:00,1,"{'current': {'category': 'accepted', 'sub_category': None}, 'history': [{'category': 'accepted', 'sub_category': None, 'changed_at': '2025-02-17T19:46:57+00:00'}]}",1ffe5fb2-8ef8-4f4d-963f-51d61bb4ed51,2025-02-18T18:32:41+00:00,"{'total': 3, 'adult_count': 3, 'child_count': 0, 'infant_count': 0, 'pet_count': 0}",accepted,"[{'category': 'Accepted', 'status': 'accepted', 'changed_at': '2025-02-17T19:46:57+00:00'}]"
bdce3afa-d718-430e-8138-9101e8d82fe1,HMD54Z98CD,airbnb,HMD54Z98CD,2025-02-11T03:25:01Z,2025-02-13T00:00:00-06:00,2025-02-19T00:00:00-06:00,2025-02-13T16:00:00-06:00,2025-02-19T11:00:00-06:00,6,"{'current': {'category': 'accepted', 'sub_category': None}, 'history': [{'category': 'accepted', 'sub_category': None, 'changed_at': '2025-02-11T03:25:14+00:00'}]}",b50d312d-ad4e-4c3d-9ee7-3f7e5c35ad85,2025-02-14T17:01:23+00:00,"{'total': 2, 'adult_count': 2, 'child_count': 0, 'infant_count': 0, 'pet_count': 0}",accepted,"[{'category': 'Accepted', 'status': 'accepted', 'changed_at': '2025-02-11T03:25:14+00:00'}]"
9873cd37-63ce-410a-9626-6aafb767aa1a,HMKBQCRBD3,airbnb,HMKBQCRBD3,2025-01-02T18:55:34Z,2025-02-03T00:00:00-06:00,2025-02-17T00:00:00-06:00,2025-02-03T16:00:00-06:00,2025-02-17T11:00:00-06:00,14,"{'current': {'category': 'cancelled', 'sub_category': None}, 'history': [{'category': 'accepted', 'sub_category': None, 'changed_at': '2025-01-02T18:55:47+00:00'}, {'category': 'cancelled', 'sub_category': None, 'changed_at': '2025-01-11T14:09:49+00:00'}]}",1a550e71-a5e1-4bb6-a74f-18df200fe7c0,2025-01-11T16:20:25+00:00,"{'total': 2, 'adult_count': 2, 'child_count': 0, 'infant_count': 0, 'pet_count': 0}",cancelled,"[{'category': 'Accepted', 'status': 'accepted', 'changed_at': '2025-01-02T18:55:47+00:00'}, {'category': 'Cancelled', 'status': 'canceled', 'changed_at': '2025-01-11T14:09:49+00:00'}]"
afe723c8-d507-4513-ab86-080d78627bbd,HM8QJ2HB4S,airbnb,HM8QJ2HB4S,2025-01-19T03:02:07Z,2025-02-13T00:00:00-06:00,2025-02-17T00:00:00-06:00,2025-02-13T16:00:00-06:00,2025-02-17T11:00:00-06:00,4,"{'current': {'category': 'accepted', 'sub_category': None}, 'history': [{'category': 'accepted', 'sub_category': None, 'changed_at': '2025-01-19T03:02:20+00:00'}]}",82613cd8-00f0-44b6-9313-fca2cdd67034,2025-02-17T21:56:03+00:00,"{'total': 4, 'adult_count': 4, 'child_count': 0, 'infant_count': 0, 'pet_count': 0}",accepted,"[{'category': 'Accepted', 'status': 'accepted', 'changed_at': '2025-01-19T03:02:20+00:00'}]"
18550b1a-1154-4456-965a-bad544bb5831,HMX8KZW8T3,airbnb,HMX8KZW8T3,2025-02-16T07:09:24Z,2025-02-17T00:00:00-06:00,2025-02-18T00:00:00-06:00,2025-02-17T16:00:00-06:00,2025-02-18T11:00:00-06:00,1,"{'current': {'category': 'accepted', 'sub_category': None}, 'history': [{'category': 'accepted', 'sub_category': None, 'changed_at': '2025-02-16T07:09:36+00:00'}]}",31777731-29aa-477d-a669-d3ae1e867b1d,2025-02-18T16:45:17+00:00,"{'total': 4, 'adult_count': 4, 'child_count': 0, 'infant_count': 0, 'pet_count': 0}",accepted,"[{'category': 'Accepted', 'status': 'accepted', 'changed_at': '2025-02-16T07:09:36+00:00'}]"
6bd31b15-19e5-443e-872e-983fbf4072ad,HMWKKB8C92,airbnb,HMWKKB8C92,2025-02-18T00:13:24Z,2025-02-18T00:00:00-06:00,2025-02-20T00:00:00-06:00,2025-02-18T16:00:00-06:00,2025-02-20T11:00:00-06:00,2,"{'current': {'category': 'accepted', 'sub_category': None}, 'history': [{'category': 'accepted', 'sub_category': None, 'changed_at': '2025-02-18T00:13:37+00:00'}]}",a184cbda-f802-4842-b05d-ed81273a56fa,2025-02-18T19:25:43+00:00,"{'total': 2, 'adult_count': 2, 'child_count': 0, 'infant_count': 0, 'pet_count': 0}",accepted,"[{'category': 'Accepted', 'status': 'accepted', 'changed_at': '2025-02-18T00:13:37+00:00'}]"
d45b0720-0fd3-4e0f-97f0-5c474fc85c1e,HMWMJD32YA,airbnb,HMWMJD32YA,2025-01-15T23:29:48Z,2025-02-15T00:00:00-06:00,2025-02-17T00:00:00-06:00,2025-02-15T16:00:00-06:00,2025-02-17T11:00:00-06:00,2,"{'current': {'category': 'accepted', 'sub_category': None}, 'history': [{'category': 'accepted', 'sub_category': None, 'changed_at': '2025-01-15T23:30:01+00:00'}]}",3c8d3f82-b138-4684-aa7d-04828f3e022a,2025-02-16T17:12:10+00:00,"{'total': 4, 'adult_count': 4, 'child_count': 0, 'infant_count': 0, 'pet_count': 0}",accepted,"[{'category': 'Accepted', 'status': 'accepted', 'changed_at': '2025-01-15T23:30:01+00:00'}]"
7fccb1a3-2b1e-4974-b907-1b471dc45890,HM8R5FB9FA,airbnb,HM8R5FB9FA,2025-02-12T20:53:45Z,2025-02-14T00:00:00-06:00,2025-02-17T00:00:00-06:00,2025-02-14T16:00:00-06:00,2025-02-17T11:00:00-06:00,3,"{'current': {'category': 'accepted', 'sub_category': None}, 'history': [{'category': 'accepted', 'sub_category': None, 'changed_at': '2025-02-12T20:53:57+00:00'}]}",d7b216c4-d699-48d2-96a2-ea8adefd873f,2025-02-17T03:49:34+00:00,"{'total': 5, 'adult_count': 5, 'child_count': 0, 'infant_count': 0, 'pet_count': 0}",accepted,"[{'category': 'Accepted', 'status': 'accepted', 'changed_at': '2025-02-12T20:53:57+00:00'}]"
4c2d7510-4cbc-478b-a8c4-056db9d0d827,HMQECEY4QY,airbnb,HMQECEY4QY,2025-02-10T03:40:56Z,2025-02-14T00:00:00-06:00,2025-02-18T00:00:00-06:00,2025-02-14T16:00:00-06:00,2025-02-18T11:00:00-06:00,4,"{'current': {'category': 'accepted', 'sub_category': None}, 'history': [{'category': 'accepted', 'sub_category': None, 'changed_at': '2025-02-10T03:41:10+00:00'}]}",807b0d00-6a96-4ca2-b873-c1d1661cd13b,2025-02-18T01:17:03+00:00,"{'total': 3, 'adult_count': 3, 'child_count': 0, 'infant_count': 0, 'pet_count': 0}",accepted,"[{'category': 'Accepted', 'status': 'accepted', 'changed_at': '2025-02-10T03:41:10+00:00'}]"
e3e6fff7-543b-4446-b3fc-a5f75f0c6503,HM2EH2CZQE,airbnb,HM2EH2CZQE,2025-02-03T17:36:42Z,2025-02-19T00:00:00-06:00,2025-02-22T00:00:00-06:00,2025-02-19T16:00:00-06:00,2025-02-22T11:00:00-06:00,3,"{'current': {'category': 'accepted', 'sub_category': None}, 'history': [{'category': 'accepted', 'sub_category': None, 'changed_at': '2025-02-03T17:36:56+00:00'}]}",0112bb51-194d-4559-a59f-c7f7b16f6e66,2025-02-18T04:30:12+00:00,"{'total': 2, 'adult_count': 2, 'child_count': 0, 'infant_count': 0, 'pet_count': 0}",accepted,"[{'category': 'Accepted', 'status': 'accepted', 'changed_at': '2025-02-03T17:36:56+00:00'}]"
ca25d99c-5f04-4280-b7c1-b4b2279d04fd,HMKD8MSPNC,airbnb,HMKD8MSPNC,2025-02-11T03:36:03Z,2025-02-15T00:00:00-06:00,2025-02-17T00:00:00-06:00,2025-02-15T16:00:00-06:00,2025-02-17T11:00:00-06:00,2,"{'current': {'category': 'accepted', 'sub_category': None}, 'history': [{'category': 'accepted', 'sub_category': None, 'changed_at': '2025-02-11T03:36:14+00:00'}]}",1a8cc1dd-eee9-4de6-a41f-3530aed081e0,2025-02-16T17:00:57+00:00,"{'total': 1, 'adult_count': 1, 'child_count': 0, 'infant_count': 0, 'pet_count': 0}",accepted,"[{'category': 'Accepted', 'status': 'accepted', 'changed_at': '2025-02-11T03:36:14+00:00'}]"
c71802a2-a831-44ef-8c76-06680f8aae7a,HMERYCR2BR,airbnb,HMERYCR2BR,2025-02-18T03:52:51Z,2025-02-17T00:00:00-06:00,2025-02-18T00:00:00-06:00,2025-02-17T16:00:00-06:00,2025-02-18T11:00:00-06:00,1,"{'current': {'category': 'accepted', 'sub_category': None}, 'history': [{'category': 'accepted', 'sub_category': None, 'changed_at': '2025-02-18T03:53:03+00:00'}]}",d8cc41e5-c374-4821-ae04-00d70e885bed,2025-02-18T19:12:44+00:00,"{'total': 2, 'adult_count': 2, 'child_count': 0, 'infant_count': 0, 'pet_count': 0}",accepted,"[{'category': 'Accepted', 'status': 'accepted', 'changed_at': '2025-02-18T03:53:03+00:00'}]"
5638cfd6-03a6-4a6e-a986-c925c4c0e6fc,HM4WCSMMJM,airbnb,HM4WCSMMJM,2025-01-25T04:17:04Z,2025-02-14T00:00:00-06:00,2025-02-17T00:00:00-06:00,2025-02-14T16:00:00-06:00,2025-02-17T11:00:00-06:00,3,"{'current': {'category': 'accepted', 'sub_category': None}, 'history': [{'category': 'accepted', 'sub_category': None, 'changed_at': '2025-01-25T04:17:17+00:00'}]}",cfa45f19-e47f-43ec-b507-1ac6c2b89416,2025-02-16T14:34:41+00:00,"{'total': 4, 'adult_count': 4, 'child_count': 0, 'infant_count': 0, 'pet_count': 0}",accepted,"[{'category': 'Accepted', 'status': 'accepted', 'changed_at': '2025-01-25T04:17:17+00:00'}]"
fb1eed12-39f3-4d7d-b3c4-336f02ac8042,HMPEEJ5EZP,airbnb,HMPEEJ5EZP,2025-02-17T23:09:15Z,2025-02-17T00:00:00-06:00,2025-02-18T00:00:00-06:00,2025-02-17T16:00:00-06:00,2025-02-18T11:00:00-06:00,1,"{'current': {'category': 'accepted', 'sub_category': None}, 'history': [{'category': 'accepted', 'sub_category': None, 'changed_at': '2025-02-17T23:09:28+00:00'}]}",7666f922-5ba1-4405-a46f-005500cc3a40,2025-02-18T04:36:36+00:00,"{'total': 2, 'adult_count': 2, 'child_count': 0, 'infant_count': 0, 'pet_count': 0}",accepted,"[{'category': 'Accepted', 'status': 'accepted', 'changed_at': '2025-02-17T23:09:28+00:00'}]"
f36c80c2-9fc4-4f13-9148-57d35fab33dd,HMHEKRAJZJ,airbnb,HMHEKRAJZJ,2025-02-14T02:50:05Z,2025-02-19T00:00:00-06:00,2025-02-20T00:00:00-06:00,2025-02-19T16:00:00-06:00,2025-02-20T11:00:00-06:00,1,"{'current': {'category': 'accepted', 'sub_category': None}, 'history': [{'category': 'accepted', 'sub_category': None, 'changed_at': '2025-02-14T02:50:17+00:00'}]}",bae27201-5b27-4490-9cea-de8132bf4429,2025-02-17T23:27:58+00:00,"{'total': 3, 'adult_count': 3, 'child_count': 0, 'infant_count': 0, 'pet_count': 0}",accepted,"[{'category': 'Accepted', 'status': 'accepted', 'changed_at': '2025-02-14T02:50:17+00:00'}]"
1a00b80d-d1d6-4ec4-a5c9-32ca930c3e0c,HME3AF8AHN,airbnb,HME3AF8AHN,2025-02-15T15:57:48Z,2025-02-16T00:00:00-06:00,2025-02-18T00:00:00-06:00,2025-02-16T16:00:00-06:00,2025-02-18T11:00:00-06:00,2,"{'current': {'category': 'accepted', 'sub_category': None}, 'history': [{'category': 'accepted', 'sub_category': None, 'changed_at': '2025-02-15T15:58:00+00:00'}]}",0e645b9f-07de-48e6-b34a-702853d65bae,2025-02-18T16:42:17+00:00,"{'total': 4, 'adult_count': 2, 'child_count': 2, 'infant_count': 0, 'pet_count': 0}",accepted,"[{'category': 'Accepted', 'status': 'accepted', 'changed_at': '2025-02-15T15:58:00+00:00'}]"
c9e2eb64-8aa1-4ee8-9b14-b91b3f097efc,HMAFSMSXFJ,airbnb,HMAFSMSXFJ,2025-02-13T03:54:11Z,2025-02-15T00:00:00-06:00,2025-02-17T00:00:00-06:00,2025-02-15T16:00:00-06:00,2025-02-17T11:00:00-06:00,2,"{'current': {'category': 'accepted', 'sub_category': None}, 'history': [{'category': 'accepted', 'sub_category': None, 'changed_at': '2025-02-13T03:54:24+00:00'}]}",0c0fdf85-4b2e-42df-9ca3-88716b68d894,2025-02-17T15:10:40+00:00,"{'total': 4, 'adult_count': 4, 'child_count': 0, 'infant_count': 0, 'pet_count': 0}",accepted,"[{'category': 'Accepted', 'status': 'accepted', 'changed_at': '2025-02-13T03:54:24+00:00'}]"
b274d63c-ddf2-4be6-be22-3db3da200904,HMFZBPTHBR,airbnb,HMFZBPTHBR,2025-02-12T14:33:40Z,2025-02-16T00:00:00-06:00,2025-02-21T00:00:00-06:00,2025-02-16T16:00:00-06:00,2025-02-21T11:00:00-06:00,5,"{'current': {'category': 'accepted', 'sub_category': None}, 'history': [{'category': 'accepted', 'sub_category': None, 'changed_at': '2025-02-12T14:33:54+00:00'}]}",048c4164-0459-4963-a17b-8460dfcd220f,2025-02-17T17:01:10+00:00,"{'total': 1, 'adult_count': 1, 'child_count': 0, 'infant_count': 0, 'pet_count': 0}",accepted,"[{'category': 'Accepted', 'status': 'accepted', 'changed_at': '2025-02-12T14:33:54+00:00'}]"
ee932b16-d81a-4a63-aa4d-28db1106be97,HMC5FHKYWZ,airbnb,HMC5FHKYWZ,2025-02-15T15:54:25Z,2025-02-16T00:00:00-06:00,2025-02-20T00:00:00-06:00,2025-02-16T16:00:00-06:00,2025-02-20T11:00:00-06:00,4,"{'current': {'category': 'cancelled', 'sub_category': None}, 'history': [{'category': 'accepted', 'sub_category': None, 'changed_at': '2025-02-15T15:54:39+00:00'}, {'category': 'cancelled', 'sub_category': None, 'changed_at': '2025-02-15T15:56:18+00:00'}]}",b8920480-816d-48db-bc62-f445a7f098cf,2025-02-15T15:54:27+00:00,"{'total': 5, 'adult_count': 5, 'child_count': 0, 'infant_count': 0, 'pet_count': 0}",cancelled,"[{'category': 'Accepted', 'status': 'accepted', 'changed_at': '2025-02-15T15:54:39+00:00'}, {'category': 'Cancelled', 'status': 'canceled', 'changed_at': '2025-02-15T15:56:18+00:00'}]"
02906085-4b6a-4af6-970c-1014e79d2986,HM4K9NNEHE,airbnb,HM4K9NNEHE,2025-02-15T17:00:15Z,2025-02-16T00:00:00-06:00,2025-02-20T00:00:00-06:00,2025-02-16T16:00:00-06:00,2025-02-20T11:00:00-06:00,4,"{'current': {'category': 'accepted', 'sub_category': None}, 'history': [{'category': 'accepted', 'sub_category': None, 'changed_at': '2025-02-15T17:00:32+00:00'}]}",ba302b93-5abf-4acd-81ac-8a61e793b49b,2025-02-18T15:56:01+00:00,"{'total': 5, 'adult_count': 5, 'child_count': 0, 'infant_count': 0, 'pet_count': 0}",accepted,"[{'category': 'Accepted', 'status': 'accepted', 'changed_at': '2025-02-15T17:00:32+00:00'}]"
ffed8929-d289-4aa4-ae1f-83beea9330db,HMKTP2ZRHP,airbnb,HMKTP2ZRHP,2025-02-09T16:00:23Z,2025-02-14T00:00:00-06:00,2025-02-22T00:00:00-06:00,2025-02-14T16:00:00-06:00,2025-02-22T11:00:00-06:00,8,"{'current': {'category': 'accepted', 'sub_category': None}, 'history': [{'category': 'accepted', 'sub_category': None, 'changed_at': '2025-02-09T16:00:39+00:00'}]}",c3a5e2ef-b9b9-48b6-983c-60b205182ff3,2025-02-16T17:14:31+00:00,"{'total': 2, 'adult_count': 2, 'child_count': 0, 'infant_count': 0, 'pet_count': 0}",accepted,"[{'category': 'Accepted', 'status': 'accepted', 'changed_at': '2025-02-09T16:00:39+00:00'}]"
72cc2732-1781-43a8-b719-0bca9fb0babe,HMHDMQCS9T,airbnb,HMHDMQCS9T,2025-01-20T23:03:32Z,2025-02-04T00:00:00-06:00,2025-02-21T00:00:00-06:00,2025-02-04T16:00:00-06:00,2025-02-21T11:00:00-06:00,17,"{'current': {'category': 'accepted', 'sub_category': None}, 'history': [{'category': 'request', 'sub_category': 'request to book', 'changed_at': '2025-01-20T23:01:59+00:00'}, {'category': 'accepted', 'sub_category': None, 'changed_at': '2025-01-20T23:03:43+00:00'}]}",b8aa50fd-2932-4158-af8e-22637a477221,2025-02-05T17:01:02+00:00,"{'total': 3, 'adult_count': 3, 'child_count': 0, 'infant_count': 0, 'pet_count': 0}",accepted,"[{'category': 'Pending', 'status': 'pending', 'changed_at': '2025-01-20T23:01:59+00:00'}, {'category': 'Accepted', 'status': 'accepted', 'changed_at': '2025-01-20T23:03:43+00:00'}]"
42c951a6-4aee-4cd0-b214-fedc4d3bb051,HMSH9DKX3T,airbnb,HMSH9DKX3T,2025-01-16T18:29:05Z,2025-02-20T00:00:00-06:00,2025-02-23T00:00:00-06:00,2025-02-20T16:00:00-06:00,2025-02-23T11:00:00-06:00,3,"{'current': {'category': 'accepted', 'sub_category': None}, 'history': [{'category': 'accepted', 'sub_category': None, 'changed_at': '2025-01-16T18:29:20+00:00'}]}",62829ccc-0a4e-40bf-a361-edd4f09987fe,2025-02-05T21:39:52+00:00,"{'total': 4, 'adult_count': 4, 'child_count': 0, 'infant_count': 0, 'pet_count': 0}",accepted,"[{'category': 'Accepted', 'status': 'accepted', 'changed_at': '2025-01-16T18:29:20+00:00'}]"
c8ebaa63-0a43-48ea-b8e7-d6bcac16a8d3,HM8K9K5ZDJ,airbnb,HM8K9K5ZDJ,2025-02-16T22:48:08Z,2025-02-16T00:00:00-06:00,2025-02-20T00:00:00-06:00,2025-02-16T16:00:00-06:00,2025-02-20T11:00:00-06:00,4,"{'current': {'category': 'accepted', 'sub_category': None}, 'history': [{'category': 'accepted', 'sub_category': None, 'changed_at': '2025-02-16T22:48:22+00:00'}]}",0554193e-edc8-4406-8ea7-066c4fd13785,2025-02-18T00:10:15+00:00,"{'total': 3, 'adult_count': 3, 'child_count': 0, 'infant_count': 0, 'pet_count': 0}",accepted,"[{'category': 'Accepted', 'status': 'accepted', 'changed_at': '2025-02-16T22:48:22+00:00'}]"
48dfc749-bfe6-4fea-ad01-6f949efd20a2,HMDADFXCXE,airbnb,HMDADFXCXE,2025-01-25T21:41:31Z,2025-02-14T00:00:00-06:00,2025-02-22T00:00:00-06:00,2025-02-14T16:00:00-06:00,2025-02-22T11:00:00-06:00,8,"{'current': {'category': 'accepted', 'sub_category': None}, 'history': [{'category': 'accepted', 'sub_category': None, 'changed_at': '2025-01-25T21:41:44+00:00'}]}",e4e0e278-58e5-47da-b486-f191c54af6b7,2025-02-17T01:07:15+00:00,"{'total': 3, 'adult_count': 3, 'child_count': 0, 'infant_count': 0, 'pet_count': 0}",accepted,"[{'category': 'Accepted', 'status': 'accepted', 'changed_at': '2025-01-25T21:41:44+00:00'}]"
decadccc-9b28-4ccf-b03b-498696e279ca,HM23ACRQ48,airbnb,HM23ACRQ48,2024-11-29T21:18:11Z,2025-02-14T00:00:00-06:00,2025-02-18T00:00:00-06:00,2025-02-14T16:00:00-06:00,2025-02-18T11:00:00-06:00,4,"{'current': {'category': 'accepted', 'sub_category': None}, 'history': [{'category': 'accepted', 'sub_category': None, 'changed_at': '2024-11-29T21:18:23+00:00'}]}",08b74d6d-3bf3-48f4-8026-a97d49722947,2025-02-18T18:01:28+00:00,"{'total': 4, 'adult_count': 4, 'child_count': 0, 'infant_count': 0, 'pet_count': 0}",accepted,"[{'category': 'Accepted', 'status': 'accepted', 'changed_at': '2024-11-29T21:18:23+00:00'}]"
4cc93904-dee6-4451-acd7-92134e605cf4,HM9JMNBSQB,airbnb,HM9JMNBSQB,2025-01-12T07:47:25Z,2025-02-18T00:00:00-06:00,2025-02-20T00:00:00-06:00,2025-02-18T16:00:00-06:00,2025-02-20T11:00:00-06:00,2,"{'current': {'category': 'accepted', 'sub_category': None}, 'history': [{'category': 'accepted', 'sub_category': None, 'changed_at': '2025-01-12T07:47:36+00:00'}]}",4b67ffec-8a2a-483c-8ab0-c8825cf9b760,2025-02-18T18:41:33+00:00,"{'total': 4, 'adult_count': 4, 'child_count': 0, 'infant_count': 0, 'pet_count': 0}",accepted,"[{'category': 'Accepted', 'status': 'accepted', 'changed_at': '2025-01-12T07:47:36+00:00'}]"
6dcb9589-f47b-41d5-9e70-f0f74ce99f32,HMA844YQQW,airbnb,HMA844YQQW,2025-02-09T20:09:11Z,2025-02-16T00:00:00-06:00,2025-02-21T00:00:00-06:00,2025-02-16T16:00:00-06:00,2025-02-21T11:00:00-06:00,5,"{'current': {'category': 'accepted', 'sub_category': None}, 'history': [{'category': 'accepted', 'sub_category': None, 'changed_at': '2025-02-09T20:09:22+00:00'}]}",89157fb9-101c-4950-ab6d-0624f686e2d9,2025-02-18T16:44:22+00:00,"{'total': 3, 'adult_count': 2, 'child_count': 1, 'infant_count': 0, 'pet_count': 0}",accepted,"[{'category': 'Accepted', 'status': 'accepted', 'changed_at': '2025-02-09T20:09:22+00:00'}]"
97a8850b-6c94-4159-ba2e-9f4b963998b9,HMEDFBWXMP,airbnb,HMEDFBWXMP,2025-02-18T19:08:43Z,2025-02-21T00:00:00-06:00,2025-02-22T00:00:00-06:00,2025-02-21T16:00:00-06:00,2025-02-22T11:00:00-06:00,1,"{'current': {'category': 'accepted', 'sub_category': None}, 'history': [{'category': 'accepted', 'sub_category': None, 'changed_at': '2025-02-18T19:08:56+00:00'}]}",bda05aa4-39b2-498d-adc8-fe0ff9879bbc,2025-02-18T19:10:25+00:00,"{'total': 2, 'adult_count': 2, 'child_count': 0, 'infant_count': 0, 'pet_count': 0}",accepted,"[{'category': 'Accepted', 'status': 'accepted', 'changed_at': '2025-02-18T19:08:56+00:00'}]"
197e3464-3e65-497b-bd28-fd8262343293,HMYX59CYZA,airbnb,HMYX59CYZA,2025-01-05T22:47:33Z,2025-02-15T00:00:00-06:00,2025-02-18T00:00:00-06:00,2025-02-15T16:00:00-06:00,2025-02-18T11:00:00-06:00,3,"{'current': {'category': 'accepted', 'sub_category': None}, 'history': [{'category': 'accepted', 'sub_category': None, 'changed_at': '2025-01-05T22:47:47+00:00'}]}",c153fa85-788f-464a-8f6b-2fe2f3d8fda9,2025-02-16T19:14:13+00:00,"{'total': 2, 'adult_count': 2, 'child_count': 0, 'infant_count': 0, 'pet_count': 0}",accepted,"[{'category': 'Accepted', 'status': 'accepted', 'changed_at': '2025-01-05T22:47:47+00:00'}]"
ca20e2dc-dc35-48b7-bbe1-620f760f9043,HMPXTTE8XB,airbnb,HMPXTTE8XB,2025-01-16T03:12:25Z,2025-02-20T00:00:00-06:00,2025-02-21T00:00:00-06:00,2025-02-20T16:00:00-06:00,2025-02-21T11:00:00-06:00,1,"{'current': {'category': 'cancelled', 'sub_category': None}, 'history': [{'category': 'accepted', 'sub_category': None, 'changed_at': '2025-01-16T03:12:38+00:00'}, {'category': 'cancelled', 'sub_category': None, 'changed_at': '2025-02-11T15:32:31+00:00'}]}",c71f0fd7-7018-4f95-8370-78ec896fbd2b,2025-01-16T03:14:19+00:00,"{'total': 2, 'adult_count': 2, 'child_count': 0, 'infant_count': 0, 'pet_count': 0}",cancelled,"[{'category': 'Accepted', 'status': 'accepted', 'changed_at': '2025-01-16T03:12:38+00:00'}, {'category': 'Cancelled', 'status': 'canceled', 'changed_at': '2025-02-11T15:32:31+00:00'}]"
457b9d55-7e6e-4b95-a081-113f216e88de,HMJECFYDEM,airbnb,HMJECFYDEM,2025-02-18T04:09:37Z,2025-02-18T00:00:00-06:00,2025-02-19T00:00:00-06:00,2025-02-18T16:00:00-06:00,2025-02-19T11:00:00-06:00,1,"{'current': {'category': 'accepted', 'sub_category': None}, 'history': [{'category': 'accepted', 'sub_category': None, 'changed_at': '2025-02-18T04:09:49+00:00'}]}",cbf932b3-906e-4170-a9e9-182998208f1b,2025-02-18T04:11:09+00:00,"{'total': 1, 'adult_count': 1, 'child_count': 0, 'infant_count': 0, 'pet_count': 0}",accepted,"[{'category': 'Accepted', 'status': 'accepted', 'changed_at': '2025-02-18T04:09:49+00:00'}]"
3f9bc554-75f0-4dff-9074-686fe4544ff1,HM9ENRRE2X,airbnb,HM9ENRRE2X,2025-02-16T23:11:36Z,2025-02-16T00:00:00-06:00,2025-02-20T00:00:00-06:00,2025-02-16T16:00:00-06:00,2025-02-20T11:00:00-06:00,4,"{'current': {'category': 'accepted', 'sub_category': None}, 'history': [{'category': 'accepted', 'sub_category': None, 'changed_at': '2025-02-16T23:11:49+00:00'}]}",37e42187-f85a-4db5-9a1d-9f093ca29b74,2025-02-18T17:38:27+00:00,"{'total': 2, 'adult_count': 2, 'child_count': 0, 'infant_count': 0, 'pet_count': 0}",accepted,"[{'category': 'Accepted', 'status': 'accepted', 'changed_at': '2025-02-16T23:11:49+00:00'}]"
e7734ac2-1590-4ac6-a9ef-c9431eab6ef2,HMB4JQHRSP,airbnb,HMB4JQHRSP,2025-01-05T18:33:56Z,2025-02-16T00:00:00-06:00,2025-02-19T00:00:00-06:00,2025-02-16T16:00:00-06:00,2025-02-19T11:00:00-06:00,3,"{'current': {'category': 'accepted', 'sub_category': None}, 'history': [{'category': 'accepted', 'sub_category': None, 'changed_at': '2025-01-05T18:34:08+00:00'}]}",a17ab2a8-c966-4304-87c7-e6b24dfd887f,2025-02-17T17:00:43+00:00,"{'total': 4, 'adult_count': 4, 'child_count': 0, 'infant_count': 0, 'pet_count': 0}",accepted,"[{'category': 'Accepted', 'status': 'accepted', 'changed_at': '2025-01-05T18:34:08+00:00'}]"
1b2ba16f-108a-4aef-9405-970f254457fb,HM4R3XANC9,airbnb,HM4R3XANC9,2025-02-05T06:24:06Z,2025-02-19T00:00:00-06:00,2025-02-23T00:00:00-06:00,2025-02-19T16:00:00-06:00,2025-02-23T11:00:00-06:00,4,"{'current': {'category': 'accepted', 'sub_category': None}, 'history': [{'category': 'accepted', 'sub_category': None, 'changed_at': '2025-02-05T06:24:20+00:00'}]}",f2669fba-2926-471c-ac89-48720ff42276,2025-02-18T17:33:59+00:00,"{'total': 5, 'adult_count': 5, 'child_count': 0, 'infant_count': 0, 'pet_count': 0}",accepted,"[{'category': 'Accepted', 'status': 'accepted', 'changed_at': '2025-02-05T06:24:20+00:00'}]"
f241ca8a-f843-442e-bd16-e347b2dfb4fb,HMRJHHE5JD,airbnb,HMRJHHE5JD,2025-01-02T01:46:14Z,2025-02-16T00:00:00-06:00,2025-02-19T00:00:00-06:00,2025-02-16T16:00:00-06:00,2025-02-19T11:00:00-06:00,3,"{'current': {'category': 'accepted', 'sub_category': None}, 'history': [{'category': 'accepted', 'sub_category': None, 'changed_at': '2025-01-02T01:46:26+00:00'}]}",c6e6c8c3-7638-42a4-917c-aa539234093b,2025-02-17T17:27:22+00:00,"{'total': 4, 'adult_count': 4, 'child_count': 0, 'infant_count': 0, 'pet_count': 0}",accepted,"[{'category': 'Accepted', 'status': 'accepted', 'changed_at': '2025-01-02T01:46:26+00:00'}]"
f0d0f761-a102-43d5-a7b7-37244dd68221,HMCJ3AQM4F,airbnb,HMCJ3AQM4F,2025-01-23T21:53:23Z,2025-02-22T00:00:00-06:00,2025-02-23T00:00:00-06:00,2025-02-22T16:00:00-06:00,2025-02-23T11:00:00-06:00,1,"{'current': {'category': 'accepted', 'sub_category': None}, 'history': [{'category': 'accepted', 'sub_category': None, 'changed_at': '2025-01-23T21:53:35+00:00'}]}",5db72839-8640-4559-88b5-949403090417,2025-02-15T14:11:40+00:00,"{'total': 4, 'adult_count': 4, 'child_count': 0, 'infant_count': 0, 'pet_count': 0}",accepted,"[{'category': 'Accepted', 'status': 'accepted', 'changed_at': '2025-01-23T21:53:35+00:00'}]"
eecc8417-be73-4e1a-8832-55525aa84a30,HMSQW25ZBK,airbnb,HMSQW25ZBK,2025-02-17T22:13:09Z,2025-02-20T00:00:00-06:00,2025-02-22T00:00:00-06:00,2025-02-20T16:00:00-06:00,2025-02-22T11:00:00-06:00,2,"{'current': {'category': 'accepted', 'sub_category': None}, 'history': [{'category': 'accepted', 'sub_category': None, 'changed_at': '2025-02-17T22:13:22+00:00'}]}",acc20587-72f5-4cca-9da1-c58c2be2d3ee,2025-02-17T22:59:31+00:00,"{'total': 3, 'adult_count': 3, 'child_count': 0, 'infant_count': 0, 'pet_count': 0}",accepted,"[{'category': 'Accepted', 'status': 'accepted', 'changed_at': '2025-02-17T22:13:22+00:00'}]"
7811824f-a127-4e74-a810-252ed09329bc,HMZS9XXRNJ,airbnb,HMZS9XXRNJ,2025-01-30T04:41:21Z,2025-02-14T00:00:00-06:00,2025-02-18T00:00:00-06:00,2025-02-14T16:00:00-06:00,2025-02-18T11:00:00-06:00,4,"{'current': {'category': 'accepted', 'sub_category': None}, 'history': [{'category': 'accepted', 'sub_category': None, 'changed_at': '2025-01-30T04:41:35+00:00'}]}",1ef2c9d3-006e-44b2-91b3-2057c497b665,2025-02-18T00:11:15+00:00,"{'total': 2, 'adult_count': 2, 'child_count': 0, 'infant_count': 0, 'pet_count': 0}",accepted,"[{'category': 'Accepted', 'status': 'accepted', 'changed_at': '2025-01-30T04:41:35+00:00'}]"
e8b9a9bb-6b7f-4c0a-b79e-d14f0e26738a,HMNRPHDEWP,airbnb,HMNRPHDEWP,2025-01-03T05:01:35Z,2025-01-30T00:00:00-06:00,2025-02-22T00:00:00-06:00,2025-01-30T16:00:00-06:00,2025-02-22T11:00:00-06:00,23,"{'current': {'category': 'cancelled', 'sub_category': None}, 'history': [{'category': 'accepted', 'sub_category': None, 'changed_at': '2025-01-03T05:01:48+00:00'}, {'category': 'cancelled', 'sub_category': None, 'changed_at': '2025-01-04T00:43:39+00:00'}]}",f64be30a-a020-408d-881c-d46f4dc63f77,2025-01-03T05:03:12+00:00,"{'total': 2, 'adult_count': 2, 'child_count': 0, 'infant_count': 0, 'pet_count': 0}",cancelled,"[{'category': 'Accepted', 'status': 'accepted', 'changed_at': '2025-01-03T05:01:48+00:00'}, {'category': 'Cancelled', 'status': 'canceled', 'changed_at': '2025-01-04T00:43:39+00:00'}]"
5af18fa8-073d-4d53-9162-86a41e57d165,HMKBRT8J5C,airbnb,HMKBRT8J5C,2025-01-17T00:08:22Z,2025-02-14T00:00:00-06:00,2025-02-17T00:00:00-06:00,2025-02-14T16:00:00-06:00,2025-02-17T11:00:00-06:00,3,"{'current': {'category': 'accepted', 'sub_category': None}, 'history': [{'category': 'accepted', 'sub_category': None, 'changed_at': '2025-01-17T00:08:34+00:00'}]}",beb99ee3-b088-456b-9c46-83930ce778e2,2025-02-15T17:00:53+00:00,"{'total': 6, 'adult_count': 6, 'child_count': 0, 'infant_count': 0, 'pet_count': 0}",accepted,"[{'category': 'Accepted', 'status': 'accepted', 'changed_at': '2025-01-17T00:08:34+00:00'}]"
c78534ec-2d6d-43ff-b946-94eee87f2ecd,HMA8RMMQ4S,airbnb,HMA8RMMQ4S,2025-02-04T06:35:03Z,2025-02-17T00:00:00-06:00,2025-02-23T00:00:00-06:00,2025-02-17T16:00:00-06:00,2025-02-23T11:00:00-06:00,6,"{'current': {'category': 'accepted', 'sub_category': None}, 'history': [{'category': 'accepted', 'sub_category': None, 'changed_at': '2025-02-04T06:35:16+00:00'}]}",39295f71-4f9e-4388-93d6-292ba11a685f,2025-02-18T17:12:43+00:00,"{'total': 5, 'adult_count': 5, 'child_count': 0, 'infant_count': 0, 'pet_count': 0}",accepted,"[{'category': 'Accepted', 'status': 'accepted', 'changed_at': '2025-02-04T06:35:16+00:00'}]"
4fa6a06a-83c7-4466-9085-6b759d56a3e5,HM3TA424R2,airbnb,HM3TA424R2,2025-01-05T05:19:01Z,2025-02-12T00:00:00-06:00,2025-02-17T00:00:00-06:00,2025-02-12T16:00:00-06:00,2025-02-17T11:00:00-06:00,5,"{'current': {'category': 'cancelled', 'sub_category': None}, 'history': [{'category': 'accepted', 'sub_category': None, 'changed_at': '2025-01-05T05:19:12+00:00'}, {'category': 'cancelled', 'sub_category': None, 'changed_at': '2025-02-04T00:41:51+00:00'}]}",bc18c3e8-391d-4f31-8a1f-986fcad06cbb,2025-01-05T05:20:30+00:00,"{'total': 2, 'adult_count': 2, 'child_count': 0, 'infant_count': 0, 'pet_count': 0}",cancelled,"[{'category': 'Accepted', 'status': 'accepted', 'changed_at': '2025-01-05T05:19:12+00:00'}, {'category': 'Cancelled', 'status': 'canceled', 'changed_at': '2025-02-04T00:41:51+00:00'}]"
426c6bb5-317a-4618-8937-38b1bce89ded,HMY29MY32P,airbnb,HMY29MY32P,2025-01-18T18:15:34Z,2025-02-18T00:00:00-06:00,2025-02-22T00:00:00-06:00,2025-02-18T16:00:00-06:00,2025-02-22T11:00:00-06:00,4,"{'current': {'category': 'accepted', 'sub_category': None}, 'history': [{'category': 'accepted', 'sub_category': None, 'changed_at': '2025-01-18T18:15:47+00:00'}]}",6ec57725-7943-4616-a842-66612bdac4e0,2025-02-18T07:36:47+00:00,"{'total': 3, 'adult_count': 3, 'child_count': 0, 'infant_count': 0, 'pet_count': 0}",accepted,"[{'category': 'Accepted', 'status': 'accepted', 'changed_at': '2025-01-18T18:15:47+00:00'}]"
6d65f58b-6920-46b6-a342-ffead8aff6f1,HMQFZ4JJ9P,airbnb,HMQFZ4JJ9P,2025-02-04T18:03:54Z,2025-02-11T00:00:00-06:00,2025-02-18T00:00:00-06:00,2025-02-11T16:00:00-06:00,2025-02-18T11:00:00-06:00,7,"{'current': {'category': 'cancelled', 'sub_category': None}, 'history': [{'category': 'accepted', 'sub_category': None, 'changed_at': '2025-02-04T18:04:08+00:00'}, {'category': 'cancelled', 'sub_category': None, 'changed_at': '2025-02-09T04:28:51+00:00'}]}",a2b14e3a-2a2f-43cd-b236-a337e74cf1b5,2025-02-10T01:01:07+00:00,"{'total': 3, 'adult_count': 2, 'child_count': 0, 'infant_count': 1, 'pet_count': 0}",cancelled,"[{'category': 'Accepted', 'status': 'accepted', 'changed_at': '2025-02-04T18:04:08+00:00'}, {'category': 'Cancelled', 'status': 'canceled', 'changed_at': '2025-02-09T04:28:51+00:00'}]"
328d425c-71cc-42e4-98a9-6b9bd9b8fa55,HMYEDRTR5N,airbnb,HMYEDRTR5N,2025-02-09T21:47:34Z,2025-02-11T00:00:00-06:00,2025-02-18T00:00:00-06:00,2025-02-11T16:00:00-06:00,2025-02-18T11:00:00-06:00,7,"{'current': {'category': 'accepted', 'sub_category': None}, 'history': [{'category': 'accepted', 'sub_category': None, 'changed_at': '2025-02-09T21:47:46+00:00'}]}",484411e2-08ca-4ed4-babb-cc9cff93fb35,2025-02-18T17:57:20+00:00,"{'total': 2, 'adult_count': 2, 'child_count': 0, 'infant_count': 0, 'pet_count': 0}",accepted,"[{'category': 'Accepted', 'status': 'accepted', 'changed_at': '2025-02-09T21:47:46+00:00'}]"
0aec1015-39ac-4cb6-96bf-1dadc37805fe,HMSHCK8ZZH,airbnb,HMSHCK8ZZH,2025-01-28T07:53:39Z,2025-02-13T00:00:00-06:00,2025-02-17T00:00:00-06:00,2025-02-13T16:00:00-06:00,2025-02-17T11:00:00-06:00,4,"{'current': {'category': 'cancelled', 'sub_category': None}, 'history': [{'category': 'accepted', 'sub_category': None, 'changed_at': '2025-01-28T07:53:52+00:00'}, {'category': 'cancelled', 'sub_category': None, 'changed_at': '2025-02-06T01:11:13+00:00'}]}",44a33a80-8356-4b73-b534-bdf19f5a4f65,2025-01-31T20:37:34+00:00,"{'total': 3, 'adult_count': 3, 'child_count': 0, 'infant_count': 0, 'pet_count': 0}",cancelled,"[{'category': 'Accepted', 'status': 'accepted', 'changed_at': '2025-01-28T07:53:52+00:00'}, {'category': 'Cancelled', 'status': 'canceled', 'changed_at': '2025-02-06T01:11:13+00:00'}]"
90071e00-c399-48c9-920b-c21db7b46035,HMFSB9MZCF,airbnb,HMFSB9MZCF,2025-02-11T12:25:11Z,2025-02-16T00:00:00-06:00,2025-02-17T00:00:00-06:00,2025-02-16T16:00:00-06:00,2025-02-17T11:00:00-06:00,1,"{'current': {'category': 'accepted', 'sub_category': None}, 'history': [{'category': 'accepted', 'sub_category': None, 'changed_at': '2025-02-11T12:25:22+00:00'}]}",d8fb36fb-55c1-44c5-9ef7-ae242848798e,2025-02-17T02:00:23+00:00,"{'total': 4, 'adult_count': 4, 'child_count': 0, 'infant_count': 0, 'pet_count': 0}",accepted,"[{'category': 'Accepted', 'status': 'accepted', 'changed_at': '2025-02-11T12:25:22+00:00'}]"
6da1ef5a-343a-435d-ba23-c5450681be39,HMRDDDQBNJ,airbnb,HMRDDDQBNJ,2025-02-16T16:31:35Z,2025-02-17T00:00:00-06:00,2025-02-18T00:00:00-06:00,2025-02-17T16:00:00-06:00,2025-02-18T11:00:00-06:00,1,"{'current': {'category': 'accepted', 'sub_category': None}, 'history': [{'category': 'accepted', 'sub_category': None, 'changed_at': '2025-02-16T16:31:46+00:00'}]}",4d093195-0a16-4251-b2c8-4f680b3e8ba7,2025-02-18T19:22:26+00:00,"{'total': 3, 'adult_count': 2, 'child_count': 1, 'infant_count': 0, 'pet_count': 0}",accepted,"[{'category': 'Accepted', 'status': 'accepted', 'changed_at': '2025-02-16T16:31:46+00:00'}]"
4f669643-279d-4026-9af2-8a6917392d60,HM3RAYP552,airbnb,HM3RAYP552,2025-02-16T21:36:40Z,2025-02-18T00:00:00-06:00,2025-02-19T00:00:00-06:00,2025-02-18T16:00:00-06:00,2025-02-19T11:00:00-06:00,1,"{'current': {'category': 'accepted', 'sub_category': None}, 'history': [{'category': 'accepted', 'sub_category': None, 'changed_at': '2025-02-16T21:36:53+00:00'}]}",49666417-8aff-4f84-8405-a9c48d0b1e9d,2025-02-18T18:02:11+00:00,"{'total': 4, 'adult_count': 2, 'child_count': 2, 'infant_count': 0, 'pet_count': 0}",accepted,"[{'category': 'Accepted', 'status': 'accepted', 'changed_at': '2025-02-16T21:36:53+00:00'}]"
6d811848-32e7-4a73-9c37-2b49b39f17b2,HMBMJWQQNM,airbnb,HMBMJWQQNM,2025-01-27T13:52:43Z,2025-02-13T00:00:00-06:00,2025-02-17T00:00:00-06:00,2025-02-13T16:00:00-06:00,2025-02-17T11:00:00-06:00,4,"{'current': {'category': 'cancelled', 'sub_category': None}, 'history': [{'category': 'accepted', 'sub_category': None, 'changed_at': '2025-01-27T13:52:55+00:00'}, {'category': 'cancelled', 'sub_category': None, 'changed_at': '2025-01-28T07:49:32+00:00'}]}",2ebc85b4-49c3-456c-b8c9-9d305caa0bf8,2025-01-27T13:54:27+00:00,"{'total': 3, 'adult_count': 3, 'child_count': 0, 'infant_count': 0, 'pet_count': 0}",cancelled,"[{'category': 'Accepted', 'status': 'accepted', 'changed_at': '2025-01-27T13:52:55+00:00'}, {'category': 'Cancelled', 'status': 'canceled', 'changed_at': '2025-01-28T07:49:32+00:00'}]"
13da3826-b74f-452e-8891-10f2d68c92cb,HMPABRBQPD,airbnb,HMPABRBQPD,2025-02-11T00:24:59Z,2025-02-13T00:00:00-06:00,2025-02-18T00:00:00-06:00,2025-02-13T16:00:00-06:00,2025-02-18T11:00:00-06:00,5,"{'current': {'category': 'accepted', 'sub_category': None}, 'history': [{'category': 'accepted', 'sub_category': None, 'changed_at': '2025-02-11T00:25:11+00:00'}]}",68c59314-d0cd-48f1-8905-4c67c8567562,2025-02-15T20:10:54+00:00,"{'total': 2, 'adult_count': 2, 'child_count': 0, 'infant_count': 0, 'pet_count': 0}",accepted,"[{'category': 'Accepted', 'status': 'accepted', 'changed_at': '2025-02-11T00:25:11+00:00'}]"
492b568b-d5b0-49cc-8222-de2596af516d,HMRWHPFPSA,airbnb,HMRWHPFPSA,,2025-02-15T00:00:00-06:00,2025-02-18T00:00:00-06:00,2025-02-15T16:00:00-06:00,2025-02-18T11:00:00-06:00,3,"{'current': {'category': 'cancelled', 'sub_category': None}, 'history': [{'category': 'request', 'sub_category': 'request to book', 'changed_at': '2025-02-15T21:42:39+00:00'}, {'category': 'not accepted', 'sub_category': 'expired', 'changed_at': '2025-02-16T00:10:09+00:00'}, {'category': 'cancelled', 'sub_category': None, 'changed_at': '2025-02-16T00:15:04+00:00'}]}",83b1cc85-d4fb-43a7-95ae-a1991e582a86,2025-02-16T00:19:15+00:00,"{'total': 4, 'adult_count': 4, 'child_count': 0, 'infant_count': 0, 'pet_count': 0}",cancelled,"[{'category': 'Pending', 'status': 'pending', 'changed_at': '2025-02-15T21:42:39+00:00'}, {'category': 'Cancelled', 'status': 'pending_voided', 'changed_at': '2025-02-16T00:10:09+00:00'}, {'category': 'Cancelled', 'status': 'canceled', 'changed_at': '2025-02-16T00:15:04+00:00'}]"
908c38cd-32d8-4bb3-8891-9dbd29ebe4ca,HMDBSFSPZW,airbnb,HMDBSFSPZW,2025-02-16T00:20:26Z,2025-02-15T00:00:00-06:00,2025-02-18T00:00:00-06:00,2025-02-15T16:00:00-06:00,2025-02-18T11:00:00-06:00,3,"{'current': {'category': 'accepted', 'sub_category': None}, 'history': [{'category': 'request', 'sub_category': 'request to book', 'changed_at': '2025-02-16T00:19:47+00:00'}, {'category': 'accepted', 'sub_category': None, 'changed_at': '2025-02-16T00:20:39+00:00'}]}",1b42b3b6-a867-4473-a3b6-2168cfe884f6,2025-02-18T18:30:25+00:00,"{'total': 4, 'adult_count': 4, 'child_count': 0, 'infant_count': 0, 'pet_count': 0}",accepted,"[{'category': 'Pending', 'status': 'pending', 'changed_at': '2025-02-16T00:19:47+00:00'}, {'category': 'Accepted', 'status': 'accepted', 'changed_at': '2025-02-16T00:20:39+00:00'}]"
79ceec96-f48d-4468-ad59-549834ebd39b,HMMZN8D2YS,airbnb,HMMZN8D2YS,2025-01-28T04:25:40Z,2025-02-17T00:00:00-06:00,2025-02-23T00:00:00-06:00,2025-02-17T16:00:00-06:00,2025-02-23T11:00:00-06:00,6,"{'current': {'category': 'accepted', 'sub_category': None}, 'history': [{'category': 'accepted', 'sub_category': None, 'changed_at': '2025-01-28T04:25:52+00:00'}]}",788e88b6-2d0b-4034-bd69-b952fc921ca8,2025-02-18T17:39:08+00:00,"{'total': 5, 'adult_count': 4, 'child_count': 1, 'infant_count': 0, 'pet_count': 0}",accepted,"[{'category': 'Accepted', 'status': 'accepted', 'changed_at': '2025-01-28T04:25:52+00:00'}]"
b6de0f13-7203-4dd7-a230-8cb309b83089,HM9QN22NDA,airbnb,HM9QN22NDA,2025-02-01T02:48:55Z,2025-02-13T00:00:00-06:00,2025-02-18T00:00:00-06:00,2025-02-13T16:00:00-06:00,2025-02-18T11:00:00-06:00,5,"{'current': {'category': 'cancelled', 'sub_category': None}, 'history': [{'category': 'accepted', 'sub_category': None, 'changed_at': '2025-02-01T02:49:06+00:00'}, {'category': 'cancelled', 'sub_category': None, 'changed_at': '2025-02-01T03:27:28+00:00'}]}",f878b90e-cba4-42bc-900d-a58570094c77,2025-02-01T02:50:16+00:00,"{'total': 1, 'adult_count': 1, 'child_count': 0, 'infant_count': 0, 'pet_count': 0}",cancelled,"[{'category': 'Accepted', 'status': 'accepted', 'changed_at': '2025-02-01T02:49:06+00:00'}, {'category': 'Cancelled', 'status': 'canceled', 'changed_at': '2025-02-01T03:27:28+00:00'}]"
f8d5eec8-c427-4701-a015-296227411a35,HMMS8KRCS4,airbnb,HMMS8KRCS4,2025-02-11T14:59:22Z,2025-02-11T00:00:00-06:00,2025-02-17T00:00:00-06:00,2025-02-11T16:00:00-06:00,2025-02-17T11:00:00-06:00,6,"{'current': {'category': 'accepted', 'sub_category': None}, 'history': [{'category': 'request', 'sub_category': 'request to book', 'changed_at': '2025-02-11T06:02:46+00:00'}, {'category': 'accepted', 'sub_category': None, 'changed_at': '2025-02-11T14:59:35+00:00'}]}",21539d2a-7141-4453-b9d4-c319eaa83043,2025-02-13T02:06:27+00:00,"{'total': 4, 'adult_count': 3, 'child_count': 1, 'infant_count': 0, 'pet_count': 0}",accepted,"[{'category': 'Pending', 'status': 'pending', 'changed_at': '2025-02-11T06:02:46+00:00'}, {'category': 'Accepted', 'status': 'accepted', 'changed_at': '2025-02-11T14:59:35+00:00'}]"
d57d91bd-00ab-473d-9127-353ac6cad5b0,YZNS2O,manual,YZNS2O,2025-01-03T18:51:42Z,2025-01-20T00:00:00-06:00,2025-02-21T00:00:00-06:00,2025-01-20T16:00:00-06:00,2025-02-21T11:00:00-06:00,32,"{'current': {'category': 'cancelled', 'sub_category': None}, 'history': [{'category': 'accepted', 'sub_category': None, 'changed_at': '2025-01-03T18:51:42+00:00'}, {'category': 'cancelled', 'sub_category': None, 'changed_at': '2025-01-13T20:16:45+00:00'}]}",d0b96d2a-4387-4e1f-86f5-6af97d0b03b7,2025-01-03T18:53:18+00:00,"{'total': 2, 'adult_count': 2, 'child_count': 0, 'infant_count': 0, 'pet_count': 0}",cancelled,"[{'category': 'Accepted', 'status': 'accepted', 'changed_at': '2025-01-03T18:51:42+00:00'}, {'category': 'Cancelled', 'status': 'cancelled', 'changed_at': '2025-01-13T20:16:45+00:00'}]"
83d7de95-99e2-4ad6-a000-2228e9a4b4d8,HMWMW9NJKJ,airbnb,HMWMW9NJKJ,2025-02-01T19:37:46Z,2025-02-06T00:00:00-06:00,2025-02-18T00:00:00-06:00,2025-02-06T16:00:00-06:00,2025-02-18T11:00:00-06:00,12,"{'current': {'category': 'accepted', 'sub_category': None}, 'history': [{'category': 'accepted', 'sub_category': None, 'changed_at': '2025-02-01T19:37:59+00:00'}]}",f10f63d2-2340-4448-a87a-438287308cf3,2025-02-10T18:20:47+00:00,"{'total': 3, 'adult_count': 3, 'child_count': 0, 'infant_count': 0, 'pet_count': 0}",accepted,"[{'category': 'Accepted', 'status': 'accepted', 'changed_at': '2025-02-01T19:37:59+00:00'}]"
76fc5a46-e46c-42ce-9a88-8f639139e563,HM48QK5ZJC,airbnb,HM48QK5ZJC,2025-01-31T17:29:09Z,2025-02-02T00:00:00-06:00,2025-02-23T00:00:00-06:00,2025-02-02T16:00:00-06:00,2025-02-23T11:00:00-06:00,21,"{'current': {'category': 'accepted', 'sub_category': None}, 'history': [{'category': 'accepted', 'sub_category': None, 'changed_at': '2025-01-31T17:29:22+00:00'}]}",3fe7208e-529b-4fae-95e5-f6ccf8989744,2025-02-03T17:27:46+00:00,"{'total': 1, 'adult_count': 1, 'child_count': 0, 'infant_count': 0, 'pet_count': 0}",accepted,"[{'category': 'Accepted', 'status': 'accepted', 'changed_at': '2025-01-31T17:29:22+00:00'}]"
fed63f3e-7d7a-49ab-84bb-de81a0695676,HM4R8WM5D4,airbnb,HM4R8WM5D4,2024-12-09T10:48:41Z,2025-02-19T00:00:00-06:00,2025-02-20T00:00:00-06:00,2025-02-19T16:00:00-06:00,2025-02-20T11:00:00-06:00,1,"{'current': {'category': 'cancelled', 'sub_category': None}, 'history': [{'category': 'accepted', 'sub_category': None, 'changed_at': '2024-12-09T10:48:55+00:00'}, {'category': 'cancelled', 'sub_category': None, 'changed_at': '2025-01-07T10:38:06+00:00'}]}",58799405-a4ca-4049-8711-7ffd6753c04b,2024-12-09T10:50:26+00:00,"{'total': 3, 'adult_count': 3, 'child_count': 0, 'infant_count': 0, 'pet_count': 0}",cancelled,"[{'category': 'Accepted', 'status': 'accepted', 'changed_at': '2024-12-09T10:48:55+00:00'}, {'category': 'Cancelled', 'status': 'canceled', 'changed_at': '2025-01-07T10:38:06+00:00'}]"
5967c71b-254f-4045-a00e-ca2a4a3a56ec,HMCBRE5W4W,airbnb,HMCBRE5W4W,2025-01-12T07:03:28Z,2025-02-16T00:00:00-06:00,2025-02-21T00:00:00-06:00,2025-02-16T16:00:00-06:00,2025-02-21T11:00:00-06:00,5,"{'current': {'category': 'cancelled', 'sub_category': None}, 'history': [{'category': 'accepted', 'sub_category': None, 'changed_at': '2025-01-12T07:03:39+00:00'}, {'category': 'cancelled', 'sub_category': None, 'changed_at': '2025-01-26T14:59:15+00:00'}]}",b665b7a9-7e27-43b6-b65c-e9d0b0b4e86b,2025-01-13T03:53:25+00:00,"{'total': 4, 'adult_count': 4, 'child_count': 0, 'infant_count': 0, 'pet_count': 0}",cancelled,"[{'category': 'Accepted', 'status': 'accepted', 'changed_at': '2025-01-12T07:03:39+00:00'}, {'category': 'Cancelled', 'status': 'canceled', 'changed_at': '2025-01-26T14:59:15+00:00'}]"
975fe992-05ab-413f-922e-a46789d90446,HMPJDR245K,airbnb,HMPJDR245K,2025-02-17T00:24:47Z,2025-02-16T00:00:00-06:00,2025-02-17T00:00:00-06:00,2025-02-16T16:00:00-06:00,2025-02-17T11:00:00-06:00,1,"{'current': {'category': 'accepted', 'sub_category': None}, 'history': [{'category': 'request', 'sub_category': 'request to book', 'changed_at': '2025-02-16T23:13:30+00:00'}, {'category': 'accepted', 'sub_category': None, 'changed_at': '2025-02-17T00:24:58+00:00'}]}",52bbc747-7e79-4174-9839-7a405b0f34d7,2025-02-17T01:07:13+00:00,"{'total': 2, 'adult_count': 2, 'child_count': 0, 'infant_count': 0, 'pet_count': 0}",accepted,"[{'category': 'Pending', 'status': 'pending', 'changed_at': '2025-02-16T23:13:30+00:00'}, {'category': 'Accepted', 'status': 'accepted', 'changed_at': '2025-02-17T00:24:58+00:00'}]"
37d0d26e-a09c-4c73-ba00-3359398291aa,HMMA228HM3,airbnb,HMMA228HM3,2025-01-07T02:56:26Z,2025-02-12T00:00:00-06:00,2025-02-18T00:00:00-06:00,2025-02-12T16:00:00-06:00,2025-02-18T11:00:00-06:00,6,"{'current': {'category': 'cancelled', 'sub_category': None}, 'history': [{'category': 'accepted', 'sub_category': None, 'changed_at': '2025-01-07T02:56:37+00:00'}, {'category': 'cancelled', 'sub_category': None, 'changed_at': '2025-01-12T03:57:28+00:00'}]}",09afb7b2-8904-4b5a-bf4f-ee8466fa5f64,2025-01-12T03:57:17+00:00,"{'total': 1, 'adult_count': 1, 'child_count': 0, 'infant_count': 0, 'pet_count': 0}",cancelled,"[{'category': 'Accepted', 'status': 'accepted', 'changed_at': '2025-01-07T02:56:37+00:00'}, {'category': 'Cancelled', 'status': 'canceled', 'changed_at': '2025-01-12T03:57:28+00:00'}]"
2c51aca2-939b-4831-96bb-aca1b1e6bd95,HMA2FMRWMH,airbnb,HMA2FMRWMH,2024-09-14T14:48:09Z,2025-02-15T00:00:00-06:00,2025-02-21T00:00:00-06:00,2025-02-15T16:00:00-06:00,2025-02-21T11:00:00-06:00,6,"{'current': {'category': 'cancelled', 'sub_category': None}, 'history': [{'category': 'accepted', 'sub_category': None, 'changed_at': '2024-09-14T14:48:21+00:00'}, {'category': 'cancelled', 'sub_category': None, 'changed_at': '2025-01-17T01:22:51+00:00'}]}",386e81e7-e611-4600-b6c9-a3663d780c38,2024-09-15T17:58:11+00:00,"{'total': 13, 'adult_count': 13, 'child_count': 0, 'infant_count': 0, 'pet_count': 0}",cancelled,"[{'category': 'Accepted', 'status': 'accepted', 'changed_at': '2024-09-14T14:48:21+00:00'}, {'category': 'Cancelled', 'status': 'canceled', 'changed_at': '2025-01-17T01:22:51+00:00'}]"
c0e5d71a-2357-48f1-8e2b-57c9f35f332e,HMNXYBPHD8,airbnb,HMNXYBPHD8,2024-12-04T16:23:48Z,2025-02-21T00:00:00-06:00,2025-02-23T00:00:00-06:00,2025-02-21T16:00:00-06:00,2025-02-23T11:00:00-06:00,2,"{'current': {'category': 'cancelled', 'sub_category': None}, 'history': [{'category': 'accepted', 'sub_category': None, 'changed_at': '2024-12-04T16:25:49+00:00'}, {'category': 'cancelled', 'sub_category': None, 'changed_at': '2024-12-05T00:23:17+00:00'}]}",fa44e1b6-8b73-40fc-b1e4-ae5d8b57693d,2024-12-04T16:27:13+00:00,"{'total': 14, 'adult_count': 14, 'child_count': 0, 'infant_count': 0, 'pet_count': 0}",cancelled,"[{'category': 'Accepted', 'status': 'accepted', 'changed_at': '2024-12-04T16:25:49+00:00'}, {'category': 'Cancelled', 'status': 'canceled', 'changed_at': '2024-12-05T00:23:17+00:00'}]"
a52bf9bd-cebc-41a6-8d26-24c7dae44752,HM2Z3YBBA5,airbnb,HM2Z3YBBA5,2025-01-18T19:42:32Z,2025-02-15T00:00:00-06:00,2025-02-19T00:00:00-06:00,2025-02-15T16:00:00-06:00,2025-02-19T11:00:00-06:00,4,"{'current': {'category': 'accepted', 'sub_category': None}, 'history': [{'category': 'accepted', 'sub_category': None, 'changed_at': '2025-01-18T20:23:01+00:00'}]}",650afcdb-3f3c-4fa6-ac3c-045e2809368d,2025-02-16T20:53:50+00:00,"{'total': 13, 'adult_count': 13, 'child_count': 0, 'infant_count': 0, 'pet_count': 0}",accepted,"[{'category': 'Accepted', 'status': 'accepted', 'changed_at': '2025-01-18T20:23:01+00:00'}]"
7f1391c7-c233-4f48-acef-ff2dd9302677,HMK939WEMM,airbnb,HMK939WEMM,2024-12-19T02:40:58Z,2025-02-09T00:00:00-06:00,2025-02-18T00:00:00-06:00,2025-02-09T16:00:00-06:00,2025-02-18T11:00:00-06:00,9,"{'current': {'category': 'accepted', 'sub_category': None}, 'history': [{'category': 'accepted', 'sub_category': None, 'changed_at': '2024-12-19T02:41:11+00:00'}]}",27f89928-0e2c-47db-9e58-d8dc29c28973,2025-02-18T17:35:03+00:00,"{'total': 2, 'adult_count': 2, 'child_count': 0, 'infant_count': 0, 'pet_count': 0}",accepted,"[{'category': 'Accepted', 'status': 'accepted', 'changed_at': '2024-12-19T02:41:11+00:00'}]"
05beb1a2-13fc-490e-ba25-91a6fb193ea2,HMSXCBCTS4,airbnb,HMSXCBCTS4,2025-02-17T19:39:29Z,2025-02-18T00:00:00-06:00,2025-02-20T00:00:00-06:00,2025-02-18T16:00:00-06:00,2025-02-20T11:00:00-06:00,2,"{'current': {'category': 'accepted', 'sub_category': None}, 'history': [{'category': 'accepted', 'sub_category': None, 'changed_at': '2025-02-17T19:39:41+00:00'}]}",6a9ddfdd-44a3-4689-94d8-a43f360fff4e,2025-02-17T19:39:30+00:00,"{'total': 1, 'adult_count': 1, 'child_count': 0, 'infant_count': 0, 'pet_count': 0}",accepted,"[{'category': 'Accepted', 'status': 'accepted', 'changed_at': '2025-02-17T19:39:41+00:00'}]"
da9bea2d-4ea7-4687-9f34-fc6ca8a51c05,HMQHPHXAAF,airbnb,HMQHPHXAAF,2024-12-05T23:23:32Z,2025-02-17T00:00:00-06:00,2025-02-23T00:00:00-06:00,2025-02-17T16:00:00-06:00,2025-02-23T11:00:00-06:00,6,"{'current': {'category': 'accepted', 'sub_category': None}, 'history': [{'category': 'accepted', 'sub_category': None, 'changed_at': '2024-12-05T23:23:46+00:00'}]}",520abac6-60ec-4cbe-be4b-50c8556d1adb,2025-02-18T18:00:52+00:00,"{'total': 4, 'adult_count': 2, 'child_count': 2, 'infant_count': 0, 'pet_count': 0}",accepted,"[{'category': 'Accepted', 'status': 'accepted', 'changed_at': '2024-12-05T23:23:46+00:00'}]"
d67f448b-8443-486d-a748-1dbc609ad974,HMY8YSW5ND,airbnb,HMY8YSW5ND,2024-09-25T04:47:13Z,2025-02-13T00:00:00-06:00,2025-02-18T00:00:00-06:00,2025-02-13T16:00:00-06:00,2025-02-18T11:00:00-06:00,5,"{'current': {'category': 'accepted', 'sub_category': None}, 'history': [{'category': 'accepted', 'sub_category': None, 'changed_at': '2024-09-25T04:47:24+00:00'}]}",7078aae6-361d-43d6-9423-8b489507a8c4,2025-02-18T17:52:34+00:00,"{'total': 2, 'adult_count': 2, 'child_count': 0, 'infant_count': 0, 'pet_count': 0}",accepted,"[{'category': 'Accepted', 'status': 'accepted', 'changed_at': '2024-09-25T04:47:24+00:00'}]"
9ac90f37-63da-40eb-b830-79405ccbe74a,HM4W9CZ88P,airbnb,HM4W9CZ88P,2025-02-15T17:01:20Z,2025-02-19T00:00:00-06:00,2025-02-22T00:00:00-06:00,2025-02-19T16:00:00-06:00,2025-02-22T11:00:00-06:00,3,"{'current': {'category': 'accepted', 'sub_category': None}, 'history': [{'category': 'accepted', 'sub_category': None, 'changed_at': '2025-02-15T17:01:42+00:00'}]}",8ca365d4-5941-4785-b968-c452089ce353,2025-02-18T04:47:14+00:00,"{'total': 4, 'adult_count': 2, 'child_count': 2, 'infant_count': 0, 'pet_count': 0}",accepted,"[{'category': 'Accepted', 'status': 'accepted', 'changed_at': '2025-02-15T17:01:42+00:00'}]"
1c70bd37-915a-41e2-a584-932f57f9b830,HM95B9E5NA,airbnb,HM95B9E5NA,2025-02-18T17:00:23Z,2025-02-18T00:00:00-06:00,2025-02-19T00:00:00-06:00,2025-02-18T16:00:00-06:00,2025-02-19T11:00:00-06:00,1,"{'current': {'category': 'accepted', 'sub_category': None}, 'history': [{'category': 'accepted', 'sub_category': None, 'changed_at': '2025-02-18T17:00:49+00:00'}]}",a96b0f24-ec7b-4eb6-881b-f80899b06937,2025-02-18T18:34:27+00:00,"{'total': 2, 'adult_count': 2, 'child_count': 0, 'infant_count': 0, 'pet_count': 0}",accepted,"[{'category': 'Accepted', 'status': 'accepted', 'changed_at': '2025-02-18T17:00:49+00:00'}]"
9e3f2b9d-b4f3-43c5-adbd-be2b58bb5025,HMQ4YZHJZS,airbnb,HMQ4YZHJZS,2025-01-01T23:46:41Z,2025-02-15T00:00:00-06:00,2025-02-21T00:00:00-06:00,2025-02-15T16:00:00-06:00,2025-02-21T11:00:00-06:00,6,"{'current': {'category': 'accepted', 'sub_category': None}, 'history': [{'category': 'accepted', 'sub_category': None, 'changed_at': '2025-01-01T23:46:53+00:00'}]}",5878f595-dcbf-48dc-a0f5-e9ddcdf94b7f,2025-02-16T22:23:56+00:00,"{'total': 3, 'adult_count': 3, 'child_count': 0, 'infant_count': 0, 'pet_count': 0}",accepted,"[{'category': 'Accepted', 'status': 'accepted', 'changed_at': '2025-01-01T23:46:53+00:00'}]"
d38ae330-0ee5-4a8e-8c8a-5a9df390bec1,HMZ4MHXSDQ,airbnb,HMZ4MHXSDQ,2024-12-13T14:40:07Z,2025-01-06T00:00:00-06:00,2025-02-17T00:00:00-06:00,2025-01-06T16:00:00-06:00,2025-02-17T11:00:00-06:00,42,"{'current': {'category': 'accepted', 'sub_category': None}, 'history': [{'category': 'accepted', 'sub_category': None, 'changed_at': '2024-12-13T14:40:19+00:00'}]}",df11692a-cca3-4d02-813c-2e886d548fad,2025-01-30T16:20:24+00:00,"{'total': 3, 'adult_count': 2, 'child_count': 0, 'infant_count': 1, 'pet_count': 0}",accepted,"[{'category': 'Accepted', 'status': 'accepted', 'changed_at': '2024-12-13T14:40:19+00:00'}]"
20def986-76af-4791-8710-3d4bb60330e0,HM3DXRQ5B9,airbnb,HM3DXRQ5B9,2025-02-13T03:21:37Z,2025-02-18T00:00:00-06:00,2025-02-22T00:00:00-06:00,2025-02-18T16:00:00-06:00,2025-02-22T11:00:00-06:00,4,"{'current': {'category': 'accepted', 'sub_category': None}, 'history': [{'category': 'accepted', 'sub_category': None, 'changed_at': '2025-02-13T03:21:49+00:00'}]}",80699d81-b952-4768-bbdd-b54436b6ef62,2025-02-18T19:29:03+00:00,"{'total': 1, 'adult_count': 1, 'child_count': 0, 'infant_count': 0, 'pet_count': 0}",accepted,"[{'category': 'Accepted', 'status': 'accepted', 'changed_at': '2025-02-13T03:21:49+00:00'}]"
75da44d5-aa5a-472f-a83f-518a1a087021,HM8ZYM43Q5,airbnb,HM8ZYM43Q5,2025-02-17T18:13:53Z,2025-02-17T00:00:00-06:00,2025-02-18T00:00:00-06:00,2025-02-17T16:00:00-06:00,2025-02-18T11:00:00-06:00,1,"{'current': {'category': 'accepted', 'sub_category': None}, 'history': [{'category': 'request', 'sub_category': 'request to book', 'changed_at': '2025-02-17T17:50:22+00:00'}, {'category': 'request', 'sub_category': 'request for payment', 'changed_at': '2025-02-17T18:03:40+00:00'}, {'category': 'request', 'sub_category': 'request to book', 'changed_at': '2025-02-17T18:03:42+00:00'}, {'category': 'request', 'sub_category': 'request for payment', 'changed_at': '2025-02-17T18:12:45+00:00'}, {'category': 'accepted', 'sub_category': None, 'changed_at': '2025-02-17T18:14:07+00:00'}]}",14e84a5b-cb7f-4707-808c-2305381942ef,2025-02-17T19:46:56+00:00,"{'total': 2, 'adult_count': 2, 'child_count': 0, 'infant_count': 0, 'pet_count': 0}",accepted,"[{'category': 'Pending', 'status': 'pending', 'changed_at': '2025-02-17T17:50:22+00:00'}, {'category': 'Awaiting Payment', 'status': 'awaiting_payment', 'changed_at': '2025-02-17T18:03:40+00:00'}, {'category': 'Pending payment', 'status': 'pending_payment', 'changed_at': '2025-02-17T18:03:42+00:00'}, {'category': 'Awaiting Payment', 'status': 'awaiting_payment', 'changed_at': '2025-02-17T18:12:45+00:00'}, {'category': 'Accepted', 'status': 'accepted', 'changed_at': '2025-02-17T18:14:07+00:00'}]"
c8f8206b-7d4d-4f2d-8892-565536b4febd,HMWN5HMAXK,airbnb,HMWN5HMAXK,2024-12-16T12:22:24Z,2025-02-15T00:00:00-06:00,2025-02-17T00:00:00-06:00,2025-02-15T16:00:00-06:00,2025-02-17T11:00:00-06:00,2,"{'current': {'category': 'accepted', 'sub_category': None}, 'history': [{'category': 'accepted', 'sub_category': None, 'changed_at': '2024-12-16T12:22:38+00:00'}]}",f83c021b-23dc-4fdc-8e06-7d91e86e0213,2025-02-16T23:08:43+00:00,"{'total': 2, 'adult_count': 2, 'child_count': 0, 'infant_count': 0, 'pet_count': 0}",accepted,"[{'category': 'Accepted', 'status': 'accepted', 'changed_at': '2024-12-16T12:22:38+00:00'}]"
ba091da6-4926-4740-bec8-084d6b6c2642,8JUVCH,manual,8JUVCH,2025-02-14T16:41:44Z,2025-02-20T00:00:00-06:00,2025-02-21T00:00:00-06:00,2025-02-20T16:00:00-06:00,2025-02-21T11:00:00-06:00,1,"{'current': {'category': 'accepted', 'sub_category': None}, 'history': [{'category': 'accepted', 'sub_category': None, 'changed_at': '2025-02-14T16:41:44+00:00'}]}",d7e002c6-2245-4456-a71c-0eb6b0f60db0,2025-02-14T16:43:22+00:00,"{'total': 2, 'adult_count': 2, 'child_count': 0, 'infant_count': 0, 'pet_count': 0}",accepted,"[{'category': 'Accepted', 'status': 'accepted', 'changed_at': '2025-02-14T16:41:44+00:00'}]"
3087643b-b161-444d-aa8b-6fcf11bb9502,HM2JAKM3YC,airbnb,HM2JAKM3YC,2025-02-17T20:35:00Z,2025-02-17T00:00:00-06:00,2025-02-20T00:00:00-06:00,2025-02-17T16:00:00-06:00,2025-02-20T11:00:00-06:00,3,"{'current': {'category': 'accepted', 'sub_category': None}, 'history': [{'category': 'request', 'sub_category': 'request to book', 'changed_at': '2025-02-17T16:09:04+00:00'}, {'category': 'accepted', 'sub_category': None, 'changed_at': '2025-02-17T20:35:17+00:00'}]}",411afd60-f2c9-429d-9154-791a8c01826d,2025-02-18T17:01:06+00:00,"{'total': 3, 'adult_count': 3, 'child_count': 0, 'infant_count': 0, 'pet_count': 0}",accepted,"[{'category': 'Pending', 'status': 'pending', 'changed_at': '2025-02-17T16:09:04+00:00'}, {'category': 'Accepted', 'status': 'accepted', 'changed_at': '2025-02-17T20:35:17+00:00'}]"
d90f6aa5-8235-4acf-a717-7270cf4553b1,HMFSDKTD5P,airbnb,HMFSDKTD5P,2025-01-15T13:50:05Z,2025-02-12T00:00:00-06:00,2025-02-18T00:00:00-06:00,2025-02-12T16:00:00-06:00,2025-02-18T11:00:00-06:00,6,"{'current': {'category': 'cancelled', 'sub_category': None}, 'history': [{'category': 'accepted', 'sub_category': None, 'changed_at': '2025-01-15T13:50:19+00:00'}, {'category': 'cancelled', 'sub_category': None, 'changed_at': '2025-02-10T22:49:40+00:00'}]}",5ad6fda5-acbb-414e-beba-446c44fc8854,2025-02-11T00:43:53+00:00,"{'total': 3, 'adult_count': 3, 'child_count': 0, 'infant_count': 0, 'pet_count': 0}",cancelled,"[{'category': 'Accepted', 'status': 'accepted', 'changed_at': '2025-01-15T13:50:19+00:00'}, {'category': 'Cancelled', 'status': 'canceled', 'changed_at': '2025-02-10T22:49:40+00:00'}]"
0ba23a0e-86df-4c00-8c60-16f7d6667abb,HM5PSQ2BKJ,airbnb,HM5PSQ2BKJ,2024-06-07T02:48:54Z,2025-02-08T00:00:00-05:00,2025-02-21T00:00:00-05:00,2025-02-08T16:00:00-05:00,2025-02-21T11:00:00-05:00,13,"{'current': {'category': 'accepted', 'sub_category': None}, 'history': []}",339321ca-b6e6-4e3a-97fc-ee73521744da,2025-02-13T02:01:07+00:00,"{'total': 4, 'adult_count': 4, 'child_count': 0, 'infant_count': 0, 'pet_count': 0}",accepted,[]
b5972298-1ff2-4abe-949c-335f920fcae0,HM92KB3WNH,airbnb,HM92KB3WNH,2024-10-17T03:30:58Z,2025-02-20T00:00:00-06:00,2025-02-21T00:00:00-06:00,2025-02-20T16:00:00-06:00,2025-02-21T11:00:00-06:00,1,"{'current': {'category': 'cancelled', 'sub_category': None}, 'history': [{'category': 'accepted', 'sub_category': None, 'changed_at': '2024-10-17T03:31:12+00:00'}, {'category': 'cancelled', 'sub_category': None, 'changed_at': '2024-10-21T17:44:31+00:00'}]}",257c45fd-2667-458d-864a-02adacd9216b,2024-10-17T16:52:52+00:00,"{'total': 6, 'adult_count': 6, 'child_count': 0, 'infant_count': 0, 'pet_count': 0}",cancelled,"[{'category': 'Accepted', 'status': 'accepted', 'changed_at': '2024-10-17T03:31:12+00:00'}, {'category': 'Cancelled', 'status': 'canceled', 'changed_at': '2024-10-21T17:44:31+00:00'}]"
8c380039-2788-49c8-99c2-66dabee532e2,HMYZ2CWNXH,airbnb,HMYZ2CWNXH,2024-11-03T20:29:30Z,2025-02-15T00:00:00-06:00,2025-02-23T00:00:00-06:00,2025-02-15T16:00:00-06:00,2025-02-23T11:00:00-06:00,8,"{'current': {'category': 'accepted', 'sub_category': None}, 'history': [{'category': 'accepted', 'sub_category': None, 'changed_at': '2024-11-03T20:29:43+00:00'}]}",0ae1de40-1411-46a1-8679-c136914328da,2025-02-16T17:00:39+00:00,"{'total': 6, 'adult_count': 6, 'child_count': 0, 'infant_count': 0, 'pet_count': 0}",accepted,"[{'category': 'Accepted', 'status': 'accepted', 'changed_at': '2024-11-03T20:29:43+00:00'}]"
f9b00303-9aa6-4bf3-8117-1b28f742e980,HMCCXSQK2S,airbnb,HMCCXSQK2S,2025-02-06T18:20:40Z,2025-02-10T00:00:00-06:00,2025-02-17T00:00:00-06:00,2025-02-10T16:00:00-06:00,2025-02-17T11:00:00-06:00,7,"{'current': {'category': 'accepted', 'sub_category': None}, 'history': [{'category': 'accepted', 'sub_category': None, 'changed_at': '2025-02-06T18:20:52+00:00'}]}",a9ea9cf3-1b15-4a80-9c26-be08d894e1ca,2025-02-17T15:42:13+00:00,"{'total': 2, 'adult_count': 2, 'child_count': 0, 'infant_count': 0, 'pet_count': 0}",accepted,"[{'category': 'Accepted', 'status': 'accepted', 'changed_at': '2025-02-06T18:20:52+00:00'}]"
42beb2d4-8631-451c-8f6d-9ca625c695e4,HMNSJFWYC9,airbnb,HMNSJFWYC9,2025-02-15T00:32:11Z,2025-02-19T00:00:00-06:00,2025-02-20T00:00:00-06:00,2025-02-19T16:00:00-06:00,2025-02-20T11:00:00-06:00,1,"{'current': {'category': 'accepted', 'sub_category': None}, 'history': [{'category': 'accepted', 'sub_category': None, 'changed_at': '2025-02-15T00:32:24+00:00'}]}",c95768cf-e674-428a-ad7a-7ab340384da0,2025-02-17T22:00:52+00:00,"{'total': 3, 'adult_count': 3, 'child_count': 0, 'infant_count': 0, 'pet_count': 0}",accepted,"[{'category': 'Accepted', 'status': 'accepted', 'changed_at': '2025-02-15T00:32:24+00:00'}]"
7948c091-0cf3-457d-ab88-6194cc0bc717,HMF3Y2BMEH,airbnb,HMF3Y2BMEH,2025-02-15T21:35:57Z,2025-02-20T00:00:00-06:00,2025-02-22T00:00:00-06:00,2025-02-20T16:00:00-06:00,2025-02-22T11:00:00-06:00,2,"{'current': {'category': 'accepted', 'sub_category': None}, 'history': [{'category': 'accepted', 'sub_category': None, 'changed_at': '2025-02-15T21:36:09+00:00'}]}",83bbd623-1e7c-4209-90d7-a80727d5a195,2025-02-18T02:25:57+00:00,"{'total': 4, 'adult_count': 4, 'child_count': 0, 'infant_count': 0, 'pet_count': 0}",accepted,"[{'category': 'Accepted', 'status': 'accepted', 'changed_at': '2025-02-15T21:36:09+00:00'}]"
03f18035-c297-4348-a51c-c4a0ebcab82b,HMXHW9YSXT,airbnb,HMXHW9YSXT,2024-12-23T02:35:53Z,2025-02-16T00:00:00-06:00,2025-02-21T00:00:00-06:00,2025-02-16T16:00:00-06:00,2025-02-21T11:00:00-06:00,5,"{'current': {'category': 'accepted', 'sub_category': None}, 'history': [{'category': 'accepted', 'sub_category': None, 'changed_at': '2024-12-23T02:36:04+00:00'}]}",c3687966-3fd0-4f29-bd9f-853e59150682,2025-02-17T17:33:47+00:00,"{'total': 2, 'adult_count': 2, 'child_count': 0, 'infant_count': 0, 'pet_count': 0}",accepted,"[{'category': 'Accepted', 'status': 'accepted', 'changed_at': '2024-12-23T02:36:04+00:00'}]"
c725d781-afe3-4a77-8699-d6fc7646a0f5,HMWPW8HXTD,airbnb,HMWPW8HXTD,2025-02-16T03:05:53Z,2025-02-16T00:00:00-06:00,2025-02-18T00:00:00-06:00,2025-02-16T16:00:00-06:00,2025-02-18T11:00:00-06:00,2,"{'current': {'category': 'accepted', 'sub_category': None}, 'history': [{'category': 'accepted', 'sub_category': None, 'changed_at': '2025-02-16T03:06:05+00:00'}]}",b8c7e709-bf01-4e40-864d-fd80d5bb75b1,2025-02-18T16:45:22+00:00,"{'total': 2, 'adult_count': 2, 'child_count': 0, 'infant_count': 0, 'pet_count': 0}",accepted,"[{'category': 'Accepted', 'status': 'accepted', 'changed_at': '2025-02-16T03:06:05+00:00'}]"
5ba0804b-9220-4f29-8cd8-dc0ba4841fa0,HMRWJCFWZN,airbnb,HMRWJCFWZN,,2025-02-18T00:00:00-06:00,2025-02-19T00:00:00-06:00,2025-02-18T16:00:00-06:00,2025-02-19T11:00:00-06:00,1,"{'current': {'category': 'request', 'sub_category': 'request to book'}, 'history': [{'category': 'request', 'sub_category': 'request to book', 'changed_at': '2025-02-18T18:13:05+00:00'}]}",8628ca04-d07c-48fc-bb5f-971ec4798a27,2025-02-18T19:04:48+00:00,"{'total': 2, 'adult_count': 2, 'child_count': 0, 'infant_count': 0, 'pet_count': 0}",pending,"[{'category': 'Pending', 'status': 'pending', 'changed_at': '2025-02-18T18:13:05+00:00'}]"
c85e4de1-ac41-4e00-a895-ef19cb97698c,HM89RZDE8F,airbnb,HM89RZDE8F,2025-01-21T00:41:04Z,2025-02-15T00:00:00-06:00,2025-02-22T00:00:00-06:00,2025-02-15T16:00:00-06:00,2025-02-22T11:00:00-06:00,7,"{'current': {'category': 'accepted', 'sub_category': None}, 'history': [{'category': 'accepted', 'sub_category': None, 'changed_at': '2025-01-21T00:41:16+00:00'}]}",f3dcc8ac-4645-4622-abf2-859238276e41,2025-02-18T15:47:35+00:00,"{'total': 4, 'adult_count': 3, 'child_count': 1, 'infant_count': 0, 'pet_count': 0}",accepted,"[{'category': 'Accepted', 'status': 'accepted', 'changed_at': '2025-01-21T00:41:16+00:00'}]"
983d0496-a2f1-43c8-8519-ebf16ac2d61d,HMHNQHT9PK,airbnb,HMHNQHT9PK,2025-02-12T21:12:57Z,2025-02-13T00:00:00-06:00,2025-02-18T00:00:00-06:00,2025-02-13T16:00:00-06:00,2025-02-18T11:00:00-06:00,5,"{'current': {'category': 'accepted', 'sub_category': None}, 'history': [{'category': 'accepted', 'sub_category': None, 'changed_at': '2025-02-12T21:13:09+00:00'}]}",404294a4-273a-4d1e-b34b-a09ef801c5f0,2025-02-18T18:30:33+00:00,"{'total': 2, 'adult_count': 2, 'child_count': 0, 'infant_count': 0, 'pet_count': 0}",accepted,"[{'category': 'Accepted', 'status': 'accepted', 'changed_at': '2025-02-12T21:13:09+00:00'}]"
bc3365e0-8faf-4e92-93d0-3d297f395d06,HMRXYSEBQR,airbnb,HMRXYSEBQR,2025-02-17T01:13:44Z,2025-02-18T00:00:00-06:00,2025-02-22T00:00:00-06:00,2025-02-18T16:00:00-06:00,2025-02-22T11:00:00-06:00,4,"{'current': {'category': 'accepted', 'sub_category': None}, 'history': [{'category': 'accepted', 'sub_category': None, 'changed_at': '2025-02-17T01:13:56+00:00'}]}",11cff673-2f92-4944-b5ca-656fa209d302,2025-02-17T01:13:45+00:00,"{'total': 2, 'adult_count': 2, 'child_count': 0, 'infant_count': 0, 'pet_count': 0}",accepted,"[{'category': 'Accepted', 'status': 'accepted', 'changed_at': '2025-02-17T01:13:56+00:00'}]"
e0853720-38e1-41db-b82f-ae609b2b0d3e,HMAX33FFJS,airbnb,HMAX33FFJS,2025-02-16T05:04:01Z,2025-02-16T00:00:00-06:00,2025-02-17T00:00:00-06:00,2025-02-16T16:00:00-06:00,2025-02-17T11:00:00-06:00,1,"{'current': {'category': 'accepted', 'sub_category': None}, 'history': [{'category': 'accepted', 'sub_category': None, 'changed_at': '2025-02-16T05:04:14+00:00'}]}",55672cdc-4732-46d9-8c45-0f2183a9b07b,2025-02-16T05:05:26+00:00,"{'total': 2, 'adult_count': 2, 'child_count': 0, 'infant_count': 0, 'pet_count': 0}",accepted,"[{'category': 'Accepted', 'status': 'accepted', 'changed_at': '2025-02-16T05:04:14+00:00'}]"
dab5db84-ba5c-4046-863f-712a4ac759bc,HMYZTYZP9J,airbnb,HMYZTYZP9J,2025-02-13T21:32:31Z,2025-02-18T00:00:00-06:00,2025-02-22T00:00:00-06:00,2025-02-18T16:00:00-06:00,2025-02-22T11:00:00-06:00,4,"{'current': {'category': 'accepted', 'sub_category': None}, 'history': [{'category': 'accepted', 'sub_category': None, 'changed_at': '2025-02-13T21:33:18+00:00'}]}",b2c70597-b415-453a-8bc1-679b2752e26a,2025-02-17T03:03:06+00:00,"{'total': 4, 'adult_count': 4, 'child_count': 0, 'infant_count': 0, 'pet_count': 0}",accepted,"[{'category': 'Accepted', 'status': 'accepted', 'changed_at': '2025-02-13T21:33:18+00:00'}]"
07647650-e0b1-4857-907a-df656dd6de9d,HM9EDRWNDX,airbnb,HM9EDRWNDX,2025-02-15T21:58:45Z,2025-02-16T00:00:00-06:00,2025-02-17T00:00:00-06:00,2025-02-16T16:00:00-06:00,2025-02-17T11:00:00-06:00,1,"{'current': {'category': 'accepted', 'sub_category': None}, 'history': [{'category': 'accepted', 'sub_category': None, 'changed_at': '2025-02-15T21:58:57+00:00'}]}",0dcee88a-1851-400b-afa2-a98335612caf,2025-02-17T17:33:31+00:00,"{'total': 3, 'adult_count': 3, 'child_count': 0, 'infant_count': 0, 'pet_count': 0}",accepted,"[{'category': 'Accepted', 'status': 'accepted', 'changed_at': '2025-02-15T21:58:57+00:00'}]"
a1cf85b8-6e1e-4ea2-8b9e-25ad65ca6ba8,HMBN4J3CNC,airbnb,HMBN4J3CNC,2025-02-17T04:00:00Z,2025-02-22T00:00:00-06:00,2025-02-23T00:00:00-06:00,2025-02-22T16:00:00-06:00,2025-02-23T11:00:00-06:00,1,"{'current': {'category': 'accepted', 'sub_category': None}, 'history': [{'category': 'accepted', 'sub_category': None, 'changed_at': '2025-02-17T04:00:13+00:00'}]}",e1cbac78-6fa8-408f-81cf-cb27ae69b709,2025-02-17T04:02:08+00:00,"{'total': 4, 'adult_count': 4, 'child_count': 0, 'infant_count': 0, 'pet_count': 0}",accepted,"[{'category': 'Accepted', 'status': 'accepted', 'changed_at': '2025-02-17T04:00:13+00:00'}]"
d1ace41e-92d9-48f3-a3b8-b73c77a0d14d,HMWJYBPJXA,airbnb,HMWJYBPJXA,2025-02-12T19:29:23Z,2025-02-12T00:00:00-06:00,2025-02-17T00:00:00-06:00,2025-02-12T16:00:00-06:00,2025-02-17T11:00:00-06:00,5,"{'current': {'category': 'cancelled', 'sub_category': None}, 'history': [{'category': 'request', 'sub_category': 'request to book', 'changed_at': '2025-02-12T19:21:35+00:00'}, {'category': 'accepted', 'sub_category': None, 'changed_at': '2025-02-12T19:29:36+00:00'}, {'category': 'cancelled', 'sub_category': None, 'changed_at': '2025-02-12T20:47:22+00:00'}]}",1f5a4f1c-9d99-455f-9418-a7b8313bf5ce,2025-02-12T19:21:24+00:00,"{'total': 2, 'adult_count': 2, 'child_count': 0, 'infant_count': 0, 'pet_count': 0}",cancelled,"[{'category': 'Pending', 'status': 'pending', 'changed_at': '2025-02-12T19:21:35+00:00'}, {'category': 'Accepted', 'status': 'accepted', 'changed_at': '2025-02-12T19:29:36+00:00'}, {'category': 'Cancelled', 'status': 'canceled', 'changed_at': '2025-02-12T20:47:22+00:00'}]"
079f2926-79af-4aab-8499-869d4e5c93e9,HMZEWSSRAS,airbnb,HMZEWSSRAS,2025-02-16T19:28:11Z,2025-02-16T00:00:00-06:00,2025-02-17T00:00:00-06:00,2025-02-16T16:00:00-06:00,2025-02-17T11:00:00-06:00,1,"{'current': {'category': 'accepted', 'sub_category': None}, 'history': [{'category': 'unknown', 'sub_category': None, 'changed_at': '2025-02-16T19:09:00+00:00'}, {'category': 'request', 'sub_category': 'request to book', 'changed_at': '2025-02-16T19:10:45+00:00'}, {'category': 'accepted', 'sub_category': None, 'changed_at': '2025-02-16T19:28:25+00:00'}]}",08c050d0-bc12-489f-9261-c52d919970b0,2025-02-16T20:13:34+00:00,"{'total': 1, 'adult_count': 1, 'child_count': 0, 'infant_count': 0, 'pet_count': 0}",accepted,"[{'category': 'Checkpoint', 'status': 'checkpoint', 'changed_at': '2025-02-16T19:09:00+00:00'}, {'category': 'Pending', 'status': 'pending', 'changed_at': '2025-02-16T19:10:45+00:00'}, {'category': 'Accepted', 'status': 'accepted', 'changed_at': '2025-02-16T19:28:25+00:00'}]"
ba7358d1-d292-49a8-a8fc-17be12c07b76,HMPNFXNFCN,airbnb,HMPNFXNFCN,2025-02-16T20:33:48Z,2025-02-17T00:00:00-06:00,2025-02-22T00:00:00-06:00,2025-02-17T16:00:00-06:00,2025-02-22T11:00:00-06:00,5,"{'current': {'category': 'accepted', 'sub_category': None}, 'history': [{'category': 'accepted', 'sub_category': None, 'changed_at': '2025-02-16T20:34:01+00:00'}]}",c7042543-5899-42f1-998f-ca7e205da0f5,2025-02-18T18:36:14+00:00,"{'total': 1, 'adult_count': 1, 'child_count': 0, 'infant_count': 0, 'pet_count': 0}",accepted,"[{'category': 'Accepted', 'status': 'accepted', 'changed_at': '2025-02-16T20:34:01+00:00'}]"
83ec7a06-0d41-45ce-9a71-f88ecf7f4cef,HM4AD3EFDM,airbnb,HM4AD3EFDM,2025-01-08T01:12:13Z,2025-02-17T00:00:00-06:00,2025-02-21T00:00:00-06:00,2025-02-17T16:00:00-06:00,2025-02-21T11:00:00-06:00,4,"{'current': {'category': 'accepted', 'sub_category': None}, 'history': [{'category': 'accepted', 'sub_category': None, 'changed_at': '2025-01-08T01:12:25+00:00'}]}",b75c0dc2-d411-46b8-90d7-73bc364dd96b,2025-02-18T17:00:23+00:00,"{'total': 4, 'adult_count': 4, 'child_count': 0, 'infant_count': 0, 'pet_count': 0}",accepted,"[{'category': 'Accepted', 'status': 'accepted', 'changed_at': '2025-01-08T01:12:25+00:00'}]"
8d4e5564-4dd4-422c-aeaa-04f1bb0d1443,HMSJFHRQAP,airbnb,HMSJFHRQAP,2025-02-09T01:12:45Z,2025-02-14T00:00:00-06:00,2025-02-17T00:00:00-06:00,2025-02-14T16:00:00-06:00,2025-02-17T11:00:00-06:00,3,"{'current': {'category': 'accepted', 'sub_category': None}, 'history': [{'category': 'accepted', 'sub_category': None, 'changed_at': '2025-02-09T01:12:56+00:00'}]}",6626a0b8-acdf-4142-9d1f-771eb803947e,2025-02-16T00:18:04+00:00,"{'total': 2, 'adult_count': 2, 'child_count': 0, 'infant_count': 0, 'pet_count': 0}",accepted,"[{'category': 'Accepted', 'status': 'accepted', 'changed_at': '2025-02-09T01:12:56+00:00'}]"
bfd26bd2-e791-4010-8d2a-8f8a80630c27,HMCJXTXYCM,airbnb,HMCJXTXYCM,2025-01-11T16:02:38Z,2025-02-15T00:00:00-06:00,2025-02-19T00:00:00-06:00,2025-02-15T16:00:00-06:00,2025-02-19T11:00:00-06:00,4,"{'current': {'category': 'accepted', 'sub_category': None}, 'history': [{'category': 'accepted', 'sub_category': None, 'changed_at': '2025-01-11T16:02:51+00:00'}]}",ee41bebc-6461-4f6f-b2e2-dd508d5aaac6,2025-02-16T17:54:23+00:00,"{'total': 2, 'adult_count': 2, 'child_count': 0, 'infant_count': 0, 'pet_count': 0}",accepted,"[{'category': 'Accepted', 'status': 'accepted', 'changed_at': '2025-01-11T16:02:51+00:00'}]"
9116db93-b227-4419-ad3f-a7b8024023b8,HMPXFYKAEJ,airbnb,HMPXFYKAEJ,2025-01-30T05:23:51Z,2025-02-14T00:00:00-06:00,2025-02-18T00:00:00-06:00,2025-02-14T16:00:00-06:00,2025-02-18T11:00:00-06:00,4,"{'current': {'category': 'accepted', 'sub_category': None}, 'history': [{'category': 'accepted', 'sub_category': None, 'changed_at': '2025-01-30T05:24:03+00:00'}]}",0e753881-2139-4f5c-b76a-1c355ebe4618,2025-02-18T00:33:58+00:00,"{'total': 3, 'adult_count': 3, 'child_count': 0, 'infant_count': 0, 'pet_count': 0}",accepted,"[{'category': 'Accepted', 'status': 'accepted', 'changed_at': '2025-01-30T05:24:03+00:00'}]"
aa2cb07c-4f25-4994-bbad-d59a40719b4a,HMKDYAQB4N,airbnb,HMKDYAQB4N,2025-02-17T17:38:46Z,2025-02-18T00:00:00-06:00,2025-02-21T00:00:00-06:00,2025-02-18T16:00:00-06:00,2025-02-21T11:00:00-06:00,3,"{'current': {'category': 'accepted', 'sub_category': None}, 'history': [{'category': 'accepted', 'sub_category': None, 'changed_at': '2025-02-17T17:38:58+00:00'}]}",a99e6b7a-1619-4b86-b882-86d3211f3960,2025-02-17T21:33:00+00:00,"{'total': 3, 'adult_count': 3, 'child_count': 0, 'infant_count': 0, 'pet_count': 0}",accepted,"[{'category': 'Accepted', 'status': 'accepted', 'changed_at': '2025-02-17T17:38:58+00:00'}]"
ddb7a63b-271f-4be7-9c2a-a84b0f036d73,HM2D8TJM88,airbnb,HM2D8TJM88,2025-02-12T04:17:22Z,2025-02-13T00:00:00-06:00,2025-02-17T00:00:00-06:00,2025-02-13T16:00:00-06:00,2025-02-17T11:00:00-06:00,4,"{'current': {'category': 'cancelled', 'sub_category': None}, 'history': [{'category': 'accepted', 'sub_category': None, 'changed_at': '2025-02-12T04:17:34+00:00'}, {'category': 'cancelled', 'sub_category': None, 'changed_at': '2025-02-12T05:12:18+00:00'}]}",06342257-02a2-4e26-b651-d11e23a7f4f5,2025-02-12T04:19:15+00:00,"{'total': 2, 'adult_count': 2, 'child_count': 0, 'infant_count': 0, 'pet_count': 0}",cancelled,"[{'category': 'Accepted', 'status': 'accepted', 'changed_at': '2025-02-12T04:17:34+00:00'}, {'category': 'Cancelled', 'status': 'canceled', 'changed_at': '2025-02-12T05:12:18+00:00'}]"
28946c4b-44fa-446e-97bf-bb1472f9a05e,HMXZ5DP4E9,airbnb,HMXZ5DP4E9,,2025-02-16T00:00:00-06:00,2025-02-20T00:00:00-06:00,2025-02-16T16:00:00-06:00,2025-02-20T11:00:00-06:00,4,"{'current': {'category': 'not accepted', 'sub_category': 'expired'}, 'history': [{'category': 'unknown', 'sub_category': None, 'changed_at': '2025-02-16T22:50:09+00:00'}, {'category': 'request', 'sub_category': 'request to book', 'changed_at': '2025-02-16T22:51:43+00:00'}, {'category': 'not accepted', 'sub_category': 'expired', 'changed_at': '2025-02-16T22:58:31+00:00'}]}",9f68bfb7-b70a-4f8d-ba0c-ee29205f59f7,2025-02-16T22:49:58+00:00,"{'total': 2, 'adult_count': 2, 'child_count': 0, 'infant_count': 0, 'pet_count': 0}",cancelled,"[{'category': 'Checkpoint', 'status': 'checkpoint', 'changed_at': '2025-02-16T22:50:09+00:00'}, {'category': 'Pending', 'status': 'pending', 'changed_at': '2025-02-16T22:51:43+00:00'}, {'category': 'Cancelled', 'status': 'pending_voided', 'changed_at': '2025-02-16T22:58:31+00:00'}]"
1b28138b-43a3-4992-a734-7736a5123c61,HMCNHBBT9D,airbnb,HMCNHBBT9D,2025-02-17T19:48:21Z,2025-02-17T00:00:00-06:00,2025-02-20T00:00:00-06:00,2025-02-17T16:00:00-06:00,2025-02-20T11:00:00-06:00,3,"{'current': {'category': 'accepted', 'sub_category': None}, 'history': [{'category': 'request', 'sub_category': 'request to book', 'changed_at': '2025-02-17T18:44:33+00:00'}, {'category': 'accepted', 'sub_category': None, 'changed_at': '2025-02-17T19:48:34+00:00'}]}",7cfbd167-d992-479f-8e88-2b9385e3f3b4,2025-02-18T17:01:06+00:00,"{'total': 3, 'adult_count': 3, 'child_count': 0, 'infant_count': 0, 'pet_count': 0}",accepted,"[{'category': 'Pending', 'status': 'pending', 'changed_at': '2025-02-17T18:44:33+00:00'}, {'category': 'Accepted', 'status': 'accepted', 'changed_at': '2025-02-17T19:48:34+00:00'}]"
696f0d53-ce61-4845-8e6c-937d0e09aee6,HMXJ48EHMW,airbnb,HMXJ48EHMW,2025-01-22T00:53:44Z,2025-02-17T00:00:00-06:00,2025-02-21T00:00:00-06:00,2025-02-17T16:00:00-06:00,2025-02-21T11:00:00-06:00,4,"{'current': {'category': 'accepted', 'sub_category': None}, 'history': [{'category': 'accepted', 'sub_category': None, 'changed_at': '2025-01-22T00:53:57+00:00'}]}",c13cd9f2-98f4-4909-88b5-9afde3cf2dfe,2025-02-18T17:20:05+00:00,"{'total': 4, 'adult_count': 4, 'child_count': 0, 'infant_count': 0, 'pet_count': 0}",accepted,"[{'category': 'Accepted', 'status': 'accepted', 'changed_at': '2025-01-22T00:53:57+00:00'}]"
1908021f-7c48-451d-a02e-7d3160add0e6,HMSMSP3E2H,airbnb,HMSMSP3E2H,2025-02-11T05:37:43Z,2025-02-15T00:00:00-06:00,2025-02-17T00:00:00-06:00,2025-02-15T16:00:00-06:00,2025-02-17T11:00:00-06:00,2,"{'current': {'category': 'accepted', 'sub_category': None}, 'history': [{'category': 'accepted', 'sub_category': None, 'changed_at': '2025-02-11T05:37:55+00:00'}]}",200ec818-9119-4f78-b734-2fb367938626,2025-02-17T13:14:55+00:00,"{'total': 3, 'adult_count': 3, 'child_count': 0, 'infant_count': 0, 'pet_count': 0}",accepted,"[{'category': 'Accepted', 'status': 'accepted', 'changed_at': '2025-02-11T05:37:55+00:00'}]"
f88b53fc-893c-478b-87f5-cf31e2d12cc5,HMFQ43B3ES,airbnb,HMFQ43B3ES,2025-01-30T03:35:24Z,2025-02-18T00:00:00-06:00,2025-02-23T00:00:00-06:00,2025-02-18T16:00:00-06:00,2025-02-23T11:00:00-06:00,5,"{'current': {'category': 'accepted', 'sub_category': None}, 'history': [{'category': 'accepted', 'sub_category': None, 'changed_at': '2025-01-30T03:35:37+00:00'}]}",e5ec506a-33cd-4cb0-81fc-d719e63c36f2,2025-02-16T22:00:48+00:00,"{'total': 4, 'adult_count': 4, 'child_count': 0, 'infant_count': 0, 'pet_count': 0}",accepted,"[{'category': 'Accepted', 'status': 'accepted', 'changed_at': '2025-01-30T03:35:37+00:00'}]"
1c8236ef-b5ce-467c-ad1d-11863ae15b1c,HMRM9Y5FTF,airbnb,HMRM9Y5FTF,2025-02-04T17:20:52Z,2025-02-13T00:00:00-06:00,2025-02-18T00:00:00-06:00,2025-02-13T16:00:00-06:00,2025-02-18T11:00:00-06:00,5,"{'current': {'category': 'accepted', 'sub_category': None}, 'history': [{'category': 'accepted', 'sub_category': None, 'changed_at': '2025-02-04T17:21:04+00:00'}]}",ca8f8e12-6da7-47b6-b650-a0abce48e4db,2025-02-14T23:49:13+00:00,"{'total': 2, 'adult_count': 2, 'child_count': 0, 'infant_count': 0, 'pet_count': 0}",accepted,"[{'category': 'Accepted', 'status': 'accepted', 'changed_at': '2025-02-04T17:21:04+00:00'}]"
a794219b-017a-420c-8284-52aee86d824e,HM2SKPRCJ9,airbnb,HM2SKPRCJ9,2025-01-14T11:16:10Z,2025-02-16T00:00:00-06:00,2025-02-21T00:00:00-06:00,2025-02-16T16:00:00-06:00,2025-02-21T11:00:00-06:00,5,"{'current': {'category': 'accepted', 'sub_category': None}, 'history': [{'category': 'accepted', 'sub_category': None, 'changed_at': '2025-01-14T11:16:22+00:00'}]}",7e7af47c-b186-43de-9a9c-237771187638,2025-02-18T17:36:51+00:00,"{'total': 3, 'adult_count': 3, 'child_count': 0, 'infant_count': 0, 'pet_count': 0}",accepted,"[{'category': 'Accepted', 'status': 'accepted', 'changed_at': '2025-01-14T11:16:22+00:00'}]"
667a8b04-aa0a-4a11-9fae-b184ca40cf9b,HMFSEWHZNQ,airbnb,HMFSEWHZNQ,2025-02-06T23:10:23Z,2025-02-18T00:00:00-06:00,2025-02-20T00:00:00-06:00,2025-02-18T16:00:00-06:00,2025-02-20T11:00:00-06:00,2,"{'current': {'category': 'accepted', 'sub_category': None}, 'history': [{'category': 'accepted', 'sub_category': None, 'changed_at': '2025-02-06T23:10:34+00:00'}]}",b2d0715f-b2d3-4585-9ad8-c4e97c0a76c6,2025-02-18T19:26:56+00:00,"{'total': 5, 'adult_count': 5, 'child_count': 0, 'infant_count': 0, 'pet_count': 0}",accepted,"[{'category': 'Accepted', 'status': 'accepted', 'changed_at': '2025-02-06T23:10:34+00:00'}]"
0abac16c-0c4a-47f9-985b-74ebef417ce9,HM25W2WTFC,airbnb,HM25W2WTFC,2025-02-16T20:30:17Z,2025-02-17T00:00:00-06:00,2025-02-18T00:00:00-06:00,2025-02-17T16:00:00-06:00,2025-02-18T11:00:00-06:00,1,"{'current': {'category': 'accepted', 'sub_category': None}, 'history': [{'category': 'accepted', 'sub_category': None, 'changed_at': '2025-02-16T20:30:29+00:00'}]}",969b4636-32ca-4bf8-8bff-dad7fbfed6c4,2025-02-18T14:58:39+00:00,"{'total': 4, 'adult_count': 4, 'child_count': 0, 'infant_count': 0, 'pet_count': 0}",accepted,"[{'category': 'Accepted', 'status': 'accepted', 'changed_at': '2025-02-16T20:30:29+00:00'}]"
7c01a691-6b26-42aa-b016-4a5f7cb574f5,HMKXD3YSYB,airbnb,HMKXD3YSYB,2025-02-17T01:12:28Z,2025-02-22T00:00:00-06:00,2025-02-23T00:00:00-06:00,2025-02-22T16:00:00-06:00,2025-02-23T11:00:00-06:00,1,"{'current': {'category': 'accepted', 'sub_category': None}, 'history': [{'category': 'accepted', 'sub_category': None, 'changed_at': '2025-02-17T01:12:41+00:00'}]}",d8918a6f-3392-4d81-be11-16bd71134d2c,2025-02-18T05:07:36+00:00,"{'total': 6, 'adult_count': 6, 'child_count': 0, 'infant_count': 0, 'pet_count': 0}",accepted,"[{'category': 'Accepted', 'status': 'accepted', 'changed_at': '2025-02-17T01:12:41+00:00'}]"
e42e1799-298a-4982-80d7-28da8b9c68ae,HMSB4SKRYC,airbnb,HMSB4SKRYC,2025-01-20T23:42:11Z,2025-01-31T00:00:00-06:00,2025-02-19T00:00:00-06:00,2025-01-31T15:00:00-06:00,2025-02-19T11:00:00-06:00,19,"{'current': {'category': 'cancelled', 'sub_category': None}, 'history': [{'category': 'accepted', 'sub_category': None, 'changed_at': '2025-01-20T23:42:23+00:00'}, {'category': 'cancelled', 'sub_category': None, 'changed_at': '2025-01-31T04:02:55+00:00'}]}",79f6e052-1e3e-4f0e-a175-83ca535c04da,2025-01-31T03:02:57+00:00,"{'total': 2, 'adult_count': 2, 'child_count': 0, 'infant_count': 0, 'pet_count': 0}",cancelled,"[{'category': 'Accepted', 'status': 'accepted', 'changed_at': '2025-01-20T23:42:23+00:00'}, {'category': 'Cancelled', 'status': 'canceled', 'changed_at': '2025-01-31T04:02:55+00:00'}]"
82aa5c1f-cac4-4937-9fa9-b9f068a4e07d,HMAZJRYMP5,airbnb,HMAZJRYMP5,2025-01-17T22:55:42Z,2025-02-10T00:00:00-06:00,2025-02-17T00:00:00-06:00,2025-02-10T16:00:00-06:00,2025-02-17T11:00:00-06:00,7,"{'current': {'category': 'accepted', 'sub_category': None}, 'history': [{'category': 'accepted', 'sub_category': None, 'changed_at': '2025-01-17T22:55:54+00:00'}]}",9b7fe066-39f3-4a03-ab7c-f1f4b60cbad1,2025-02-15T17:55:58+00:00,"{'total': 3, 'adult_count': 3, 'child_count': 0, 'infant_count': 0, 'pet_count': 0}",accepted,"[{'category': 'Accepted', 'status': 'accepted', 'changed_at': '2025-01-17T22:55:54+00:00'}]"
bd8c9b16-2e65-4e32-b245-9a21ae9e1a49,HM2QEXCZ2Y,airbnb,HM2QEXCZ2Y,2025-01-23T22:00:08Z,2025-02-17T00:00:00-06:00,2025-02-23T00:00:00-06:00,2025-02-17T16:00:00-06:00,2025-02-23T11:00:00-06:00,6,"{'current': {'category': 'accepted', 'sub_category': None}, 'history': [{'category': 'accepted', 'sub_category': None, 'changed_at': '2025-01-23T22:00:23+00:00'}]}",ade9b60a-e6f7-4a47-b45e-5c5ba49aafe0,2025-02-18T17:00:23+00:00,"{'total': 4, 'adult_count': 4, 'child_count': 0, 'infant_count': 0, 'pet_count': 0}",accepted,"[{'category': 'Accepted', 'status': 'accepted', 'changed_at': '2025-01-23T22:00:23+00:00'}]"
6cadb237-e96b-4b1e-acf9-0772fef2bcf7,HMJRBRE8EP,airbnb,HMJRBRE8EP,2025-01-08T01:15:27Z,2025-02-12T00:00:00-06:00,2025-02-19T00:00:00-06:00,2025-02-12T16:00:00-06:00,2025-02-19T11:00:00-06:00,7,"{'current': {'category': 'not accepted', 'sub_category': 'declined'}, 'history': [{'category': 'request', 'sub_category': 'request to book', 'changed_at': '2025-01-08T00:53:49+00:00'}, {'category': 'not accepted', 'sub_category': 'declined', 'changed_at': '2025-01-08T01:15:40+00:00'}]}",fb2e6b0d-c4e8-4430-94f3-3a4539c76234,2025-01-08T01:15:28+00:00,"{'total': 2, 'adult_count': 2, 'child_count': 0, 'infant_count': 0, 'pet_count': 0}",denied,"[{'category': 'Pending', 'status': 'pending', 'changed_at': '2025-01-08T00:53:49+00:00'}, {'category': 'Denied', 'status': 'declined', 'changed_at': '2025-01-08T01:15:40+00:00'}]"
d77e1fae-1779-4038-8af6-a3f1e1772c44,CHNYUT,manual,CHNYUT,2025-01-16T01:08:39Z,2025-02-11T00:00:00-06:00,2025-02-22T00:00:00-06:00,2025-02-11T16:00:00-06:00,2025-02-22T11:00:00-06:00,11,"{'current': {'category': 'accepted', 'sub_category': None}, 'history': [{'category': 'accepted', 'sub_category': None, 'changed_at': '2025-01-16T01:08:39+00:00'}]}",32aa7583-9f0e-4497-a51e-f4e30c00e132,2025-02-12T17:00:05+00:00,"{'total': 2, 'adult_count': 2, 'child_count': 0, 'infant_count': 0, 'pet_count': 0}",accepted,"[{'category': 'Accepted', 'status': 'accepted', 'changed_at': '2025-01-16T01:08:39+00:00'}]"
5c095beb-64b0-420a-939e-c1ac12adcbc0,HMSBHND3RQ,airbnb,HMSBHND3RQ,2025-02-10T04:51:23Z,2025-02-14T00:00:00-06:00,2025-02-18T00:00:00-06:00,2025-02-14T16:00:00-06:00,2025-02-18T11:00:00-06:00,4,"{'current': {'category': 'accepted', 'sub_category': None}, 'history': [{'category': 'accepted', 'sub_category': None, 'changed_at': '2025-02-10T04:51:35+00:00'}]}",49cb2571-a2a5-4fab-8ab3-b59451ebf542,2025-02-18T19:28:00+00:00,"{'total': 2, 'adult_count': 2, 'child_count': 0, 'infant_count': 0, 'pet_count': 0}",accepted,"[{'category': 'Accepted', 'status': 'accepted', 'changed_at': '2025-02-10T04:51:35+00:00'}]"
83b442fe-622d-4df4-ac45-7e59db1c060f,HMWWSBTQRJ,airbnb,HMWWSBTQRJ,2025-02-18T17:54:16Z,2025-02-19T00:00:00-06:00,2025-02-23T00:00:00-06:00,2025-02-19T16:00:00-06:00,2025-02-23T11:00:00-06:00,4,"{'current': {'category': 'accepted', 'sub_category': None}, 'history': [{'category': 'accepted', 'sub_category': None, 'changed_at': '2025-02-18T17:54:30+00:00'}]}",25559e01-892f-470f-bae6-20df00754c92,2025-02-18T17:54:17+00:00,"{'total': 1, 'adult_count': 1, 'child_count': 0, 'infant_count': 0, 'pet_count': 0}",accepted,"[{'category': 'Accepted', 'status': 'accepted', 'changed_at': '2025-02-18T17:54:30+00:00'}]"
c8c912a6-30e6-4e0c-8b6e-f14898442aaf,HMBX535MZW,airbnb,HMBX535MZW,2024-07-05T20:41:58Z,2025-02-12T00:00:00-06:00,2025-02-19T00:00:00-06:00,2025-02-12T16:00:00-06:00,2025-02-19T11:00:00-06:00,7,"{'current': {'category': 'accepted', 'sub_category': None}, 'history': [{'category': 'accepted', 'sub_category': None, 'changed_at': '2024-07-05T20:42:09+00:00'}]}",dc605cf7-7b94-425c-9f76-c9cd486f4ec5,2025-02-13T17:00:35+00:00,"{'total': 2, 'adult_count': 2, 'child_count': 0, 'infant_count': 0, 'pet_count': 0}",accepted,"[{'category': 'Accepted', 'status': 'accepted', 'changed_at': '2024-07-05T20:42:09+00:00'}]"
b6c7bd52-069f-44d4-ac6a-aa9df347a518,HMR5FME25W,airbnb,HMR5FME25W,2025-01-25T21:04:13Z,2025-02-20T00:00:00-06:00,2025-02-22T00:00:00-06:00,2025-02-20T16:00:00-06:00,2025-02-22T11:00:00-06:00,2,"{'current': {'category': 'accepted', 'sub_category': None}, 'history': [{'category': 'accepted', 'sub_category': None, 'changed_at': '2025-01-25T21:04:26+00:00'}]}",c021d16e-ab05-4759-8aa3-ad31788622b6,2025-02-17T19:48:07+00:00,"{'total': 2, 'adult_count': 2, 'child_count': 0, 'infant_count': 0, 'pet_count': 0}",accepted,"[{'category': 'Accepted', 'status': 'accepted', 'changed_at': '2025-01-25T21:04:26+00:00'}]"
daa14e9e-1e3d-4020-91a7-f5b2bd948ae9,HM33AX9SSJ,airbnb,HM33AX9SSJ,2025-02-16T07:49:56Z,2025-02-19T00:00:00-06:00,2025-02-20T00:00:00-06:00,2025-02-19T16:00:00-06:00,2025-02-20T11:00:00-06:00,1,"{'current': {'category': 'accepted', 'sub_category': None}, 'history': [{'category': 'accepted', 'sub_category': None, 'changed_at': '2025-02-16T07:50:10+00:00'}]}",24cb9fbe-4bc9-4cb8-8187-db6766f9d098,2025-02-18T02:28:27+00:00,"{'total': 1, 'adult_count': 1, 'child_count': 0, 'infant_count': 0, 'pet_count': 0}",accepted,"[{'category': 'Accepted', 'status': 'accepted', 'changed_at': '2025-02-16T07:50:10+00:00'}]"
2d1a9964-faf6-4f42-b5d9-49ed993ad37f,HMTTFECRYZ,airbnb,HMTTFECRYZ,2025-02-16T17:24:28Z,2025-02-16T00:00:00-06:00,2025-02-18T00:00:00-06:00,2025-02-16T16:00:00-06:00,2025-02-18T11:00:00-06:00,2,"{'current': {'category': 'accepted', 'sub_category': None}, 'history': [{'category': 'accepted', 'sub_category': None, 'changed_at': '2025-02-16T17:24:50+00:00'}]}",9052f6e1-2a16-423f-a1a0-462f2dc37698,2025-02-17T17:01:35+00:00,"{'total': 2, 'adult_count': 2, 'child_count': 0, 'infant_count': 0, 'pet_count': 0}",accepted,"[{'category': 'Accepted', 'status': 'accepted', 'changed_at': '2025-02-16T17:24:50+00:00'}]"
b9358706-fa62-40d8-b61d-8636a7bb1718,HMWCFYKAJF,airbnb,HMWCFYKAJF,2025-02-13T16:35:42Z,2025-02-14T00:00:00-06:00,2025-02-20T00:00:00-06:00,2025-02-14T16:00:00-06:00,2025-02-20T11:00:00-06:00,6,"{'current': {'category': 'accepted', 'sub_category': None}, 'history': [{'category': 'accepted', 'sub_category': None, 'changed_at': '2025-02-13T16:35:55+00:00'}]}",36e7eec6-26b3-4f44-b740-76a70abb029d,2025-02-17T23:06:25+00:00,"{'total': 2, 'adult_count': 2, 'child_count': 0, 'infant_count': 0, 'pet_count': 0}",accepted,"[{'category': 'Accepted', 'status': 'accepted', 'changed_at': '2025-02-13T16:35:55+00:00'}]"
8160fd88-1055-4449-8d6d-6c1d2625ead4,HMMT2EDNEM,airbnb,HMMT2EDNEM,2025-02-17T19:37:22Z,2025-02-20T00:00:00-06:00,2025-02-22T00:00:00-06:00,2025-02-20T16:00:00-06:00,2025-02-22T11:00:00-06:00,2,"{'current': {'category': 'accepted', 'sub_category': None}, 'history': [{'category': 'accepted', 'sub_category': None, 'changed_at': '2025-02-17T19:37:35+00:00'}]}",ec2e8749-23d0-4399-8167-334cb17d7c37,2025-02-17T21:52:06+00:00,"{'total': 2, 'adult_count': 2, 'child_count': 0, 'infant_count': 0, 'pet_count': 0}",accepted,"[{'category': 'Accepted', 'status': 'accepted', 'changed_at': '2025-02-17T19:37:35+00:00'}]"
2b79a2c8-52db-4f5c-949a-9745720484c4,HM3ABWWR4X,airbnb,HM3ABWWR4X,2025-01-10T21:22:03Z,2025-02-12T00:00:00-06:00,2025-02-17T00:00:00-06:00,2025-02-12T16:00:00-06:00,2025-02-17T11:00:00-06:00,5,"{'current': {'category': 'accepted', 'sub_category': None}, 'history': [{'category': 'accepted', 'sub_category': None, 'changed_at': '2025-01-10T21:22:17+00:00'}]}",3aa2b20a-ee72-4af1-af21-675401671f03,2025-02-17T17:39:55+00:00,"{'total': 6, 'adult_count': 6, 'child_count': 0, 'infant_count': 0, 'pet_count': 0}",accepted,"[{'category': 'Accepted', 'status': 'accepted', 'changed_at': '2025-01-10T21:22:17+00:00'}]"
3612fea6-e053-40a4-ab51-acaf1bf3f2d7,HMCJC2CFPY,airbnb,HMCJC2CFPY,2025-01-17T22:36:20Z,2025-02-17T00:00:00-06:00,2025-02-21T00:00:00-06:00,2025-02-17T16:00:00-06:00,2025-02-21T11:00:00-06:00,4,"{'current': {'category': 'accepted', 'sub_category': None}, 'history': [{'category': 'accepted', 'sub_category': None, 'changed_at': '2025-01-17T22:36:33+00:00'}]}",4369239a-61e8-4a12-b60d-beaaf4d29977,2025-02-18T17:25:24+00:00,"{'total': 6, 'adult_count': 6, 'child_count': 0, 'infant_count': 0, 'pet_count': 0}",accepted,"[{'category': 'Accepted', 'status': 'accepted', 'changed_at': '2025-01-17T22:36:33+00:00'}]"
2537388b-4071-405c-b92e-9255bf90a6de,HMBHYYF8FC,airbnb,HMBHYYF8FC,2025-01-21T04:29:43Z,2025-01-24T00:00:00-06:00,2025-02-20T00:00:00-06:00,2025-01-24T16:00:00-06:00,2025-02-20T11:00:00-06:00,27,"{'current': {'category': 'accepted', 'sub_category': None}, 'history': [{'category': 'accepted', 'sub_category': None, 'changed_at': '2025-01-21T04:29:57+00:00'}]}",65ee5a97-9890-4006-b721-cc9fb81fe961,2025-02-10T23:15:44+00:00,"{'total': 4, 'adult_count': 4, 'child_count': 0, 'infant_count': 0, 'pet_count': 0}",accepted,"[{'category': 'Accepted', 'status': 'accepted', 'changed_at': '2025-01-21T04:29:57+00:00'}]"
8af53b7c-833a-4bdc-af6d-2191298ca346,HMTQN2DHKR,airbnb,HMTQN2DHKR,2024-12-23T01:40:43Z,2025-02-15T00:00:00-06:00,2025-02-22T00:00:00-06:00,2025-02-15T16:00:00-06:00,2025-02-22T11:00:00-06:00,7,"{'current': {'category': 'accepted', 'sub_category': None}, 'history': [{'category': 'accepted', 'sub_category': None, 'changed_at': '2024-12-23T01:40:56+00:00'}]}",9c3c549f-8846-491b-bc39-5b676559adb0,2025-02-16T17:00:43+00:00,"{'total': 5, 'adult_count': 5, 'child_count': 0, 'infant_count': 0, 'pet_count': 0}",accepted,"[{'category': 'Accepted', 'status': 'accepted', 'changed_at': '2024-12-23T01:40:56+00:00'}]"
981d2c5f-67f6-4519-a671-a649a445012a,HMKZTX5ZZS,airbnb,HMKZTX5ZZS,2024-10-01T01:45:03Z,2025-02-12T00:00:00-06:00,2025-02-18T00:00:00-06:00,2025-02-12T16:00:00-06:00,2025-02-18T11:00:00-06:00,6,"{'current': {'category': 'accepted', 'sub_category': None}, 'history': [{'category': 'accepted', 'sub_category': None, 'changed_at': '2024-10-01T01:45:15+00:00'}]}",5d7e6d94-ce3c-41b9-bb27-6e246f4f1f75,2025-02-14T17:22:19+00:00,"{'total': 5, 'adult_count': 4, 'child_count': 0, 'infant_count': 1, 'pet_count': 0}",accepted,"[{'category': 'Accepted', 'status': 'accepted', 'changed_at': '2024-10-01T01:45:15+00:00'}]"
6872df2f-8c15-4248-a176-1db39b9ed590,HM5ABT8H2J,airbnb,HM5ABT8H2J,2024-10-05T16:08:15Z,2025-02-18T00:00:00-06:00,2025-02-23T00:00:00-06:00,2025-02-18T16:00:00-06:00,2025-02-23T11:00:00-06:00,5,"{'current': {'category': 'accepted', 'sub_category': None}, 'history': [{'category': 'accepted', 'sub_category': None, 'changed_at': '2024-10-05T16:08:28+00:00'}]}",dd9c442a-81c0-49a8-89dc-c5c2510e9033,2025-02-16T22:00:44+00:00,"{'total': 2, 'adult_count': 2, 'child_count': 0, 'infant_count': 0, 'pet_count': 0}",accepted,"[{'category': 'Accepted', 'status': 'accepted', 'changed_at': '2024-10-05T16:08:28+00:00'}]"
340fb827-6b68-4727-b4cc-0e1cf169581d,HMT4X5SEDN,airbnb,HMT4X5SEDN,2024-12-07T20:59:43Z,2025-02-17T00:00:00-06:00,2025-02-21T00:00:00-06:00,2025-02-17T16:00:00-06:00,2025-02-21T11:00:00-06:00,4,"{'current': {'category': 'cancelled', 'sub_category': None}, 'history': [{'category': 'accepted', 'sub_category': None, 'changed_at': '2024-12-07T20:59:55+00:00'}, {'category': 'cancelled', 'sub_category': None, 'changed_at': '2025-02-02T01:36:04+00:00'}]}",ba69f85f-f848-4468-ac66-04ee8459bb39,2025-02-02T01:35:51+00:00,"{'total': 3, 'adult_count': 2, 'child_count': 0, 'infant_count': 1, 'pet_count': 0}",cancelled,"[{'category': 'Accepted', 'status': 'accepted', 'changed_at': '2024-12-07T20:59:55+00:00'}, {'category': 'Cancelled', 'status': 'canceled', 'changed_at': '2025-02-02T01:36:04+00:00'}]"
13bf503b-0f28-457a-896c-c6a1386ac2c4,HMCWNNQXQN,airbnb,HMCWNNQXQN,2024-12-15T03:10:19Z,2025-02-14T00:00:00-06:00,2025-02-17T00:00:00-06:00,2025-02-14T16:00:00-06:00,2025-02-17T11:00:00-06:00,3,"{'current': {'category': 'accepted', 'sub_category': None}, 'history': [{'category': 'accepted', 'sub_category': None, 'changed_at': '2024-12-15T03:10:31+00:00'}]}",e30c5fca-2401-4c34-842b-e7a83dc60adc,2025-02-17T20:12:31+00:00,"{'total': 2, 'adult_count': 2, 'child_count': 0, 'infant_count': 0, 'pet_count': 0}",accepted,"[{'category': 'Accepted', 'status': 'accepted', 'changed_at': '2024-12-15T03:10:31+00:00'}]"
ef225b8d-8e3f-4daf-b682-da54d733f174,HMNNARJ2CK,airbnb,HMNNARJ2CK,2025-02-07T15:32:58Z,2025-02-18T00:00:00-06:00,2025-02-20T00:00:00-06:00,2025-02-18T16:00:00-06:00,2025-02-20T11:00:00-06:00,2,"{'current': {'category': 'accepted', 'sub_category': None}, 'history': [{'category': 'accepted', 'sub_category': None, 'changed_at': '2025-02-07T15:33:10+00:00'}]}",b7c060a7-55b3-47c5-83ec-0d90fc72f86a,2025-02-18T18:30:42+00:00,"{'total': 1, 'adult_count': 1, 'child_count': 0, 'infant_count': 0, 'pet_count': 0}",accepted,"[{'category': 'Accepted', 'status': 'accepted', 'changed_at': '2025-02-07T15:33:10+00:00'}]"
9475b375-c1f1-45ae-87ee-599348801b12,HMTTSPK5T8,airbnb,HMTTSPK5T8,2025-02-17T17:03:48Z,2025-02-17T00:00:00-06:00,2025-02-18T00:00:00-06:00,2025-02-17T16:00:00-06:00,2025-02-18T11:00:00-06:00,1,"{'current': {'category': 'accepted', 'sub_category': None}, 'history': [{'category': 'accepted', 'sub_category': None, 'changed_at': '2025-02-17T17:04:00+00:00'}]}",f6acc29b-216b-41e7-95c3-ba90f488d52b,2025-02-18T18:07:43+00:00,"{'total': 2, 'adult_count': 2, 'child_count': 0, 'infant_count': 0, 'pet_count': 0}",accepted,"[{'category': 'Accepted', 'status': 'accepted', 'changed_at': '2025-02-17T17:04:00+00:00'}]"
e741d87a-5941-45b9-9d95-adf79fa447d9,HMHQZDK4NQ,airbnb,HMHQZDK4NQ,2024-10-16T09:35:59Z,2025-02-13T00:00:00-06:00,2025-02-21T00:00:00-06:00,2025-02-13T16:00:00-06:00,2025-02-21T11:00:00-06:00,8,"{'current': {'category': 'accepted', 'sub_category': None}, 'history': [{'category': 'accepted', 'sub_category': None, 'changed_at': '2024-10-16T09:36:13+00:00'}]}",75fb59d6-6bd6-4f93-93c7-2af84a4bbe79,2025-02-17T22:32:33+00:00,"{'total': 2, 'adult_count': 2, 'child_count': 0, 'infant_count': 0, 'pet_count': 0}",accepted,"[{'category': 'Accepted', 'status': 'accepted', 'changed_at': '2024-10-16T09:36:13+00:00'}]"
aecd096e-da9a-4ccc-b582-11c5b2e99ae1,HMDPEJQZ8Q,airbnb,HMDPEJQZ8Q,2024-11-01T23:20:04Z,2025-02-09T00:00:00-06:00,2025-02-17T00:00:00-06:00,2025-02-09T16:00:00-06:00,2025-02-17T11:00:00-06:00,8,"{'current': {'category': 'accepted', 'sub_category': None}, 'history': [{'category': 'accepted', 'sub_category': None, 'changed_at': '2024-11-01T23:20:17+00:00'}]}",1a0501a6-f054-4119-95b7-4217f5b370b8,2025-02-10T18:00:19+00:00,"{'total': 2, 'adult_count': 2, 'child_count': 0, 'infant_count': 0, 'pet_count': 0}",accepted,"[{'category': 'Accepted', 'status': 'accepted', 'changed_at': '2024-11-01T23:20:17+00:00'}]"
deec11b2-473c-4033-9195-399ad7f5d8f1,HMTHA4CW3Y,airbnb,HMTHA4CW3Y,2025-01-11T15:27:12Z,2025-02-17T00:00:00-06:00,2025-02-21T00:00:00-06:00,2025-02-17T16:00:00-06:00,2025-02-21T11:00:00-06:00,4,"{'current': {'category': 'cancelled', 'sub_category': None}, 'history': [{'category': 'accepted', 'sub_category': None, 'changed_at': '2025-01-11T15:27:25+00:00'}, {'category': 'cancelled', 'sub_category': None, 'changed_at': '2025-02-09T13:30:44+00:00'}]}",24d0bea7-84b8-4513-b828-7740ec6e1e5e,2025-01-11T15:28:27+00:00,"{'total': 2, 'adult_count': 2, 'child_count': 0, 'infant_count': 0, 'pet_count': 0}",cancelled,"[{'category': 'Accepted', 'status': 'accepted', 'changed_at': '2025-01-11T15:27:25+00:00'}, {'category': 'Cancelled', 'status': 'canceled', 'changed_at': '2025-02-09T13:30:44+00:00'}]"
56ac8f3d-f2bb-469c-a48d-04a86137131b,HMJSDSA4Z4,airbnb,HMJSDSA4Z4,2025-02-14T19:09:33Z,2025-02-18T00:00:00-06:00,2025-02-20T00:00:00-06:00,2025-02-18T16:00:00-06:00,2025-02-20T11:00:00-06:00,2,"{'current': {'category': 'cancelled', 'sub_category': None}, 'history': [{'category': 'accepted', 'sub_category': None, 'changed_at': '2025-02-14T19:09:46+00:00'}, {'category': 'cancelled', 'sub_category': None, 'changed_at': '2025-02-15T00:45:39+00:00'}]}",828d65a9-0605-451f-b466-e05af15cb784,2025-02-15T00:45:25+00:00,"{'total': 1, 'adult_count': 1, 'child_count': 0, 'infant_count': 0, 'pet_count': 0}",cancelled,"[{'category': 'Accepted', 'status': 'accepted', 'changed_at': '2025-02-14T19:09:46+00:00'}, {'category': 'Cancelled', 'status': 'canceled', 'changed_at': '2025-02-15T00:45:39+00:00'}]"
e77b54f1-2060-48d1-8f6a-580083783ca0,HMYNQ4RDM5,airbnb,HMYNQ4RDM5,2025-02-17T17:09:11Z,2025-02-18T00:00:00-06:00,2025-02-21T00:00:00-06:00,2025-02-18T16:00:00-06:00,2025-02-21T11:00:00-06:00,3,"{'current': {'category': 'accepted', 'sub_category': None}, 'history': [{'category': 'accepted', 'sub_category': None, 'changed_at': '2025-02-17T17:09:24+00:00'}]}",af5b4663-eb25-406e-8937-a7e57ff68da8,2025-02-17T17:09:12+00:00,"{'total': 1, 'adult_count': 1, 'child_count': 0, 'infant_count': 0, 'pet_count': 0}",accepted,"[{'category': 'Accepted', 'status': 'accepted', 'changed_at': '2025-02-17T17:09:24+00:00'}]"
74fda190-77c9-4e2b-8652-b67981a74f4d,VMFICE,manual,VMFICE,2024-12-12T16:39:45Z,2025-02-15T00:00:00-06:00,2025-02-21T00:00:00-06:00,2025-02-15T16:00:00-06:00,2025-02-21T11:00:00-06:00,6,"{'current': {'category': 'accepted', 'sub_category': None}, 'history': [{'category': 'accepted', 'sub_category': None, 'changed_at': '2024-12-12T16:39:45+00:00'}]}",f12dbca1-dc57-4bfe-a824-a1a242b5e234,2025-02-16T17:00:04+00:00,"{'total': 2, 'adult_count': 2, 'child_count': 0, 'infant_count': 0, 'pet_count': 0}",accepted,"[{'category': 'Accepted', 'status': 'accepted', 'changed_at': '2024-12-12T16:39:45+00:00'}]"
e18db3ad-3cd0-43f9-a02d-dd6308cd6f4e,HMS3JZJWYM,airbnb,HMS3JZJWYM,2024-11-11T04:46:59Z,2025-02-11T00:00:00-06:00,2025-02-17T00:00:00-06:00,2025-02-11T16:00:00-06:00,2025-02-17T11:00:00-06:00,6,"{'current': {'category': 'cancelled', 'sub_category': None}, 'history': [{'category': 'accepted', 'sub_category': None, 'changed_at': '2024-11-11T04:47:10+00:00'}, {'category': 'cancelled', 'sub_category': None, 'changed_at': '2024-11-19T04:51:26+00:00'}]}",d872409c-5825-416e-b5d3-2552d9d898d2,2024-11-11T04:48:16+00:00,"{'total': 2, 'adult_count': 2, 'child_count': 0, 'infant_count': 0, 'pet_count': 0}",cancelled,"[{'category': 'Accepted', 'status': 'accepted', 'changed_at': '2024-11-11T04:47:10+00:00'}, {'category': 'Cancelled', 'status': 'canceled', 'changed_at': '2024-11-19T04:51:26+00:00'}]"
56c00203-2670-4666-addf-783eeb09a83a,HMKCYCZFMA,airbnb,HMKCYCZFMA,2024-11-27T19:16:55Z,2025-02-13T00:00:00-06:00,2025-02-17T00:00:00-06:00,2025-02-13T16:00:00-06:00,2025-02-17T11:00:00-06:00,4,"{'current': {'category': 'cancelled', 'sub_category': None}, 'history': [{'category': 'accepted', 'sub_category': None, 'changed_at': '2024-11-27T19:17:07+00:00'}, {'category': 'cancelled', 'sub_category': None, 'changed_at': '2025-01-28T23:58:24+00:00'}]}",34de79f2-32cd-4cb5-a469-d54441011e68,2024-11-27T19:19:08+00:00,"{'total': 2, 'adult_count': 2, 'child_count': 0, 'infant_count': 0, 'pet_count': 0}",cancelled,"[{'category': 'Accepted', 'status': 'accepted', 'changed_at': '2024-11-27T19:17:07+00:00'}, {'category': 'Cancelled', 'status': 'canceled', 'changed_at': '2025-01-28T23:58:24+00:00'}]"
b3ff585a-31ba-4f35-89e8-90194b6204e1,HM9BHNPH8Z,airbnb,HM9BHNPH8Z,2025-01-16T19:56:41Z,2025-02-18T00:00:00-06:00,2025-02-21T00:00:00-06:00,2025-02-18T16:00:00-06:00,2025-02-21T11:00:00-06:00,3,"{'current': {'category': 'accepted', 'sub_category': None}, 'history': [{'category': 'accepted', 'sub_category': None, 'changed_at': '2025-01-16T19:56:53+00:00'}]}",2c3d0c69-892a-448e-9838-ecc62ee53800,2025-02-18T02:50:27+00:00,"{'total': 2, 'adult_count': 2, 'child_count': 0, 'infant_count': 0, 'pet_count': 0}",accepted,"[{'category': 'Accepted', 'status': 'accepted', 'changed_at': '2025-01-16T19:56:53+00:00'}]"
222e3633-fa89-4c7a-b71a-ce7fad7e14fb,HMWB3H4MM8,airbnb,HMWB3H4MM8,2025-01-29T01:12:29Z,2025-02-11T00:00:00-06:00,2025-02-18T00:00:00-06:00,2025-02-11T16:00:00-06:00,2025-02-18T11:00:00-06:00,7,"{'current': {'category': 'accepted', 'sub_category': None}, 'history': [{'category': 'accepted', 'sub_category': None, 'changed_at': '2025-01-29T01:12:41+00:00'}]}",e2de5d96-3937-41c5-b3ed-f398f8a7656d,2025-02-14T22:48:31+00:00,"{'total': 2, 'adult_count': 2, 'child_count': 0, 'infant_count': 0, 'pet_count': 0}",accepted,"[{'category': 'Accepted', 'status': 'accepted', 'changed_at': '2025-01-29T01:12:41+00:00'}]"
81725d9e-46b7-4789-8b30-882e78c260af,HMDSERCKZN,airbnb,HMDSERCKZN,2024-11-11T01:14:45Z,2025-02-13T00:00:00-06:00,2025-02-18T00:00:00-06:00,2025-02-13T16:00:00-06:00,2025-02-18T11:00:00-06:00,5,"{'current': {'category': 'cancelled', 'sub_category': None}, 'history': [{'category': 'accepted', 'sub_category': None, 'changed_at': '2024-11-11T01:14:58+00:00'}, {'category': 'cancelled', 'sub_category': None, 'changed_at': '2025-02-18T12:24:08+00:00'}]}",30fbc187-ed1a-472c-8c58-7aeba32bb938,2025-02-15T21:32:04+00:00,"{'total': 1, 'adult_count': 1, 'child_count': 0, 'infant_count': 0, 'pet_count': 0}",cancelled,"[{'category': 'Accepted', 'status': 'accepted', 'changed_at': '2024-11-11T01:14:58+00:00'}, {'category': 'Cancelled', 'status': 'canceled', 'changed_at': '2025-02-18T12:24:08+00:00'}]"
d98f15ca-eb58-4355-8cbe-f70272825e20,HMH5TMMB5B,airbnb,HMH5TMMB5B,2025-02-04T03:35:55Z,2025-02-18T00:00:00-06:00,2025-02-20T00:00:00-06:00,2025-02-18T16:00:00-06:00,2025-02-20T11:00:00-06:00,2,"{'current': {'category': 'cancelled', 'sub_category': None}, 'history': [{'category': 'accepted', 'sub_category': None, 'changed_at': '2025-02-04T03:36:08+00:00'}, {'category': 'cancelled', 'sub_category': None, 'changed_at': '2025-02-13T19:59:03+00:00'}]}",15238e95-715d-4b4a-857b-d6c48d247df1,2025-02-13T23:28:15+00:00,"{'total': 1, 'adult_count': 1, 'child_count': 0, 'infant_count': 0, 'pet_count': 0}",cancelled,"[{'category': 'Accepted', 'status': 'accepted', 'changed_at': '2025-02-04T03:36:08+00:00'}, {'category': 'Cancelled', 'status': 'canceled', 'changed_at': '2025-02-13T19:59:03+00:00'}]"
09c1c9c5-da00-4ee7-9bbb-a1ce6b520f3b,HMXXQZ2E2C,airbnb,HMXXQZ2E2C,2025-02-17T14:04:20Z,2025-02-18T00:00:00-06:00,2025-02-20T00:00:00-06:00,2025-02-18T16:00:00-06:00,2025-02-20T11:00:00-06:00,2,"{'current': {'category': 'accepted', 'sub_category': None}, 'history': [{'category': 'accepted', 'sub_category': None, 'changed_at': '2025-02-17T14:04:32+00:00'}]}",fd80ba22-7a73-4f2e-be95-680241ab35a6,2025-02-17T14:04:21+00:00,"{'total': 1, 'adult_count': 1, 'child_count': 0, 'infant_count': 0, 'pet_count': 0}",accepted,"[{'category': 'Accepted', 'status': 'accepted', 'changed_at': '2025-02-17T14:04:32+00:00'}]"
4966b820-c950-4e12-9ebd-05cdeadfe895,HMWWZZT8D2,airbnb,HMWWZZT8D2,2024-12-27T16:58:44Z,2025-02-12T00:00:00-06:00,2025-02-19T00:00:00-06:00,2025-02-12T16:00:00-06:00,2025-02-19T11:00:00-06:00,7,"{'current': {'category': 'accepted', 'sub_category': None}, 'history': [{'category': 'accepted', 'sub_category': None, 'changed_at': '2024-12-27T16:58:57+00:00'}]}",a3f1fc9e-d8cb-43dc-bfe3-3bf06db6b2d9,2025-02-14T18:09:42+00:00,"{'total': 3, 'adult_count': 3, 'child_count': 0, 'infant_count': 0, 'pet_count': 0}",accepted,"[{'category': 'Accepted', 'status': 'accepted', 'changed_at': '2024-12-27T16:58:57+00:00'}]"
0eb6f97d-a820-455f-a86f-83d5bf0145d7,HM82ETBYEJ,airbnb,HM82ETBYEJ,2025-02-07T16:12:40Z,2025-02-15T00:00:00-06:00,2025-02-19T00:00:00-06:00,2025-02-15T16:00:00-06:00,2025-02-19T11:00:00-06:00,4,"{'current': {'category': 'accepted', 'sub_category': None}, 'history': [{'category': 'request', 'sub_category': 'request to book', 'changed_at': '2025-02-07T15:19:19+00:00'}, {'category': 'accepted', 'sub_category': None, 'changed_at': '2025-02-07T16:12:48+00:00'}]}",f0f41fbe-5df8-4a8c-bc9e-7338a31bf517,2025-02-16T17:55:30+00:00,"{'total': 2, 'adult_count': 2, 'child_count': 0, 'infant_count': 0, 'pet_count': 0}",accepted,"[{'category': 'Pending', 'status': 'pending', 'changed_at': '2025-02-07T15:19:19+00:00'}, {'category': 'Accepted', 'status': 'accepted', 'changed_at': '2025-02-07T16:12:48+00:00'}]"
dff9930e-11f4-4be7-acd9-a15e0ef93333,HMMN9QQKPJ,airbnb,HMMN9QQKPJ,2024-10-17T16:55:00Z,2025-02-16T00:00:00-06:00,2025-02-21T00:00:00-06:00,2025-02-16T16:00:00-06:00,2025-02-21T11:00:00-06:00,5,"{'current': {'category': 'cancelled', 'sub_category': None}, 'history': [{'category': 'accepted', 'sub_category': None, 'changed_at': '2024-10-17T16:55:12+00:00'}, {'category': 'cancelled', 'sub_category': None, 'changed_at': '2024-12-21T22:50:04+00:00'}]}",dbaa48fb-dad3-48ff-9ff8-7672f3ff5e4f,2024-12-21T23:26:59+00:00,"{'total': 2, 'adult_count': 2, 'child_count': 0, 'infant_count': 0, 'pet_count': 0}",cancelled,"[{'category': 'Accepted', 'status': 'accepted', 'changed_at': '2024-10-17T16:55:12+00:00'}, {'category': 'Cancelled', 'status': 'canceled', 'changed_at': '2024-12-21T22:50:04+00:00'}]"
621588b6-ead8-4a2b-8e0b-28cf15f74f2b,HMN2T8BKWF,airbnb,HMN2T8BKWF,2024-12-23T16:18:28Z,2025-02-20T00:00:00-06:00,2025-02-22T00:00:00-06:00,2025-02-20T16:00:00-06:00,2025-02-22T11:00:00-06:00,2,"{'current': {'category': 'accepted', 'sub_category': None}, 'history': [{'category': 'accepted', 'sub_category': None, 'changed_at': '2024-12-23T16:18:40+00:00'}]}",f41e0b42-991f-4bba-8918-269837fc3c31,2024-12-23T16:20:23+00:00,"{'total': 2, 'adult_count': 2, 'child_count': 0, 'infant_count': 0, 'pet_count': 0}",accepted,"[{'category': 'Accepted', 'status': 'accepted', 'changed_at': '2024-12-23T16:18:40+00:00'}]"
9edc4276-10cf-43a7-9c04-4a6c068705fc,HMXBC3JBDJ,airbnb,HMXBC3JBDJ,2024-12-27T05:08:47Z,2025-02-14T00:00:00-06:00,2025-02-19T00:00:00-06:00,2025-02-14T16:00:00-06:00,2025-02-19T11:00:00-06:00,5,"{'current': {'category': 'accepted', 'sub_category': None}, 'history': [{'category': 'accepted', 'sub_category': None, 'changed_at': '2024-12-27T05:08:59+00:00'}]}",f72dd231-7c24-499d-914a-0824e3350640,2025-02-15T19:59:46+00:00,"{'total': 2, 'adult_count': 2, 'child_count': 0, 'infant_count': 0, 'pet_count': 0}",accepted,"[{'category': 'Accepted', 'status': 'accepted', 'changed_at': '2024-12-27T05:08:59+00:00'}]"
6e1f6a3d-27d9-49e5-973e-4930427c493b,HMFN2E4YAS,airbnb,HMFN2E4YAS,2025-01-20T00:12:46Z,2025-02-19T00:00:00-06:00,2025-02-20T00:00:00-06:00,2025-02-19T16:00:00-06:00,2025-02-20T11:00:00-06:00,1,"{'current': {'category': 'accepted', 'sub_category': None}, 'history': [{'category': 'accepted', 'sub_category': None, 'changed_at': '2025-01-20T00:13:00+00:00'}]}",2e123cf9-37db-4eea-99fc-195a24fceb6e,2025-02-17T22:13:22+00:00,"{'total': 2, 'adult_count': 2, 'child_count': 0, 'infant_count': 0, 'pet_count': 0}",accepted,"[{'category': 'Accepted', 'status': 'accepted', 'changed_at': '2025-01-20T00:13:00+00:00'}]"
dea6fd31-9f85-4e29-9647-8a99c29951c6,HM3ARRC3ZT,airbnb,HM3ARRC3ZT,2025-01-09T05:43:01Z,2025-02-15T00:00:00-06:00,2025-02-22T00:00:00-06:00,2025-02-15T16:00:00-06:00,2025-02-22T11:00:00-06:00,7,"{'current': {'category': 'accepted', 'sub_category': None}, 'history': [{'category': 'accepted', 'sub_category': None, 'changed_at': '2025-01-09T05:43:14+00:00'}]}",1bcb86b7-85f8-4bb5-98c8-eb7da2681c3b,2025-02-16T19:17:00+00:00,"{'total': 2, 'adult_count': 2, 'child_count': 0, 'infant_count': 0, 'pet_count': 0}",accepted,"[{'category': 'Accepted', 'status': 'accepted', 'changed_at': '2025-01-09T05:43:14+00:00'}]"
ee30f42e-70f5-4c23-b87c-201bdb7ccf67,HMCCB24ZB8,airbnb,HMCCB24ZB8,2025-01-17T17:51:26Z,2025-02-13T00:00:00-06:00,2025-02-17T00:00:00-06:00,2025-02-13T16:00:00-06:00,2025-02-17T11:00:00-06:00,4,"{'current': {'category': 'accepted', 'sub_category': None}, 'history': [{'category': 'accepted', 'sub_category': None, 'changed_at': '2025-01-17T17:51:39+00:00'}]}",2e42d8d4-6e31-4e84-b98b-737567e4055b,2025-02-14T17:00:47+00:00,"{'total': 4, 'adult_count': 4, 'child_count': 0, 'infant_count': 0, 'pet_count': 0}",accepted,"[{'category': 'Accepted', 'status': 'accepted', 'changed_at': '2025-01-17T17:51:39+00:00'}]"
2a003205-665d-445a-85d0-98092015028a,HMA23AEASN,airbnb,HMA23AEASN,2025-02-18T13:14:31Z,2025-02-19T00:00:00-06:00,2025-02-21T00:00:00-06:00,2025-02-19T16:00:00-06:00,2025-02-21T11:00:00-06:00,2,"{'current': {'category': 'accepted', 'sub_category': None}, 'history': [{'category': 'accepted', 'sub_category': None, 'changed_at': '2025-02-18T13:14:43+00:00'}]}",0bf461c8-0b5f-4361-8944-c16883e1ec1c,2025-02-18T19:18:33+00:00,"{'total': 3, 'adult_count': 3, 'child_count': 0, 'infant_count': 0, 'pet_count': 0}",accepted,"[{'category': 'Accepted', 'status': 'accepted', 'changed_at': '2025-02-18T13:14:43+00:00'}]"
dec93607-891b-4c4d-b1c5-f6e9f6ffc843,HMZYSRH34X,airbnb,HMZYSRH34X,2025-01-29T20:40:48Z,2025-02-16T00:00:00-06:00,2025-02-22T00:00:00-06:00,2025-02-16T16:00:00-06:00,2025-02-22T11:00:00-06:00,6,"{'current': {'category': 'cancelled', 'sub_category': None}, 'history': [{'category': 'accepted', 'sub_category': None, 'changed_at': '2025-01-29T20:41:02+00:00'}, {'category': 'cancelled', 'sub_category': None, 'changed_at': '2025-02-07T21:20:35+00:00'}]}",6eba8167-3331-4775-96e5-259487c6b4e4,2025-02-07T22:57:58+00:00,"{'total': 3, 'adult_count': 2, 'child_count': 0, 'infant_count': 1, 'pet_count': 0}",cancelled,"[{'category': 'Accepted', 'status': 'accepted', 'changed_at': '2025-01-29T20:41:02+00:00'}, {'category': 'Cancelled', 'status': 'canceled', 'changed_at': '2025-02-07T21:20:35+00:00'}]"
da55de96-1932-4fe8-b708-572714380a3d,HMYW2959FK,airbnb,HMYW2959FK,2025-01-18T05:33:18Z,2025-02-13T00:00:00-06:00,2025-02-17T00:00:00-06:00,2025-02-13T16:00:00-06:00,2025-02-17T11:00:00-06:00,4,"{'current': {'category': 'accepted', 'sub_category': None}, 'history': [{'category': 'accepted', 'sub_category': None, 'changed_at': '2025-01-18T05:33:31+00:00'}]}",99a9ca11-65b7-4cc2-a982-4a3e805c264b,2025-02-17T02:46:09+00:00,"{'total': 4, 'adult_count': 4, 'child_count': 0, 'infant_count': 0, 'pet_count': 0}",accepted,"[{'category': 'Accepted', 'status': 'accepted', 'changed_at': '2025-01-18T05:33:31+00:00'}]"
f1d651d6-49ff-4311-8f66-ce492fd98235,HMBTCCMDET,airbnb,HMBTCCMDET,2024-11-22T16:09:37Z,2025-02-16T00:00:00-06:00,2025-02-20T00:00:00-06:00,2025-02-16T16:00:00-06:00,2025-02-20T11:00:00-06:00,4,"{'current': {'category': 'cancelled', 'sub_category': None}, 'history': [{'category': 'accepted', 'sub_category': None, 'changed_at': '2024-11-22T16:09:49+00:00'}, {'category': 'cancelled', 'sub_category': None, 'changed_at': '2025-02-09T14:52:53+00:00'}]}",44f836c2-e5f2-4bdd-8b0a-5da0605fcec1,2025-02-09T14:53:20+00:00,"{'total': 3, 'adult_count': 3, 'child_count': 0, 'infant_count': 0, 'pet_count': 0}",cancelled,"[{'category': 'Accepted', 'status': 'accepted', 'changed_at': '2024-11-22T16:09:49+00:00'}, {'category': 'Cancelled', 'status': 'canceled', 'changed_at': '2025-02-09T14:52:53+00:00'}]"
a3862bfe-7ee0-41a0-b302-89a7511a4ae9,HMWWHEMJEZ,airbnb,HMWWHEMJEZ,2025-01-26T16:18:45Z,2025-02-20T00:00:00-06:00,2025-02-23T00:00:00-06:00,2025-02-20T16:00:00-06:00,2025-02-23T11:00:00-06:00,3,"{'current': {'category': 'accepted', 'sub_category': None}, 'history': [{'category': 'accepted', 'sub_category': None, 'changed_at': '2025-01-26T16:18:57+00:00'}]}",3c66bed0-ff8b-48d9-866c-7f5866f6fa48,2025-01-26T17:51:20+00:00,"{'total': 1, 'adult_count': 1, 'child_count': 0, 'infant_count': 0, 'pet_count': 0}",accepted,"[{'category': 'Accepted', 'status': 'accepted', 'changed_at': '2025-01-26T16:18:57+00:00'}]"
cb2b8a8f-2cfb-4e5b-8c30-0bbbd9ae7a96,HMJ5W42TJR,airbnb,HMJ5W42TJR,2025-02-12T11:07:55Z,2025-02-17T00:00:00-06:00,2025-02-20T00:00:00-06:00,2025-02-17T16:00:00-06:00,2025-02-20T11:00:00-06:00,3,"{'current': {'category': 'cancelled', 'sub_category': None}, 'history': [{'category': 'accepted', 'sub_category': None, 'changed_at': '2025-02-12T11:08:08+00:00'}, {'category': 'cancelled', 'sub_category': None, 'changed_at': '2025-02-12T15:17:12+00:00'}]}",3287864d-3596-4346-b2fa-c3d18253cdc3,2025-02-12T18:23:48+00:00,"{'total': 3, 'adult_count': 3, 'child_count': 0, 'infant_count': 0, 'pet_count': 0}",cancelled,"[{'category': 'Accepted', 'status': 'accepted', 'changed_at': '2025-02-12T11:08:08+00:00'}, {'category': 'Cancelled', 'status': 'canceled', 'changed_at': '2025-02-12T15:17:12+00:00'}]"
205e2e31-3f1e-4eab-a236-dba9177204e0,HMSY5RFZB3,airbnb,HMSY5RFZB3,2025-02-14T01:55:35Z,2025-02-17T00:00:00-06:00,2025-02-20T00:00:00-06:00,2025-02-17T16:00:00-06:00,2025-02-20T11:00:00-06:00,3,"{'current': {'category': 'accepted', 'sub_category': None}, 'history': [{'category': 'accepted', 'sub_category': None, 'changed_at': '2025-02-14T01:55:49+00:00'}]}",43a7028c-36dd-452c-8717-5e35365de2de,2025-02-18T18:26:17+00:00,"{'total': 2, 'adult_count': 2, 'child_count': 0, 'infant_count': 0, 'pet_count': 0}",accepted,"[{'category': 'Accepted', 'status': 'accepted', 'changed_at': '2025-02-14T01:55:49+00:00'}]"
907bc086-b1ff-4fcc-a321-68caa6592fb7,HM9HXJY2RH,airbnb,HM9HXJY2RH,2025-02-04T04:01:55Z,2025-02-14T00:00:00-06:00,2025-02-17T00:00:00-06:00,2025-02-14T16:00:00-06:00,2025-02-17T11:00:00-06:00,3,"{'current': {'category': 'cancelled', 'sub_category': None}, 'history': [{'category': 'accepted', 'sub_category': None, 'changed_at': '2025-02-04T04:02:07+00:00'}, {'category': 'cancelled', 'sub_category': None, 'changed_at': '2025-02-08T21:10:56+00:00'}]}",a58b65d2-d53f-4c2a-9d55-07f2c433782b,2025-02-07T17:53:55+00:00,"{'total': 3, 'adult_count': 3, 'child_count': 0, 'infant_count': 0, 'pet_count': 0}",cancelled,"[{'category': 'Accepted', 'status': 'accepted', 'changed_at': '2025-02-04T04:02:07+00:00'}, {'category': 'Cancelled', 'status': 'canceled', 'changed_at': '2025-02-08T21:10:56+00:00'}]"
ecabb23f-cb12-4a9c-bc63-f8875dcd5f30,HMFR94ZDQF,airbnb,HMFR94ZDQF,2025-02-13T02:52:44Z,2025-02-15T00:00:00-06:00,2025-02-23T00:00:00-06:00,2025-02-15T16:00:00-06:00,2025-02-23T11:00:00-06:00,8,"{'current': {'category': 'accepted', 'sub_category': None}, 'history': [{'category': 'accepted', 'sub_category': None, 'changed_at': '2025-02-13T02:52:57+00:00'}]}",4caa2ea4-37bc-4ad3-889d-8c9d649e4792,2025-02-16T19:14:56+00:00,"{'total': 3, 'adult_count': 3, 'child_count': 0, 'infant_count': 0, 'pet_count': 0}",accepted,"[{'category': 'Accepted', 'status': 'accepted', 'changed_at': '2025-02-13T02:52:57+00:00'}]"
e12cf3e8-743c-4bb3-b8e0-23eb67bd71de,HMTNKDEZMW,airbnb,HMTNKDEZMW,2025-01-22T17:49:06Z,2025-02-12T00:00:00-06:00,2025-02-18T00:00:00-06:00,2025-02-12T16:00:00-06:00,2025-02-18T11:00:00-06:00,6,"{'current': {'category': 'accepted', 'sub_category': None}, 'history': [{'category': 'accepted', 'sub_category': None, 'changed_at': '2025-01-22T17:49:18+00:00'}]}",959b6c7b-fb9b-4ae8-8a93-383ea497c4bf,2025-02-13T17:26:58+00:00,"{'total': 2, 'adult_count': 2, 'child_count': 0, 'infant_count': 0, 'pet_count': 0}",accepted,"[{'category': 'Accepted', 'status': 'accepted', 'changed_at': '2025-01-22T17:49:18+00:00'}]"
47859167-744b-4d0e-a287-71a8a68391d1,HM3Z3EPCC2,airbnb,HM3Z3EPCC2,2025-02-10T10:17:09Z,2025-02-14T00:00:00-06:00,2025-02-17T00:00:00-06:00,2025-02-14T16:00:00-06:00,2025-02-17T11:00:00-06:00,3,"{'current': {'category': 'cancelled', 'sub_category': None}, 'history': [{'category': 'accepted', 'sub_category': None, 'changed_at': '2025-02-10T10:17:21+00:00'}, {'category': 'cancelled', 'sub_category': None, 'changed_at': '2025-02-10T23:39:28+00:00'}]}",0712e669-c2f0-4634-9d47-6b76b6fe0455,2025-02-10T10:19:17+00:00,"{'total': 1, 'adult_count': 1, 'child_count': 0, 'infant_count': 0, 'pet_count': 0}",cancelled,"[{'category': 'Accepted', 'status': 'accepted', 'changed_at': '2025-02-10T10:17:21+00:00'}, {'category': 'Cancelled', 'status': 'canceled', 'changed_at': '2025-02-10T23:39:28+00:00'}]"
f1f0958c-88fe-4b59-96fc-49abf5c4c46d,HM3DZQEZK5,airbnb,HM3DZQEZK5,2025-02-11T18:20:39Z,2025-02-15T00:00:00-06:00,2025-02-19T00:00:00-06:00,2025-02-15T16:00:00-06:00,2025-02-19T11:00:00-06:00,4,"{'current': {'category': 'accepted', 'sub_category': None}, 'history': [{'category': 'accepted', 'sub_category': None, 'changed_at': '2025-02-11T18:20:51+00:00'}]}",b8f0d430-47b8-47bc-973f-fa77324c0407,2025-02-18T00:21:39+00:00,"{'total': 4, 'adult_count': 4, 'child_count': 0, 'infant_count': 0, 'pet_count': 0}",accepted,"[{'category': 'Accepted', 'status': 'accepted', 'changed_at': '2025-02-11T18:20:51+00:00'}]"
e4939483-3d5f-46ec-8e08-61c1c4d51784,HMPTNAMYAF,airbnb,HMPTNAMYAF,2025-02-18T06:21:36Z,2025-02-19T00:00:00-06:00,2025-02-21T00:00:00-06:00,2025-02-19T16:00:00-06:00,2025-02-21T11:00:00-06:00,2,"{'current': {'category': 'accepted', 'sub_category': None}, 'history': [{'category': 'accepted', 'sub_category': None, 'changed_at': '2025-02-18T06:21:50+00:00'}]}",425d3942-bf44-49c6-b458-626e2419d2de,2025-02-18T06:25:28+00:00,"{'total': 3, 'adult_count': 3, 'child_count': 0, 'infant_count': 0, 'pet_count': 0}",accepted,"[{'category': 'Accepted', 'status': 'accepted', 'changed_at': '2025-02-18T06:21:50+00:00'}]"
d50ef5a1-f9d7-41c9-8b67-2b4c3d6211b5,HM9RYSK48R,airbnb,HM9RYSK48R,2025-01-17T13:02:31Z,2025-02-12T00:00:00-06:00,2025-02-18T00:00:00-06:00,2025-02-12T16:00:00-06:00,2025-02-18T11:00:00-06:00,6,"{'current': {'category': 'accepted', 'sub_category': None}, 'history': [{'category': 'accepted', 'sub_category': None, 'changed_at': '2025-01-17T13:02:45+00:00'}]}",dbd5a573-e8a8-4e77-8cdc-1ed15bd71cc4,2025-02-18T15:32:04+00:00,"{'total': 2, 'adult_count': 2, 'child_count': 0, 'infant_count': 0, 'pet_count': 0}",accepted,"[{'category': 'Accepted', 'status': 'accepted', 'changed_at': '2025-01-17T13:02:45+00:00'}]"
a1530f32-0627-4f76-b5a7-fbdb3af2d5df,HMPXNQTR3S,airbnb,HMPXNQTR3S,2025-02-07T16:20:55Z,2025-02-15T00:00:00-06:00,2025-02-22T00:00:00-06:00,2025-02-15T16:00:00-06:00,2025-02-22T11:00:00-06:00,7,"{'current': {'category': 'accepted', 'sub_category': None}, 'history': [{'category': 'accepted', 'sub_category': None, 'changed_at': '2025-02-07T16:21:06+00:00'}]}",47e01c1f-7b9f-45f6-a2c5-c83e1ed42d6b,2025-02-17T16:50:47+00:00,"{'total': 2, 'adult_count': 2, 'child_count': 0, 'infant_count': 0, 'pet_count': 0}",accepted,"[{'category': 'Accepted', 'status': 'accepted', 'changed_at': '2025-02-07T16:21:06+00:00'}]"
68b4625f-8a89-4868-b3c9-a8fa270293f7,HMMMNT3Y2D,airbnb,HMMMNT3Y2D,2025-01-07T11:49:45Z,2025-02-21T00:00:00+01:00,2025-02-23T00:00:00+01:00,2025-02-21T16:00:00+01:00,2025-02-23T11:00:00+01:00,2,"{'current': {'category': 'accepted', 'sub_category': None}, 'history': [{'category': 'accepted', 'sub_category': None, 'changed_at': '2025-01-07T11:49:56+00:00'}]}",019ec3b9-d0bd-482a-bb49-b1891007931f,2025-02-18T01:38:11+00:00,"{'total': 3, 'adult_count': 1, 'child_count': 2, 'infant_count': 0, 'pet_count': 0}",accepted,"[{'category': 'Accepted', 'status': 'accepted', 'changed_at': '2025-01-07T11:49:56+00:00'}]"
821cdddf-4a41-46fb-9f84-b1f1e6f7eaee,HMFHTEKHFM,airbnb,HMFHTEKHFM,2025-01-07T21:10:02Z,2025-02-15T00:00:00+01:00,2025-02-17T00:00:00+01:00,2025-02-15T16:00:00+01:00,2025-02-17T11:00:00+01:00,2,"{'current': {'category': 'accepted', 'sub_category': None}, 'history': [{'category': 'accepted', 'sub_category': None, 'changed_at': '2025-01-07T21:10:14+00:00'}]}",1d59ecb0-3b3b-49d4-b640-14c77bacc3d2,2025-02-17T09:17:23+00:00,"{'total': 2, 'adult_count': 2, 'child_count': 0, 'infant_count': 0, 'pet_count': 0}",accepted,"[{'category': 'Accepted', 'status': 'accepted', 'changed_at': '2025-01-07T21:10:14+00:00'}]"
3f1726c3-c3c8-44cf-8b98-4e0f38b2220f,HMJZWJKZ8T,airbnb,HMJZWJKZ8T,2025-02-16T22:25:57Z,2025-02-17T00:00:00+01:00,2025-02-19T00:00:00+01:00,2025-02-17T16:00:00+01:00,2025-02-19T11:00:00+01:00,2,"{'current': {'category': 'accepted', 'sub_category': None}, 'history': [{'category': 'accepted', 'sub_category': None, 'changed_at': '2025-02-16T22:26:09+00:00'}]}",e9b86e7f-a853-4f21-8c39-e640e85631cf,2025-02-18T10:01:19+00:00,"{'total': 3, 'adult_count': 3, 'child_count': 0, 'infant_count': 0, 'pet_count': 0}",accepted,"[{'category': 'Accepted', 'status': 'accepted', 'changed_at': '2025-02-16T22:26:09+00:00'}]"
ebdb0cc3-8e33-47b7-87ef-16e83742d11b,HMPA8M8KMZ,airbnb,HMPA8M8KMZ,2025-02-18T14:59:07Z,2025-02-19T00:00:00+01:00,2025-02-21T00:00:00+01:00,2025-02-19T16:00:00+01:00,2025-02-21T11:00:00+01:00,2,"{'current': {'category': 'accepted', 'sub_category': None}, 'history': [{'category': 'request', 'sub_category': 'request to book', 'changed_at': '2025-02-18T10:53:53+00:00'}, {'category': 'accepted', 'sub_category': None, 'changed_at': '2025-02-18T14:59:19+00:00'}]}",8e38062c-8928-4752-b23c-c7a326cf458a,2025-02-18T16:42:53+00:00,"{'total': 1, 'adult_count': 1, 'child_count': 0, 'infant_count': 0, 'pet_count': 0}",accepted,"[{'category': 'Pending', 'status': 'pending', 'changed_at': '2025-02-18T10:53:53+00:00'}, {'category': 'Accepted', 'status': 'accepted', 'changed_at': '2025-02-18T14:59:19+00:00'}]"
56869ac0-aecd-41f0-ba6c-447a22521485,HMFMF4MYHY,airbnb,HMFMF4MYHY,2024-12-22T04:49:10Z,2025-02-02T00:00:00-06:00,2025-02-22T00:00:00-06:00,2025-02-02T16:00:00-06:00,2025-02-22T11:00:00-06:00,20,"{'current': {'category': 'cancelled', 'sub_category': None}, 'history': [{'category': 'accepted', 'sub_category': None, 'changed_at': '2024-12-22T04:49:22+00:00'}, {'category': 'cancelled', 'sub_category': None, 'changed_at': '2024-12-22T05:13:41+00:00'}]}",e37d297b-3a6f-4033-b9b5-fe2ec7619b6c,2024-12-22T04:51:14+00:00,"{'total': 3, 'adult_count': 2, 'child_count': 0, 'infant_count': 1, 'pet_count': 0}",cancelled,"[{'category': 'Accepted', 'status': 'accepted', 'changed_at': '2024-12-22T04:49:22+00:00'}, {'category': 'Cancelled', 'status': 'canceled', 'changed_at': '2024-12-22T05:13:41+00:00'}]"
8766bcbc-3afe-4cb4-928a-1e41ece8d20d,HMP98AYSWM,airbnb,HMP98AYSWM,2024-12-28T20:09:06Z,2025-02-01T00:00:00-06:00,2025-02-22T00:00:00-06:00,2025-02-01T16:00:00-06:00,2025-02-22T11:00:00-06:00,21,"{'current': {'category': 'cancelled', 'sub_category': None}, 'history': [{'category': 'accepted', 'sub_category': None, 'changed_at': '2024-12-28T20:09:18+00:00'}, {'category': 'cancelled', 'sub_category': None, 'changed_at': '2024-12-28T20:16:50+00:00'}]}",7003b4db-393c-453d-9276-4aae2b473bf0,2024-12-28T20:18:30+00:00,"{'total': 2, 'adult_count': 2, 'child_count': 0, 'infant_count': 0, 'pet_count': 0}",cancelled,"[{'category': 'Accepted', 'status': 'accepted', 'changed_at': '2024-12-28T20:09:18+00:00'}, {'category': 'Cancelled', 'status': 'canceled', 'changed_at': '2024-12-28T20:16:50+00:00'}]"
bb73c092-e527-41ee-8deb-00e5d91f28c8,HMBTPQ5ESF,airbnb,HMBTPQ5ESF,2024-12-30T16:46:38Z,2025-02-14T00:00:00-06:00,2025-02-18T00:00:00-06:00,2025-02-14T16:00:00-06:00,2025-02-18T11:00:00-06:00,4,"{'current': {'category': 'cancelled', 'sub_category': None}, 'history': [{'category': 'accepted', 'sub_category': None, 'changed_at': '2024-12-30T16:46:50+00:00'}, {'category': 'cancelled', 'sub_category': None, 'changed_at': '2025-01-24T19:48:46+00:00'}]}",72ab1e46-abcd-46e1-ba22-80ad912f5901,2025-01-24T19:44:31+00:00,"{'total': 2, 'adult_count': 2, 'child_count': 0, 'infant_count': 0, 'pet_count': 0}",cancelled,"[{'category': 'Accepted', 'status': 'accepted', 'changed_at': '2024-12-30T16:46:50+00:00'}, {'category': 'Cancelled', 'status': 'canceled', 'changed_at': '2025-01-24T19:48:46+00:00'}]"
b3fbeda3-add2-4589-9f92-39392c2088f6,HM3YF93H5T,airbnb,HM3YF93H5T,2024-11-09T03:29:51Z,2025-02-20T00:00:00-06:00,2025-02-23T00:00:00-06:00,2025-02-20T16:00:00-06:00,2025-02-23T11:00:00-06:00,3,"{'current': {'category': 'accepted', 'sub_category': None}, 'history': [{'category': 'accepted', 'sub_category': None, 'changed_at': '2024-11-09T03:30:03+00:00'}]}",fec52eff-6689-4f9d-8e32-7efabde8ef5f,2025-02-15T21:06:59+00:00,"{'total': 5, 'adult_count': 5, 'child_count': 0, 'infant_count': 0, 'pet_count': 0}",accepted,"[{'category': 'Accepted', 'status': 'accepted', 'changed_at': '2024-11-09T03:30:03+00:00'}]"
ece83877-c1e0-4c1e-940f-417f0100c4c4,HM3KEE8NY4,airbnb,HM3KEE8NY4,2024-12-15T02:38:50Z,2025-02-12T00:00:00-06:00,2025-02-19T00:00:00-06:00,2025-02-12T16:00:00-06:00,2025-02-19T11:00:00-06:00,7,"{'current': {'category': 'cancelled', 'sub_category': None}, 'history': [{'category': 'accepted', 'sub_category': None, 'changed_at': '2024-12-15T02:39:01+00:00'}, {'category': 'cancelled', 'sub_category': None, 'changed_at': '2024-12-31T04:17:56+00:00'}]}",f3c480dc-21ba-4739-ba27-7b5c22b687f7,2024-12-15T02:40:28+00:00,"{'total': 5, 'adult_count': 5, 'child_count': 0, 'infant_count': 0, 'pet_count': 0}",cancelled,"[{'category': 'Accepted', 'status': 'accepted', 'changed_at': '2024-12-15T02:39:01+00:00'}, {'category': 'Cancelled', 'status': 'canceled', 'changed_at': '2024-12-31T04:17:56+00:00'}]"
5c7d059c-bfe9-4e26-8b18-535a0793fd5e,HMDMKRBWXZ,airbnb,HMDMKRBWXZ,2025-01-01T23:29:45Z,2025-02-14T00:00:00-06:00,2025-02-18T00:00:00-06:00,2025-02-14T16:00:00-06:00,2025-02-18T11:00:00-06:00,4,"{'current': {'category': 'cancelled', 'sub_category': None}, 'history': [{'category': 'accepted', 'sub_category': None, 'changed_at': '2025-01-01T23:29:58+00:00'}, {'category': 'cancelled', 'sub_category': None, 'changed_at': '2025-01-02T00:03:28+00:00'}]}",9818a9e7-c3d1-4f5e-aaff-1e415acde739,2025-01-01T23:31:10+00:00,"{'total': 3, 'adult_count': 3, 'child_count': 0, 'infant_count': 0, 'pet_count': 0}",cancelled,"[{'category': 'Accepted', 'status': 'accepted', 'changed_at': '2025-01-01T23:29:58+00:00'}, {'category': 'Cancelled', 'status': 'canceled', 'changed_at': '2025-01-02T00:03:28+00:00'}]"
0506b580-0471-4bc2-8a2b-b012c161a1fe,HMP2MF5KB4,airbnb,HMP2MF5KB4,2025-01-02T14:27:25Z,2025-02-13T00:00:00-06:00,2025-02-17T00:00:00-06:00,2025-02-13T16:00:00-06:00,2025-02-17T11:00:00-06:00,4,"{'current': {'category': 'accepted', 'sub_category': None}, 'history': [{'category': 'accepted', 'sub_category': None, 'changed_at': '2025-01-02T14:27:36+00:00'}]}",f4d427cf-292c-4133-8ef8-f201f185d54c,2025-02-17T02:32:12+00:00,"{'total': 5, 'adult_count': 5, 'child_count': 0, 'infant_count': 0, 'pet_count': 0}",accepted,"[{'category': 'Accepted', 'status': 'accepted', 'changed_at': '2025-01-02T14:27:36+00:00'}]"
de065d0b-67c6-4848-84ba-3735d21d8028,HM2N399N5Y,airbnb,HM2N399N5Y,2025-02-15T16:33:21Z,2025-02-17T00:00:00-06:00,2025-02-18T00:00:00-06:00,2025-02-17T16:00:00-06:00,2025-02-18T11:00:00-06:00,1,"{'current': {'category': 'accepted', 'sub_category': None}, 'history': [{'category': 'accepted', 'sub_category': None, 'changed_at': '2025-02-15T16:33:34+00:00'}]}",416ac042-76a6-49bc-8fba-4688b139b36b,2025-02-17T21:10:40+00:00,"{'total': 3, 'adult_count': 3, 'child_count': 0, 'infant_count': 0, 'pet_count': 0}",accepted,"[{'category': 'Accepted', 'status': 'accepted', 'changed_at': '2025-02-15T16:33:34+00:00'}]"
dc6aee4e-1a9a-4f6a-8270-729ea704c2bf,HMA9FRTZM8,airbnb,HMA9FRTZM8,2025-02-17T21:00:46Z,2025-02-19T00:00:00-06:00,2025-02-20T00:00:00-06:00,2025-02-19T16:00:00-06:00,2025-02-20T11:00:00-06:00,1,"{'current': {'category': 'accepted', 'sub_category': None}, 'history': [{'category': 'accepted', 'sub_category': None, 'changed_at': '2025-02-17T21:00:57+00:00'}]}",c358df1e-bff9-4217-958b-b80037caf9af,2025-02-18T17:52:43+00:00,"{'total': 6, 'adult_count': 6, 'child_count': 0, 'infant_count': 0, 'pet_count': 0}",accepted,"[{'category': 'Accepted', 'status': 'accepted', 'changed_at': '2025-02-17T21:00:57+00:00'}]"
d9704004-86bd-4635-b3af-d907828f5a62,HMAWCN49A5,airbnb,HMAWCN49A5,2025-02-10T16:05:05Z,2025-02-10T00:00:00-06:00,2025-02-22T00:00:00-06:00,2025-02-10T15:00:00-06:00,2025-02-22T11:00:00-06:00,12,"{'current': {'category': 'accepted', 'sub_category': None}, 'history': [{'category': 'accepted', 'sub_category': None, 'changed_at': '2025-02-10T16:05:19+00:00'}]}",390f2abb-167c-49cf-9fbc-79a9809cb05d,2025-02-12T23:34:48+00:00,"{'total': 3, 'adult_count': 2, 'child_count': 1, 'infant_count': 0, 'pet_count': 0}",accepted,"[{'category': 'Accepted', 'status': 'accepted', 'changed_at': '2025-02-10T16:05:19+00:00'}]"
0bd249d7-8f2f-4df7-a151-78e81f8ac7ea,HM8J8Z5NCP,airbnb,HM8J8Z5NCP,2025-02-06T21:16:18Z,2025-02-10T00:00:00-05:00,2025-02-22T00:00:00-05:00,2025-02-10T16:00:00-05:00,2025-02-22T11:00:00-05:00,12,"{'current': {'category': 'accepted', 'sub_category': None}, 'history': [{'category': 'accepted', 'sub_category': None, 'changed_at': '2025-02-06T21:16:30+00:00'}]}",a15d819f-79fd-434d-a7ef-97de52e19a6d,2025-02-15T21:55:21+00:00,"{'total': 4, 'adult_count': 4, 'child_count': 0, 'infant_count': 0, 'pet_count': 0}",accepted,"[{'category': 'Accepted', 'status': 'accepted', 'changed_at': '2025-02-06T21:16:30+00:00'}]"
2ab74cf2-2b17-4809-94fd-1b4b96d2c016,HMZ9JQH2W3,airbnb,HMZ9JQH2W3,2025-01-23T00:55:06Z,2025-02-10T00:00:00-06:00,2025-02-17T00:00:00-06:00,2025-02-10T16:00:00-06:00,2025-02-17T11:00:00-06:00,7,"{'current': {'category': 'accepted', 'sub_category': None}, 'history': [{'category': 'accepted', 'sub_category': None, 'changed_at': '2025-01-23T00:55:20+00:00'}]}",0a7ba67b-4d92-4ee8-a06a-53e755e664a1,2025-02-16T23:29:37+00:00,"{'total': 2, 'adult_count': 2, 'child_count': 0, 'infant_count': 0, 'pet_count': 0}",accepted,"[{'category': 'Accepted', 'status': 'accepted', 'changed_at': '2025-01-23T00:55:20+00:00'}]"
06c7a48e-af5e-43da-ac45-e76690b9280e,HMYFPTSSR3,airbnb,HMYFPTSSR3,2025-01-28T01:04:46Z,2025-02-18T00:00:00-06:00,2025-02-22T00:00:00-06:00,2025-02-18T16:00:00-06:00,2025-02-22T11:00:00-06:00,4,"{'current': {'category': 'accepted', 'sub_category': None}, 'history': [{'category': 'accepted', 'sub_category': None, 'changed_at': '2025-01-28T01:04:59+00:00'}]}",d4c7f32a-2e03-4f81-8f62-e24d3e33fc46,2025-02-18T14:00:19+00:00,"{'total': 3, 'adult_count': 3, 'child_count': 0, 'infant_count': 0, 'pet_count': 0}",accepted,"[{'category': 'Accepted', 'status': 'accepted', 'changed_at': '2025-01-28T01:04:59+00:00'}]"
8cdf857a-cb17-43b0-a616-7e87dd6fb625,HMYR9F9NKM,airbnb,HMYR9F9NKM,2025-02-17T18:26:40Z,2025-02-17T00:00:00-06:00,2025-02-18T00:00:00-06:00,2025-02-17T16:00:00-06:00,2025-02-18T11:00:00-06:00,1,"{'current': {'category': 'accepted', 'sub_category': None}, 'history': [{'category': 'accepted', 'sub_category': None, 'changed_at': '2025-02-17T18:26:53+00:00'}]}",dbd4a2fe-7b32-4659-98d8-b01f7cdbaed2,2025-02-18T18:05:17+00:00,"{'total': 1, 'adult_count': 1, 'child_count': 0, 'infant_count': 0, 'pet_count': 0}",accepted,"[{'category': 'Accepted', 'status': 'accepted', 'changed_at': '2025-02-17T18:26:53+00:00'}]"
3fec7688-9801-4896-be9e-1468d51475be,HM4T9T5PKY,airbnb,HM4T9T5PKY,2025-01-31T19:01:18Z,2025-02-15T00:00:00-06:00,2025-02-22T00:00:00-06:00,2025-02-15T16:00:00-06:00,2025-02-22T11:00:00-06:00,7,"{'current': {'category': 'accepted', 'sub_category': None}, 'history': [{'category': 'accepted', 'sub_category': None, 'changed_at': '2025-01-31T19:01:32+00:00'}]}",d0a4dea9-98d8-4d07-a228-7b4935585014,2025-02-16T17:29:51+00:00,"{'total': 4, 'adult_count': 2, 'child_count': 1, 'infant_count': 1, 'pet_count': 0}",accepted,"[{'category': 'Accepted', 'status': 'accepted', 'changed_at': '2025-01-31T19:01:32+00:00'}]"
3318cf83-4da0-40e4-806d-2ec75de443be,HMTHJK3RYN,airbnb,HMTHJK3RYN,2024-12-03T04:56:07Z,2025-02-14T00:00:00-06:00,2025-02-18T00:00:00-06:00,2025-02-14T16:00:00-06:00,2025-02-18T11:00:00-06:00,4,"{'current': {'category': 'accepted', 'sub_category': None}, 'history': [{'category': 'accepted', 'sub_category': None, 'changed_at': '2024-12-03T04:56:18+00:00'}]}",e10ffe31-d170-476d-ac6a-6508b2424a01,2025-02-15T17:56:46+00:00,"{'total': 8, 'adult_count': 8, 'child_count': 0, 'infant_count': 0, 'pet_count': 0}",accepted,"[{'category': 'Accepted', 'status': 'accepted', 'changed_at': '2024-12-03T04:56:18+00:00'}]"
a3580c66-d279-4436-9f93-12d1acd25ac0,HMPTAZ8EPK,airbnb,HMPTAZ8EPK,2025-01-23T03:42:59Z,2025-02-20T00:00:00-06:00,2025-02-21T00:00:00-06:00,2025-02-20T16:00:00-06:00,2025-02-21T11:00:00-06:00,1,"{'current': {'category': 'accepted', 'sub_category': None}, 'history': [{'category': 'accepted', 'sub_category': None, 'changed_at': '2025-01-23T03:43:11+00:00'}]}",d144129e-ccd5-441e-9553-c6fccf8efa9e,2025-02-18T16:16:09+00:00,"{'total': 2, 'adult_count': 2, 'child_count': 0, 'infant_count': 0, 'pet_count': 0}",accepted,"[{'category': 'Accepted', 'status': 'accepted', 'changed_at': '2025-01-23T03:43:11+00:00'}]"
4d46f1b4-b1f0-4b5a-af8e-a7e818fefd2c,HMEQBSTZ3Y,airbnb,HMEQBSTZ3Y,2025-02-18T15:35:39Z,2025-02-18T00:00:00-06:00,2025-02-19T00:00:00-06:00,2025-02-18T16:00:00-06:00,2025-02-19T11:00:00-06:00,1,"{'current': {'category': 'accepted', 'sub_category': None}, 'history': [{'category': 'accepted', 'sub_category': None, 'changed_at': '2025-02-18T15:35:52+00:00'}]}",d0b9e618-7560-4066-8981-9edf19be01db,2025-02-18T18:13:42+00:00,"{'total': 5, 'adult_count': 5, 'child_count': 0, 'infant_count': 0, 'pet_count': 0}",accepted,"[{'category': 'Accepted', 'status': 'accepted', 'changed_at': '2025-02-18T15:35:52+00:00'}]"
3016147f-3775-41df-a1e1-b6014ef13511,HM4WCEMBAA,airbnb,HM4WCEMBAA,2025-02-17T15:04:07Z,2025-02-17T00:00:00-06:00,2025-02-21T00:00:00-06:00,2025-02-17T16:00:00-06:00,2025-02-21T11:00:00-06:00,4,"{'current': {'category': 'accepted', 'sub_category': None}, 'history': [{'category': 'unknown', 'sub_category': None, 'changed_at': '2025-02-17T15:02:13+00:00'}, {'category': 'request', 'sub_category': 'request to book', 'changed_at': '2025-02-17T15:03:57+00:00'}, {'category': 'accepted', 'sub_category': None, 'changed_at': '2025-02-17T15:04:20+00:00'}]}",cd98c9e3-4e8e-4e93-8058-343983bc581d,2025-02-18T17:01:03+00:00,"{'total': 1, 'adult_count': 1, 'child_count': 0, 'infant_count': 0, 'pet_count': 0}",accepted,"[{'category': 'Checkpoint', 'status': 'checkpoint', 'changed_at': '2025-02-17T15:02:13+00:00'}, {'category': 'Pending', 'status': 'pending', 'changed_at': '2025-02-17T15:03:57+00:00'}, {'category': 'Accepted', 'status': 'accepted', 'changed_at': '2025-02-17T15:04:20+00:00'}]"
7bc6d525-da42-4f98-99cb-cf17c110ce3a,HM3Z95DP3J,airbnb,HM3Z95DP3J,2024-12-20T07:09:38Z,2025-02-17T00:00:00+01:00,2025-02-18T00:00:00+01:00,2025-02-17T16:00:00+01:00,2025-02-18T11:00:00+01:00,1,"{'current': {'category': 'accepted', 'sub_category': None}, 'history': [{'category': 'accepted', 'sub_category': None, 'changed_at': '2024-12-20T07:09:49+00:00'}]}",08a00158-6397-4dbe-a7c7-f20d71b3758f,2025-02-18T09:32:42+00:00,"{'total': 3, 'adult_count': 3, 'child_count': 0, 'infant_count': 0, 'pet_count': 0}",accepted,"[{'category': 'Accepted', 'status': 'accepted', 'changed_at': '2024-12-20T07:09:49+00:00'}]"
2b864a7e-c725-4d35-a2e4-7183d399e6db,HM44QHRHDR,airbnb,HM44QHRHDR,2025-01-13T17:13:11Z,2025-02-21T00:00:00+01:00,2025-02-23T00:00:00+01:00,2025-02-21T16:00:00+01:00,2025-02-23T11:00:00+01:00,2,"{'current': {'category': 'cancelled', 'sub_category': None}, 'history': [{'category': 'accepted', 'sub_category': None, 'changed_at': '2025-01-13T17:13:23+00:00'}, {'category': 'cancelled', 'sub_category': None, 'changed_at': '2025-01-29T18:18:21+00:00'}]}",415a04ab-136c-4719-98a8-a815a194f6d5,2025-01-29T18:18:03+00:00,"{'total': 2, 'adult_count': 2, 'child_count': 0, 'infant_count': 0, 'pet_count': 0}",cancelled,"[{'category': 'Accepted', 'status': 'accepted', 'changed_at': '2025-01-13T17:13:23+00:00'}, {'category': 'Cancelled', 'status': 'canceled', 'changed_at': '2025-01-29T18:18:21+00:00'}]"
6e19bcd6-e19d-412f-9291-62807f156624,HMQZWNXKA2,airbnb,HMQZWNXKA2,2025-01-24T15:54:49Z,2025-02-15T00:00:00+01:00,2025-02-17T00:00:00+01:00,2025-02-15T16:00:00+01:00,2025-02-17T11:00:00+01:00,2,"{'current': {'category': 'cancelled', 'sub_category': None}, 'history': [{'category': 'accepted', 'sub_category': None, 'changed_at': '2025-01-24T15:55:00+00:00'}, {'category': 'cancelled', 'sub_category': None, 'changed_at': '2025-01-24T16:09:36+00:00'}]}",97f74647-cc81-49a6-9d43-7773221fcb43,2025-01-24T22:52:03+00:00,"{'total': 3, 'adult_count': 3, 'child_count': 0, 'infant_count': 0, 'pet_count': 0}",cancelled,"[{'category': 'Accepted', 'status': 'accepted', 'changed_at': '2025-01-24T15:55:00+00:00'}, {'category': 'Cancelled', 'status': 'canceled', 'changed_at': '2025-01-24T16:09:36+00:00'}]"
98fac17b-a1c2-4cd5-be7e-3e5173fdcadc,HM54RDSEBD,airbnb,HM54RDSEBD,2025-02-05T22:43:27Z,2025-02-21T00:00:00+01:00,2025-02-23T00:00:00+01:00,2025-02-21T16:00:00+01:00,2025-02-23T11:00:00+01:00,2,"{'current': {'category': 'accepted', 'sub_category': None}, 'history': [{'category': 'unknown', 'sub_category': None, 'changed_at': '2025-02-05T22:41:18+00:00'}, {'category': 'accepted', 'sub_category': None, 'changed_at': '2025-02-05T22:43:38+00:00'}]}",fe115ce6-32e2-4272-8959-871f3b2fcb36,2025-02-18T01:39:08+00:00,"{'total': 3, 'adult_count': 3, 'child_count': 0, 'infant_count': 0, 'pet_count': 0}",accepted,"[{'category': 'Checkpoint', 'status': 'checkpoint', 'changed_at': '2025-02-05T22:41:18+00:00'}, {'category': 'Accepted', 'status': 'accepted', 'changed_at': '2025-02-05T22:43:38+00:00'}]"
6654db27-f119-4cc7-a9cf-038b3b375739,HMW5FC4CPA,airbnb,HMW5FC4CPA,2025-02-13T15:18:58Z,2025-02-15T00:00:00+01:00,2025-02-17T00:00:00+01:00,2025-02-15T16:00:00+01:00,2025-02-17T11:00:00+01:00,2,"{'current': {'category': 'cancelled', 'sub_category': None}, 'history': [{'category': 'accepted', 'sub_category': None, 'changed_at': '2025-02-13T15:19:10+00:00'}, {'category': 'cancelled', 'sub_category': None, 'changed_at': '2025-02-15T11:40:13+00:00'}]}",35140e0b-3fa3-4a20-9156-d7c96f081478,2025-02-14T03:34:00+00:00,"{'total': 1, 'adult_count': 1, 'child_count': 0, 'infant_count': 0, 'pet_count': 0}",cancelled,"[{'category': 'Accepted', 'status': 'accepted', 'changed_at': '2025-02-13T15:19:10+00:00'}, {'category': 'Cancelled', 'status': 'canceled', 'changed_at': '2025-02-15T11:40:13+00:00'}]"
7716e8a4-e496-4468-a269-3acfb5fe240d,HM8QD3B3PS,airbnb,HM8QD3B3PS,,2025-02-15T00:00:00+01:00,2025-02-17T00:00:00+01:00,2025-02-15T16:00:00+01:00,2025-02-17T11:00:00+01:00,2,"{'current': {'category': 'not accepted', 'sub_category': 'expired'}, 'history': [{'category': 'unknown', 'sub_category': None, 'changed_at': '2025-02-15T18:43:29+00:00'}, {'category': 'request', 'sub_category': 'request to book', 'changed_at': '2025-02-15T18:52:11+00:00'}, {'category': 'not accepted', 'sub_category': 'expired', 'changed_at': '2025-02-15T18:58:54+00:00'}]}",3375437a-0506-4092-b606-455d3ce28d19,2025-02-15T18:43:15+00:00,"{'total': 2, 'adult_count': 2, 'child_count': 0, 'infant_count': 0, 'pet_count': 0}",cancelled,"[{'category': 'Checkpoint', 'status': 'checkpoint', 'changed_at': '2025-02-15T18:43:29+00:00'}, {'category': 'Pending', 'status': 'pending', 'changed_at': '2025-02-15T18:52:11+00:00'}, {'category': 'Cancelled', 'status': 'pending_voided', 'changed_at': '2025-02-15T18:58:54+00:00'}]"
7c3a0582-cb88-4270-a16b-237d281fb24d,HMBDRTB5XN,airbnb,HMBDRTB5XN,2025-02-15T18:44:25Z,2025-02-19T00:00:00+01:00,2025-02-21T00:00:00+01:00,2025-02-19T16:00:00+01:00,2025-02-21T11:00:00+01:00,2,"{'current': {'category': 'accepted', 'sub_category': None}, 'history': [{'category': 'accepted', 'sub_category': None, 'changed_at': '2025-02-15T18:44:38+00:00'}]}",0d9e7946-6376-4428-91e9-6d13d1ea0f4f,2025-02-18T04:47:37+00:00,"{'total': 3, 'adult_count': 2, 'child_count': 1, 'infant_count': 0, 'pet_count': 0}",accepted,"[{'category': 'Accepted', 'status': 'accepted', 'changed_at': '2025-02-15T18:44:38+00:00'}]"
f696f3e7-1745-4821-8ab7-97edc49ab52b,HMJ2SNYDD8,airbnb,HMJ2SNYDD8,,2025-02-13T00:00:00-06:00,2025-02-19T00:00:00-06:00,2025-02-13T16:00:00-06:00,2025-02-19T11:00:00-06:00,6,"{'current': {'category': 'not accepted', 'sub_category': 'expired'}, 'history': [{'category': 'request', 'sub_category': 'request to book', 'changed_at': '2025-02-13T17:44:23+00:00'}, {'category': 'not accepted', 'sub_category': 'expired', 'changed_at': '2025-02-13T18:06:43+00:00'}]}",38ee87aa-e415-4da6-bdfd-8625dc087776,2025-02-13T17:54:05+00:00,"{'total': 3, 'adult_count': 3, 'child_count': 0, 'infant_count': 0, 'pet_count': 0}",cancelled,"[{'category': 'Pending', 'status': 'pending', 'changed_at': '2025-02-13T17:44:23+00:00'}, {'category': 'Cancelled', 'status': 'pending_voided', 'changed_at': '2025-02-13T18:06:43+00:00'}]"
b047f04a-ff35-4a60-aa19-ae219141138c,HMYF8BCTJM,airbnb,HMYF8BCTJM,2025-02-16T15:07:28Z,2025-02-17T00:00:00-06:00,2025-02-21T00:00:00-06:00,2025-02-17T16:00:00-06:00,2025-02-21T11:00:00-06:00,4,"{'current': {'category': 'accepted', 'sub_category': None}, 'history': [{'category': 'accepted', 'sub_category': None, 'changed_at': '2025-02-16T15:07:40+00:00'}]}",39c3948b-0ac1-4e86-b928-11aaee597277,2025-02-18T18:08:29+00:00,"{'total': 2, 'adult_count': 2, 'child_count': 0, 'infant_count': 0, 'pet_count': 0}",accepted,"[{'category': 'Accepted', 'status': 'accepted', 'changed_at': '2025-02-16T15:07:40+00:00'}]"
5009f5d1-9b01-4138-8af5-6398ff27b8ee,HM5AQ9TRW8,airbnb,HM5AQ9TRW8,2025-01-01T23:29:16Z,2025-02-12T00:00:00-06:00,2025-02-18T00:00:00-06:00,2025-02-12T16:00:00-06:00,2025-02-18T11:00:00-06:00,6,"{'current': {'category': 'accepted', 'sub_category': None}, 'history': [{'category': 'accepted', 'sub_category': None, 'changed_at': '2025-01-01T23:29:29+00:00'}]}",2808787f-e67e-49ae-b36b-cf382c8026b4,2025-02-13T17:00:39+00:00,"{'total': 4, 'adult_count': 4, 'child_count': 0, 'infant_count': 0, 'pet_count': 0}",accepted,"[{'category': 'Accepted', 'status': 'accepted', 'changed_at': '2025-01-01T23:29:29+00:00'}]"
90e41cfd-7169-456e-b588-1310f092d7a7,HM4ESS8KY4,airbnb,HM4ESS8KY4,2025-02-04T23:52:03Z,2025-02-16T00:00:00-05:00,2025-02-22T00:00:00-05:00,2025-02-16T16:00:00-05:00,2025-02-22T11:00:00-05:00,6,"{'current': {'category': 'accepted', 'sub_category': None}, 'history': [{'category': 'accepted', 'sub_category': None, 'changed_at': '2025-02-04T23:52:14+00:00'}]}",87161ca9-5940-43f2-939a-5f21053361ef,2025-02-18T01:05:39+00:00,"{'total': 3, 'adult_count': 3, 'child_count': 0, 'infant_count': 0, 'pet_count': 0}",accepted,"[{'category': 'Accepted', 'status': 'accepted', 'changed_at': '2025-02-04T23:52:14+00:00'}]"
2a0d7c21-c914-466d-ad53-ad01b970c2c8,HMSAFHW2HS,airbnb,HMSAFHW2HS,2025-02-11T13:54:47Z,2025-02-11T00:00:00-05:00,2025-02-18T00:00:00-05:00,2025-02-11T16:00:00-05:00,2025-02-18T11:00:00-05:00,7,"{'current': {'category': 'accepted', 'sub_category': None}, 'history': [{'category': 'accepted', 'sub_category': None, 'changed_at': '2025-02-11T13:54:59+00:00'}]}",b22580f8-25fb-4d7b-a24c-5d4a0f86beca,2025-02-12T16:01:09+00:00,"{'total': 1, 'adult_count': 1, 'child_count': 0, 'infant_count': 0, 'pet_count': 0}",accepted,"[{'category': 'Accepted', 'status': 'accepted', 'changed_at': '2025-02-11T13:54:59+00:00'}]"
c5d2e40a-2133-4426-a457-23f2980829b5,HM5F2WDXT9,airbnb,HM5F2WDXT9,2025-02-18T13:05:54Z,2025-02-19T00:00:00-05:00,2025-02-22T00:00:00-05:00,2025-02-19T16:00:00-05:00,2025-02-22T11:00:00-05:00,3,"{'current': {'category': 'accepted', 'sub_category': None}, 'history': [{'category': 'accepted', 'sub_category': None, 'changed_at': '2025-02-18T13:06:06+00:00'}]}",e3768e70-3e96-409d-8613-392f6473679c,2025-02-18T13:05:54+00:00,"{'total': 2, 'adult_count': 2, 'child_count': 0, 'infant_count': 0, 'pet_count': 0}",accepted,"[{'category': 'Accepted', 'status': 'accepted', 'changed_at': '2025-02-18T13:06:06+00:00'}]"
2359249c-240e-4681-8bce-fcd82ffbd18d,HM52PCNT9A,airbnb,HM52PCNT9A,2025-01-15T12:05:55Z,2025-02-14T00:00:00-05:00,2025-02-17T00:00:00-05:00,2025-02-14T16:00:00-05:00,2025-02-17T11:00:00-05:00,3,"{'current': {'category': 'cancelled', 'sub_category': None}, 'history': [{'category': 'accepted', 'sub_category': None, 'changed_at': '2025-01-15T12:06:07+00:00'}, {'category': 'cancelled', 'sub_category': None, 'changed_at': '2025-01-20T03:53:01+00:00'}]}",9b65f0f7-167a-456d-8f01-0eb0bed4085a,2025-01-20T03:52:43+00:00,"{'total': 2, 'adult_count': 2, 'child_count': 0, 'infant_count': 0, 'pet_count': 0}",cancelled,"[{'category': 'Accepted', 'status': 'accepted', 'changed_at': '2025-01-15T12:06:07+00:00'}, {'category': 'Cancelled', 'status': 'canceled', 'changed_at': '2025-01-20T03:53:01+00:00'}]"
5c65ef97-0bfc-411a-86a3-3afa79d504ed,HMB5SBZ3HQ,airbnb,HMB5SBZ3HQ,2025-01-28T17:05:46Z,2025-02-20T00:00:00-05:00,2025-02-23T00:00:00-05:00,2025-02-20T16:00:00-05:00,2025-02-23T11:00:00-05:00,3,"{'current': {'category': 'accepted', 'sub_category': None}, 'history': [{'category': 'accepted', 'sub_category': None, 'changed_at': '2025-01-28T17:06:00+00:00'}]}",6e707f4a-ae2e-40bc-b96b-bc49b0772826,2025-01-28T17:15:32+00:00,"{'total': 3, 'adult_count': 2, 'child_count': 0, 'infant_count': 1, 'pet_count': 0}",accepted,"[{'category': 'Accepted', 'status': 'accepted', 'changed_at': '2025-01-28T17:06:00+00:00'}]"
d7721686-c97c-4961-ada9-25091d667960,HM2B3YSADF,airbnb,HM2B3YSADF,2025-02-14T14:36:57Z,2025-02-16T00:00:00-05:00,2025-02-18T00:00:00-05:00,2025-02-16T16:00:00-05:00,2025-02-18T11:00:00-05:00,2,"{'current': {'category': 'accepted', 'sub_category': None}, 'history': [{'category': 'accepted', 'sub_category': None, 'changed_at': '2025-02-14T14:37:12+00:00'}]}",28484f08-87b6-46b2-8c45-33dd4ad15fe5,2025-02-17T17:27:38+00:00,"{'total': 3, 'adult_count': 3, 'child_count': 0, 'infant_count': 0, 'pet_count': 0}",accepted,"[{'category': 'Accepted', 'status': 'accepted', 'changed_at': '2025-02-14T14:37:12+00:00'}]"
c5551f06-92de-42fa-a1b6-2d284f5f770e,HMK2K4PPF5,airbnb,HMK2K4PPF5,2025-02-14T23:46:02Z,2025-02-18T00:00:00-05:00,2025-02-20T00:00:00-05:00,2025-02-18T16:00:00-05:00,2025-02-20T11:00:00-05:00,2,"{'current': {'category': 'cancelled', 'sub_category': None}, 'history': [{'category': 'accepted', 'sub_category': None, 'changed_at': '2025-02-14T23:46:14+00:00'}, {'category': 'cancelled', 'sub_category': None, 'changed_at': '2025-02-14T23:51:25+00:00'}]}",ccdcaf0a-5fef-4cd6-ad7a-92718beccc4b,2025-02-14T23:51:14+00:00,"{'total': 2, 'adult_count': 2, 'child_count': 0, 'infant_count': 0, 'pet_count': 0}",cancelled,"[{'category': 'Accepted', 'status': 'accepted', 'changed_at': '2025-02-14T23:46:14+00:00'}, {'category': 'Cancelled', 'status': 'canceled', 'changed_at': '2025-02-14T23:51:25+00:00'}]"
24469e05-02fb-4182-a9b6-d30b88e0553e,HMR42RXJQS,airbnb,HMR42RXJQS,2025-02-17T03:01:01Z,2025-02-18T00:00:00-05:00,2025-02-20T00:00:00-05:00,2025-02-18T16:00:00-05:00,2025-02-20T11:00:00-05:00,2,"{'current': {'category': 'cancelled', 'sub_category': None}, 'history': [{'category': 'accepted', 'sub_category': None, 'changed_at': '2025-02-17T03:01:12+00:00'}, {'category': 'cancelled', 'sub_category': None, 'changed_at': '2025-02-17T04:11:05+00:00'}]}",2c9392d5-f997-4d41-a007-5fc1467fc96a,2025-02-17T04:10:53+00:00,"{'total': 2, 'adult_count': 2, 'child_count': 0, 'infant_count': 0, 'pet_count': 0}",cancelled,"[{'category': 'Accepted', 'status': 'accepted', 'changed_at': '2025-02-17T03:01:12+00:00'}, {'category': 'Cancelled', 'status': 'canceled', 'changed_at': '2025-02-17T04:11:05+00:00'}]"
0db6797a-7832-4687-ba4b-0be03386c0d4,HMMRKCYTQX,airbnb,HMMRKCYTQX,2025-02-17T17:41:30Z,2025-02-19T00:00:00-05:00,2025-02-20T00:00:00-05:00,2025-02-19T16:00:00-05:00,2025-02-20T11:00:00-05:00,1,"{'current': {'category': 'accepted', 'sub_category': None}, 'history': [{'category': 'accepted', 'sub_category': None, 'changed_at': '2025-02-17T17:41:41+00:00'}]}",2bbfbba8-6c15-405f-8775-29b83630643b,2025-02-18T18:19:22+00:00,"{'total': 2, 'adult_count': 2, 'child_count': 0, 'infant_count': 0, 'pet_count': 0}",accepted,"[{'category': 'Accepted', 'status': 'accepted', 'changed_at': '2025-02-17T17:41:41+00:00'}]"
0cbb5712-c811-4d65-bfaf-c0de2649f71b,HM5WJYN8AE,airbnb,HM5WJYN8AE,2025-02-17T22:05:31Z,2025-02-18T00:00:00-05:00,2025-02-19T00:00:00-05:00,2025-02-18T16:00:00-05:00,2025-02-19T11:00:00-05:00,1,"{'current': {'category': 'accepted', 'sub_category': None}, 'history': [{'category': 'accepted', 'sub_category': None, 'changed_at': '2025-02-17T22:05:43+00:00'}]}",67ae0f3a-8c11-40dc-be55-825e1c346e3c,2025-02-17T22:05:32+00:00,"{'total': 2, 'adult_count': 2, 'child_count': 0, 'infant_count': 0, 'pet_count': 0}",accepted,"[{'category': 'Accepted', 'status': 'accepted', 'changed_at': '2025-02-17T22:05:43+00:00'}]"
316456be-3088-40c3-822b-fe6017c0d15a,HM3XEXDSAP,airbnb,HM3XEXDSAP,2025-02-13T15:28:02Z,2025-02-16T00:00:00-06:00,2025-02-23T00:00:00-06:00,2025-02-16T16:00:00-06:00,2025-02-23T11:00:00-06:00,7,"{'current': {'category': 'accepted', 'sub_category': None}, 'history': [{'category': 'accepted', 'sub_category': None, 'changed_at': '2025-02-13T15:28:14+00:00'}]}",274028ee-2eb7-4e92-9c34-8ff8546e2165,2025-02-18T15:21:49+00:00,"{'total': 1, 'adult_count': 1, 'child_count': 0, 'infant_count': 0, 'pet_count': 0}",accepted,"[{'category': 'Accepted', 'status': 'accepted', 'changed_at': '2025-02-13T15:28:14+00:00'}]"
eade90cc-bc26-46bf-9752-39685b6ce5e9,HM3P94RNMB,airbnb,HM3P94RNMB,2025-01-17T14:55:16Z,2025-02-16T00:00:00-06:00,2025-02-23T00:00:00-06:00,2025-02-16T16:00:00-06:00,2025-02-23T11:00:00-06:00,7,"{'current': {'category': 'accepted', 'sub_category': None}, 'history': [{'category': 'accepted', 'sub_category': None, 'changed_at': '2025-01-17T14:55:29+00:00'}]}",3efe1f14-98b2-4bf3-bdda-77bddd36147f,2025-02-17T17:51:12+00:00,"{'total': 1, 'adult_count': 1, 'child_count': 0, 'infant_count': 0, 'pet_count': 0}",accepted,"[{'category': 'Accepted', 'status': 'accepted', 'changed_at': '2025-01-17T14:55:29+00:00'}]"
6442d33c-12d8-4025-8e88-d6e45f8f3f25,HMJ99NDHXB,airbnb,HMJ99NDHXB,2025-02-13T20:54:26Z,2025-02-16T00:00:00-06:00,2025-02-20T00:00:00-06:00,2025-02-16T16:00:00-06:00,2025-02-20T11:00:00-06:00,4,"{'current': {'category': 'accepted', 'sub_category': None}, 'history': [{'category': 'accepted', 'sub_category': None, 'changed_at': '2025-02-13T20:54:38+00:00'}]}",764d6fd6-baa4-4048-9eba-6dd2057c500f,2025-02-17T17:02:12+00:00,"{'total': 1, 'adult_count': 1, 'child_count': 0, 'infant_count': 0, 'pet_count': 0}",accepted,"[{'category': 'Accepted', 'status': 'accepted', 'changed_at': '2025-02-13T20:54:38+00:00'}]"
c52c3785-555a-49d5-80fd-5e7c5bd6f4c1,HMZXATNQH8,airbnb,HMZXATNQH8,2025-02-08T00:50:14Z,2025-02-16T00:00:00-05:00,2025-02-21T00:00:00-05:00,2025-02-16T16:00:00-05:00,2025-02-21T11:00:00-05:00,5,"{'current': {'category': 'accepted', 'sub_category': None}, 'history': [{'category': 'accepted', 'sub_category': None, 'changed_at': '2025-02-08T00:50:27+00:00'}]}",f46d7801-eb57-47b6-a097-02a99fbc63bd,2025-02-17T16:00:45+00:00,"{'total': 7, 'adult_count': 7, 'child_count': 0, 'infant_count': 0, 'pet_count': 0}",accepted,"[{'category': 'Accepted', 'status': 'accepted', 'changed_at': '2025-02-08T00:50:27+00:00'}]"
