id,name,picture,address,timezone,listed,currency,checkin,checkout,amenities,capacity,room_details,property_type,room_type,tags,house_rules,calendar_restricted,parent_child
6fede70d-7836-430e-8bf7-8baf8ce43f27,Tamaulipas 72/8,https://a0.muscache.com/im/pictures/miso/Hosting-35204370/original/a5f20ba1-da5e-46fe-beba-e0d84ee8fa15.png?aki_policy=small,"{'number': 'Apt. 8', 'street': 'Av. Tamaulipas 72, Hipódromo', 'city': 'Ciudad de México', 'state': 'Ciudad de México', 'postcode': '06100', 'country': 'MX', 'country_name': 'Mexico', 'coordinates': {'latitude': '19.41164207', 'longitude': '-99.17358398'}, 'display': 'Apt. 8, Av. Tamaulipas 72, Hipódromo, Ciudad de México, Ciudad de México, 06100, MX'}",-0600,True,MXN,16:00,11:00,"['accessible_height_bed', 'bed_linens', 'blender', 'board_games', 'body_soap', 'books', 'carbon_monoxide_detector', 'cleaning_products', 'clothes_drying_rack', 'coffee', 'coffee_maker', 'cooking_basics', 'crib', 'dining_table', 'dishes_and_silverware', 'essentials', 'ethernet_connection', 'extra_pillows_and_blankets', 'freezer', 'hair_dryer', 'hangers', 'heating', 'hot_water', 'iron', 'kitchen', 'laptop_friendly_workspace', 'laundromat_nearby', 'long_term_stays_allowed', 'microwave', 'mosquito_net', 'oven', 'paid_parking', 'path_to_entrance_lit_at_night', 'private_living_room', 'refrigerator', 'room_darkening_shades', 'shampoo', 'smoke_detector', 'stove', 'street_parking', 'tv', 'wardrobe_or_closet', 'wide_clearance_to_bed', 'wide_hallway_clearance', 'window_guards', 'wine_glasses', 'wireless_internet']","{'max': 4, 'bedrooms': 2, 'beds': 2, 'bathrooms': 1}","[{'beds': [{'type': 'queen_bed', 'quantity': 1}]}, {'beds': [{'type': 'double_bed', 'quantity': 1}]}]",apartment,Entire Home,[],"{'pets_allowed': True, 'smoking_allowed': False, 'events_allowed': False}",False,
b33427f9-9ece-4413-9990-0057d3badeb3,Chapu 703,https://a0.muscache.com/im/pictures/90098a9f-8b42-4cf9-bd6d-1c9dc155dc24.jpg?aki_policy=small,"{'number': '703', 'street': 'Avenida Chapultepec 246', 'city': 'Ciudad de México', 'state': 'Ciudad de México', 'postcode': '06700', 'country': 'MX', 'country_name': 'Mexico', 'coordinates': {'latitude': '19.42398262', 'longitude': '-99.16097260'}, 'display': '703, Avenida Chapultepec 246, Ciudad de México, Ciudad de México, 06700, MX'}",-0600,True,MXN,16:00,11:00,"['bed_linens', 'cable', 'carbon_monoxide_detector', 'coffee_maker', 'cooking_basics', 'dishes_and_silverware', 'dryer', 'elevator', 'essentials', 'extra_pillows_and_blankets', 'first_aid_kit', 'hair_dryer', 'hangers', 'heating', 'hot_water', 'iron', 'kitchen', 'laptop_friendly_workspace', 'lock_on_bedroom_door', 'long_term_stays_allowed', 'microwave', 'oven', 'pack_n_play_travel_crib', 'paid_parking', 'patio_or_belcony', 'refrigerator', 'safety_card', 'shampoo', 'single_level_home', 'smoke_detector', 'stove', 'tv', 'washer', 'wireless_internet']","{'max': 5, 'bedrooms': 2, 'beds': 2, 'bathrooms': 2}","[{'beds': [{'type': 'double_bed', 'quantity': 1}]}, {'beds': [{'type': 'double_bed', 'quantity': 1}]}]",apartment,Entire Home,[],"{'pets_allowed': True, 'smoking_allowed': False, 'events_allowed': False}",False,
ed10b21b-952f-44e4-93ca-b8381136cc56,Copenhague 6/21,https://a0.muscache.com/im/pictures/cead08b0-ced2-426d-b408-6977833d0c39.jpg?aki_policy=small,"{'number': '4', 'street': 'Copenhague 6', 'city': 'Ciudad de México', 'state': 'Ciudad de México', 'postcode': '06600', 'country': 'MX', 'country_name': 'Mexico', 'coordinates': {'latitude': '19.427799', 'longitude': '-99.1638422'}, 'display': '4, Copenhague 6, Ciudad de México, Ciudad de México, 06600, MX'}",-0600,True,MXN,16:00,11:00,"['bed_linens', 'blender', 'body_soap', 'carbon_monoxide_detector', 'coffee', 'coffee_maker', 'cooking_basics', 'dishes_and_silverware', 'freezer', 'hair_dryer', 'hot_water', 'kitchen', 'kitchenette', 'long_term_stays_allowed', 'pack_n_play_travel_crib', 'shampoo', 'smoke_detector', 'stove', 'tv', 'wardrobe_or_closet', 'washer', 'wine_glasses', 'wireless_internet']","{'max': 2, 'bedrooms': 1, 'beds': 1, 'bathrooms': 1}","[{'beds': [{'type': 'queen_bed', 'quantity': 1}]}]",apartment,Entire Home,[],"{'pets_allowed': False, 'smoking_allowed': False, 'events_allowed': False}",False,
6cec6bcd-4c23-4379-80a6-6d4a504abb36,República de Cuba 78/406,https://a0.muscache.com/im/pictures/668b9cd2-a6f4-4cc1-b948-4d3e255be176.jpg?aki_policy=small,"{'number': '406', 'street': 'Calle Republica de Cuba 78', 'city': 'Centro', 'state': 'Ciudad de México', 'postcode': '06000', 'country': 'MX', 'country_name': 'Mexico', 'coordinates': {'latitude': '19.43724442', 'longitude': '-99.13547516'}, 'display': '406, Calle Republica de Cuba 78, Centro, Ciudad de México, 06000, MX'}",-0600,True,MXN,16:00,11:00,"['bed_linens', 'carbon_monoxide_detector', 'coffee_maker', 'cooking_basics', 'dishes_and_silverware', 'dishwasher', 'elevator', 'essentials', 'ethernet_connection', 'extra_pillows_and_blankets', 'hangers', 'hot_water', 'iron', 'kitchen', 'laptop_friendly_workspace', 'lock_on_bedroom_door', 'long_term_stays_allowed', 'microwave', 'oven', 'paid_parking', 'pocket_wifi', 'private_living_room', 'refrigerator', 'shampoo', 'smoke_detector', 'stove', 'tv', 'washer', 'wireless_internet']","{'max': 6, 'bedrooms': 2, 'beds': 2, 'bathrooms': 1}","[{'beds': [{'type': 'double_bed', 'quantity': 1}]}, {'beds': [{'type': 'double_bed', 'quantity': 1}]}]",apartment,Entire Home,[],"{'pets_allowed': False, 'smoking_allowed': False, 'events_allowed': False}",False,
be34050d-dd46-4f4a-a2ff-0c017d1f208e,Chapu 601,https://a0.muscache.com/im/pictures/d9f17316-2b54-4693-b54e-0a3c132b0dae.jpg?aki_policy=small,"{'number': '601', 'street': 'Avenida Chapultepec 246', 'city': 'Ciudad de México', 'state': 'Ciudad de México', 'postcode': '06700', 'country': 'MX', 'country_name': 'Mexico', 'coordinates': {'latitude': '19.42396355', 'longitude': '-99.16096497'}, 'display': '601, Avenida Chapultepec 246, Ciudad de México, Ciudad de México, 06700, MX'}",-0600,True,MXN,16:00,11:00,"['bed_linens', 'body_soap', 'carbon_monoxide_detector', 'cleaning_products', 'coffee_maker', 'conditioner', 'cooking_basics', 'dining_table', 'dishes_and_silverware', 'dryer', 'elevator', 'essentials', 'freezer', 'free_parking', 'hair_dryer', 'hangers', 'hot_water', 'iron', 'kitchen', 'laptop_friendly_workspace', 'long_term_stays_allowed', 'luggage_dropoff_allowed', 'microwave', 'oven', 'refrigerator', 'shampoo', 'smoke_detector', 'stove', 'tv', 'wardrobe_or_closet', 'washer', 'wine_glasses', 'wireless_internet']","{'max': 4, 'bedrooms': 2, 'beds': 2, 'bathrooms': 2}","[{'beds': [{'type': 'double_bed', 'quantity': 1}]}, {'beds': [{'type': 'double_bed', 'quantity': 1}]}]",apartment,Entire Home,[],"{'pets_allowed': True, 'smoking_allowed': False, 'events_allowed': False}",False,
2d2617b6-fc41-4cff-bc7e-3f6f947b021e,Unión 71/D402,https://a0.muscache.com/im/pictures/miso/Hosting-50937221/original/810e99dc-4556-4be3-a4fa-e87915146405.jpeg?aki_policy=small,"{'number': 'D-402', 'street': 'Unión 71', 'city': 'Ciudad de México', 'state': 'Ciudad de México', 'postcode': '11800', 'country': 'MX', 'country_name': 'Mexico', 'coordinates': {'latitude': '19.40023041', 'longitude': '-99.17465973'}, 'display': 'D-402, Unión 71, Ciudad de México, Ciudad de México, 11800, MX'}",-0600,False,MXN,16:00,11:00,"['carbon_monoxide_detector', 'cooking_basics', 'dryer', 'essentials', 'free_parking', 'hair_dryer', 'iron', 'kitchen', 'laptop_friendly_workspace', 'tv', 'washer', 'wireless_internet']","{'max': 4, 'bedrooms': 2, 'beds': 2, 'bathrooms': 2}","[{'beds': [{'type': 'double_bed', 'quantity': 1}]}, {'beds': [{'type': 'double_bed', 'quantity': 1}]}]",apartment,Entire Home,[],"{'pets_allowed': False, 'smoking_allowed': False, 'events_allowed': False}",False,
533c4291-6e75-41f1-9f90-2c7b3ba8c0df,Guerrero 108/601,https://a0.muscache.com/im/pictures/miso/Hosting-51501175/original/147b9ab9-e722-4556-b772-f250291d3a1f.jpeg?aki_policy=small,"{'number': '601', 'street': 'Calle Guerrero 108', 'city': 'Buenavista', 'state': 'Ciudad de México', 'postcode': '06350', 'country': 'MX', 'country_name': 'Mexico', 'coordinates': {'latitude': '19.44308853', 'longitude': '-99.14827728'}, 'display': '601, Calle Guerrero 108, Buenavista, Ciudad de México, 06350, MX'}",-0600,True,MXN,16:00,11:00,"['bed_linens', 'body_soap', 'carbon_monoxide_detector', 'cleaning_products', 'coffee', 'coffee_maker', 'cooking_basics', 'dining_table', 'dishes_and_silverware', 'elevator', 'essentials', 'ethernet_connection', 'freezer', 'hair_dryer', 'hangers', 'hot_water', 'iron', 'kitchen', 'long_term_stays_allowed', 'microwave', 'paid_parking', 'private_entrance', 'refrigerator', 'room_darkening_shades', 'shampoo', 'tv', 'wardrobe_or_closet', 'wireless_internet']","{'max': 5, 'bedrooms': 2, 'beds': 2, 'bathrooms': 2}","[{'beds': [{'type': 'double_bed', 'quantity': 1}]}, {'beds': [{'type': 'double_bed', 'quantity': 1}]}]",apartment,Entire Home,[],"{'pets_allowed': True, 'smoking_allowed': False, 'events_allowed': False}",False,
6239edf8-005c-4ac7-98b5-b47a488c0499,Icon 1810,https://a0.muscache.com/im/pictures/miso/Hosting-52469863/original/3c19bd7b-690b-492f-8cbe-6731ec17928e.jpeg?aki_policy=small,"{'number': '1810', 'street': 'Chicontepec 57', 'city': 'Ciudad de México', 'state': 'Ciudad de México', 'postcode': '06170', 'country': 'MX', 'country_name': 'Mexico', 'coordinates': {'latitude': '19.40973854', 'longitude': '-99.18072510'}, 'display': '1810, Chicontepec 57, Ciudad de México, Ciudad de México, 06170, MX'}",-0600,True,MXN,16:00,11:00,"['ac', 'alfresco_dining', 'bed_linens', 'blender', 'body_soap', 'books', 'carbon_monoxide_detector', 'cleaning_products', 'coffee', 'coffee_maker', 'cooking_basics', 'crib', 'dining_table', 'dishes_and_silverware', 'elevator', 'essentials', 'ethernet_connection', 'exercise_equipment', 'extra_pillows_and_blankets', 'freezer', 'free_parking', 'garden_or_backyard', 'gym', 'hair_dryer', 'hangers', 'hot_water', 'iron', 'kitchen', 'laptop_friendly_workspace', 'laundromat_nearby', 'long_term_stays_allowed', 'microwave', 'outdoor_kitchen', 'outdoor_seating', 'oven', 'patio_or_belcony', 'pool', 'refrigerator', 'room_darkening_shades', 'shampoo', 'smoke_detector', 'sound_system', 'stove', 'tv', 'wardrobe_or_closet', 'window_guards', 'wine_glasses', 'wireless_internet']","{'max': 4, 'bedrooms': 2, 'beds': 2, 'bathrooms': 2}","[{'beds': [{'type': 'king_bed', 'quantity': 1}]}, {'beds': [{'type': 'queen_bed', 'quantity': 1}]}]",apartment,Entire Home,[],"{'pets_allowed': False, 'smoking_allowed': False, 'events_allowed': False}",False,
bad47a52-9b28-4622-a0f9-5157d29a4df3,Vasconcelos 146/401,https://a0.muscache.com/im/pictures/miso/Hosting-46656539/original/75d32337-ff42-4a69-8fa9-e2f2db95cd6b.jpeg?aki_policy=small,"{'number': '401', 'street': 'Av. José Vasconcelos 146', 'city': 'Ciudad de México', 'state': 'Ciudad de México', 'postcode': '06140', 'country': 'MX', 'country_name': 'Mexico', 'coordinates': {'latitude': '19.41533661', 'longitude': '-99.17958832'}, 'display': '401, Av. José Vasconcelos 146, Ciudad de México, Ciudad de México, 06140, MX'}",-0600,False,MXN,16:00,11:00,"['bed_linens', 'blender', 'body_soap', 'cable', 'carbon_monoxide_detector', 'cleaning_products', 'coffee_maker', 'cooking_basics', 'dining_table', 'dishes_and_silverware', 'dryer', 'essentials', 'extra_pillows_and_blankets', 'first_aid_kit', 'freezer', 'free_parking', 'hair_dryer', 'hangers', 'high_chair', 'hot_water', 'iron', 'kitchen', 'laptop_friendly_workspace', 'lock_on_bedroom_door', 'long_term_stays_allowed', 'luggage_dropoff_allowed', 'microwave', 'nespresso_machine', 'outdoor_seating', 'oven', 'patio_or_belcony', 'private_entrance', 'refrigerator', 'shampoo', 'shower_gel', 'smoke_detector', 'sound_system', 'stove', 'street_parking', 'tv', 'wardrobe_or_closet', 'wine_glasses', 'wireless_internet']","{'max': 4, 'bedrooms': 2, 'beds': 2, 'bathrooms': 2}","[{'beds': [{'type': 'king_bed', 'quantity': 1}]}, {'beds': [{'type': 'double_bed', 'quantity': 1}]}]",apartment,Entire Home,[],"{'pets_allowed': False, 'smoking_allowed': False, 'events_allowed': False}",False,
11bc1f7a-456f-4178-b290-a1c191fc73ea,Seneca 352,https://a0.muscache.com/im/pictures/miso/Hosting-562974000960998551/original/2433f707-f61b-4964-b334-75f07834c788.jpeg?aki_policy=small,"{'number': '501', 'street': 'Séneca 352', 'city': 'Ciudad de México', 'state': 'Ciudad de México', 'postcode': '11550', 'country': 'MX', 'country_name': 'Mexico', 'coordinates': {'latitude': '19.43236542', 'longitude': '-99.20245361'}, 'display': '501, Séneca 352, Ciudad de México, Ciudad de México, 11550, MX'}",-0600,False,MXN,16:00,11:00,"['bed_linens', 'blender', 'body_soap', 'carbon_monoxide_detector', 'coffee', 'coffee_maker', 'cooking_basics', 'crib', 'dining_table', 'dishes_and_silverware', 'elevator', 'essentials', 'freezer', 'hair_dryer', 'hot_water', 'iron', 'kitchen', 'laptop_friendly_workspace', 'laundromat_nearby', 'long_term_stays_allowed', 'microwave', 'outdoor_seating', 'oven', 'paid_parking', 'patio_or_belcony', 'refrigerator', 'room_darkening_shades', 'shampoo', 'smoke_detector', 'stove', 'tv', 'wardrobe_or_closet', 'wine_glasses', 'wireless_internet']","{'max': 2, 'bedrooms': 1, 'beds': 1, 'bathrooms': 2}","[{'beds': [{'type': 'king_bed', 'quantity': 1}]}]",apartment,Entire Home,[],"{'pets_allowed': False, 'smoking_allowed': False, 'events_allowed': False}",False,
e858ad16-cd35-44d5-9deb-c5fb9566d57e,Chapu 411,https://a0.muscache.com/im/pictures/miso/Hosting-570717304721620536/original/c5e755cd-4d1e-4428-b980-de45b9af782c.jpeg?aki_policy=small,"{'number': '411', 'street': 'Avenida Chapultepec 246', 'city': 'Ciudad de México', 'state': 'Ciudad de México', 'postcode': '06700', 'country': 'MX', 'country_name': 'Mexico', 'coordinates': {'latitude': '19.42390251', 'longitude': '-99.16101074'}, 'display': '411, Avenida Chapultepec 246, Ciudad de México, Ciudad de México, 06700, MX'}",-0600,True,MXN,16:00,11:00,"['bed_linens', 'blender', 'body_soap', 'carbon_monoxide_detector', 'cleaning_products', 'coffee_maker', 'cooking_basics', 'dining_table', 'dishes_and_silverware', 'dryer', 'elevator', 'essentials', 'freezer', 'hair_dryer', 'hangers', 'heating', 'hot_water', 'hot_water_kettle', 'iron', 'kitchen', 'laptop_friendly_workspace', 'laundromat_nearby', 'long_term_stays_allowed', 'microwave', 'outdoor_seating', 'oven', 'paid_parking', 'patio', 'patio_or_belcony', 'refrigerator', 'shampoo', 'single_level_home', 'stove', 'tv', 'wardrobe_or_closet', 'washer', 'window_guards', 'wine_glasses', 'wireless_internet']","{'max': 5, 'bedrooms': 2, 'beds': 3, 'bathrooms': 2}",[],apartment,Entire Home,[],"{'pets_allowed': False, 'smoking_allowed': False, 'events_allowed': False}",False,
2b5586d6-238e-4c0d-b28f-cbfac3e172ac,Cuernavaca Colorín,https://a0.muscache.com/im/pictures/miso/Hosting-594618026119137988/original/241d9f3d-7d8c-4177-b815-7d792e61123f.jpeg?aki_policy=small,"{'street': 'Colorín 6', 'city': 'Cuernavaca', 'state': 'Morelos', 'postcode': '62120', 'country': 'MX', 'country_name': 'Mexico', 'coordinates': {'latitude': '18.96207619', 'longitude': '-99.25356293'}, 'display': 'Colorín 6, Cuernavaca, Morelos, 62120, MX'}",-0600,False,MXN,15:00,11:00,"['ac', 'alfresco_dining', 'bbq_area', 'bed_linens', 'carbon_monoxide_detector', 'cleaning_products', 'coffee_maker', 'dining_table', 'dishes_and_silverware', 'ethernet_connection', 'freezer', 'free_parking', 'garden_or_backyard', 'hammock', 'hot_water', 'kitchen', 'laptop_friendly_workspace', 'outdoor_seating', 'patio', 'pool', 'refrigerator', 'street_parking', 'tv', 'wardrobe_or_closet', 'wireless_internet']","{'max': 11, 'bedrooms': 3, 'beds': 7, 'bathrooms': 3}","[{'beds': [{'type': 'double_bed', 'quantity': 2}]}, {'beds': [{'type': 'double_bed', 'quantity': 1}, {'type': 'single_bed', 'quantity': 2}]}, {'beds': [{'type': 'double_bed', 'quantity': 1}, {'type': 'single_bed', 'quantity': 1}]}]",villa,Entire Home,[],"{'pets_allowed': False, 'smoking_allowed': False, 'events_allowed': False}",False,
a273882a-b7a1-4c84-bd6b-ff2417e1de4c,San Cosme 58/304,https://a0.muscache.com/im/pictures/hosting/Hosting-U3RheVN1cHBseUxpc3Rpbmc6NjA2NzUwOTY3MTY3MTkyMzY3/original/8b93be5a-828e-4624-83f5-af3eb80f0893.jpeg?aki_policy=small,"{'number': '304', 'street': 'Avenida Ribera de San Cosme 58', 'city': 'Ciudad de México', 'state': 'Ciudad de México', 'postcode': '06470', 'country': 'MX', 'country_name': 'Mexico', 'coordinates': {'latitude': '19.44109917', 'longitude': '-99.15938568'}, 'display': '304, Avenida Ribera de San Cosme 58, Ciudad de México, Ciudad de México, 06470, MX'}",-0600,True,MXN,16:00,11:00,"['bed_linens', 'body_soap', 'carbon_monoxide_detector', 'cleaning_products', 'coffee', 'coffee_maker', 'cooking_basics', 'dining_table', 'dishes_and_silverware', 'essentials', 'freezer', 'hair_dryer', 'heating', 'hot_water', 'iron', 'kitchen', 'laptop_friendly_workspace', 'laundromat_nearby', 'long_term_stays_allowed', 'microwave', 'oven', 'paid_parking', 'portable_fans', 'refrigerator', 'room_darkening_shades', 'shampoo', 'stove', 'tv', 'wardrobe_or_closet', 'wine_glasses', 'wireless_internet']","{'max': 6, 'bedrooms': 1, 'beds': 3, 'bathrooms': 2}","[{'beds': [{'type': 'double_bed', 'quantity': 1}]}, {'beds': [{'type': 'sofa_bed', 'quantity': 1}]}, {'beds': [{'type': 'double_bed', 'quantity': 1}]}]",serviced_apartment,Entire Home,[],"{'pets_allowed': True, 'smoking_allowed': False, 'events_allowed': False}",True,
e7aa9e69-10f5-4bf3-ab73-8638637e1470,Soberanna 708,https://a0.muscache.com/im/pictures/miso/Hosting-659774573223820886/original/d7c0d0ee-9b61-4bac-90c5-718c552ef400.jpeg?aki_policy=small,"{'number': '708', 'street': 'Avenida Insurgentes Sur 383', 'city': 'Ciudad de México', 'state': 'Ciudad de México', 'postcode': '06100', 'country': 'MX', 'country_name': 'Mexico', 'coordinates': {'latitude': '19.40997720', 'longitude': '-99.16760580'}, 'display': '708, Avenida Insurgentes Sur 383, Ciudad de México, Ciudad de México, 06100, MX'}",-0600,True,MXN,16:00,11:00,"['alfresco_dining', 'bed_linens', 'board_games', 'body_soap', 'cleaning_products', 'coffee_maker', 'cooking_basics', 'dining_table', 'dishes_and_silverware', 'elevator', 'essentials', 'ethernet_connection', 'exercise_equipment', 'freezer', 'free_parking', 'garden_or_backyard', 'gym', 'hair_dryer', 'hangers', 'hot_water', 'hot_water_kettle', 'iron', 'kitchen', 'laptop_friendly_workspace', 'laundromat_nearby', 'long_term_stays_allowed', 'microwave', 'outdoor_seating', 'oven', 'paid_parking', 'patio', 'patio_or_belcony', 'pool', 'pool_table', 'refrigerator', 'room_darkening_shades', 'shampoo', 'shower_gel', 'tv', 'wardrobe_or_closet', 'washer', 'window_guards', 'wine_glasses', 'wireless_internet']","{'max': 4, 'bedrooms': 2, 'beds': 2, 'bathrooms': 2}","[{'beds': [{'type': 'double_bed', 'quantity': 1}]}, {'beds': [{'type': 'double_bed', 'quantity': 1}]}]",apartment,Entire Home,[],"{'pets_allowed': True, 'smoking_allowed': False, 'events_allowed': False}",False,
e5a2fef3-daf2-404c-8ba2-cab21bf4b18f,Ámsterdam 316/4,https://a0.muscache.com/im/pictures/miso/Hosting-659829698515909944/original/0c6bba1f-c3ab-476c-856a-0706cadc8ffd.jpeg?aki_policy=small,"{'number': '4', 'street': 'Amsterdam 316', 'city': 'Ciudad de México', 'state': 'Ciudad de México', 'postcode': '06100', 'country': 'MX', 'country_name': 'Mexico', 'coordinates': {'latitude': '19.41473850', 'longitude': '-99.16698950'}, 'display': '4, Amsterdam 316, Ciudad de México, Ciudad de México, 06100, MX'}",-0600,True,MXN,16:00,11:00,"['alfresco_dining', 'bed_linens', 'blender', 'body_soap', 'books', 'ceiling_fan', 'cleaning_products', 'coffee', 'coffee_maker', 'cooking_basics', 'crib', 'dining_table', 'dishes_and_silverware', 'essentials', 'ethernet_connection', 'extra_pillows_and_blankets', 'freezer', 'garden_or_backyard', 'gym', 'hair_dryer', 'hangers', 'hot_water', 'iron', 'kitchen', 'laptop_friendly_workspace', 'laundromat_nearby', 'long_term_stays_allowed', 'microwave', 'outdoor_seating', 'oven', 'paid_parking', 'paid_parking_on_premises', 'patio_or_belcony', 'refrigerator', 'room_darkening_shades', 'shampoo', 'single_level_home', 'stove', 'tv', 'wardrobe_or_closet', 'window_guards', 'wireless_internet']","{'max': 4, 'bedrooms': 2, 'beds': 2, 'bathrooms': 1}","[{'beds': [{'type': 'queen_bed', 'quantity': 1}]}, {'beds': [{'type': 'double_bed', 'quantity': 1}]}]",apartment,Entire Home,[],"{'pets_allowed': False, 'smoking_allowed': False, 'events_allowed': False}",False,
8b8029fc-a6d3-4e11-86a9-dad3d9292379,Insurgentes 410/3,https://a0.muscache.com/im/pictures/miso/Hosting-665889873563551046/original/9caf0a58-c438-4ca7-85be-3b3b75200721.jpeg?aki_policy=small,"{'number': 'int 6', 'street': 'Avenida Insurgentes Sur 410', 'city': 'Ciudad de México', 'state': 'Ciudad de México', 'postcode': '06760', 'country': 'MX', 'country_name': 'Mexico', 'coordinates': {'latitude': '19.40840230', 'longitude': '-99.16748670'}, 'display': 'int 6, Avenida Insurgentes Sur 410, Ciudad de México, Ciudad de México, 06760, MX'}",-0600,True,MXN,16:00,11:00,"['bed_linens', 'blender', 'body_soap', 'carbon_monoxide_detector', 'cleaning_products', 'clothes_drying_rack', 'coffee', 'coffee_maker', 'conditioner', 'cooking_basics', 'dining_table', 'dishes_and_silverware', 'ethernet_connection', 'freezer', 'hair_dryer', 'heating', 'hot_water', 'kitchen', 'laundromat_nearby', 'microwave', 'oven', 'paid_parking', 'patio_or_belcony', 'refrigerator', 'shampoo', 'shower_gel', 'smoke_detector', 'stove', 'tv', 'wardrobe_or_closet', 'window_guards', 'wine_glasses', 'wireless_internet']","{'max': 4, 'bedrooms': 2, 'beds': 3, 'bathrooms': 2}","[{'beds': [{'type': 'double_bed', 'quantity': 1}]}, {'beds': [{'type': 'single_bed', 'quantity': 2}]}]",apartment,Entire Home,[],"{'pets_allowed': False, 'smoking_allowed': False, 'events_allowed': False}",False,
aa59164d-0b0a-4ac1-b22f-40091cf091e1,Tamán 804,https://a0.muscache.com/im/pictures/miso/Hosting-669762830151404424/original/53867bf7-892a-45ef-b723-e91a550ede5f.jpeg?aki_policy=small,"{'number': '804 B', 'street': 'Alfonso Reyes 53', 'city': 'Ciudad de México', 'state': 'Ciudad de México', 'postcode': '06170', 'country': 'MX', 'country_name': 'Mexico', 'coordinates': {'latitude': '19.40992400', 'longitude': '-99.17983290'}, 'display': '804 B, Alfonso Reyes 53, Ciudad de México, Ciudad de México, 06170, MX'}",-0600,True,MXN,16:00,11:00,"['alfresco_dining', 'bed_linens', 'body_soap', 'carbon_monoxide_detector', 'cleaning_products', 'coffee', 'coffee_maker', 'cooking_basics', 'crib', 'dining_table', 'dishes_and_silverware', 'elevator', 'essentials', 'ethernet_connection', 'exercise_equipment', 'freezer', 'free_parking', 'garden_or_backyard', 'gym', 'hair_dryer', 'hangers', 'hot_water', 'iron', 'kitchen', 'laptop_friendly_workspace', 'laundromat_nearby', 'long_term_stays_allowed', 'microwave', 'outdoor_seating', 'oven', 'pack_n_play_travel_crib', 'paid_parking', 'patio', 'patio_or_belcony', 'pool', 'refrigerator', 'resort_access', 'room_darkening_shades', 'shampoo', 'shower_gel', 'single_level_home', 'smoke_detector', 'tv', 'wardrobe_or_closet', 'window_guards', 'wine_glasses', 'wireless_internet']","{'max': 4, 'bedrooms': 2, 'beds': 2, 'bathrooms': 2}","[{'beds': [{'type': 'king_bed', 'quantity': 1}]}, {'beds': [{'type': 'double_bed', 'quantity': 1}]}]",apartment,Entire Home,[],"{'pets_allowed': False, 'smoking_allowed': False, 'events_allowed': False}",False,
8881f621-db38-4878-8cdd-9f12041824eb,Tamán 905,https://a0.muscache.com/im/pictures/miso/Hosting-669762784827810905/original/d9f9ce36-aad1-4b8b-8a10-73b721877b65.jpeg?aki_policy=small,"{'number': '905 B', 'street': 'Alfonso Reyes 53', 'city': 'Ciudad de México', 'state': 'Ciudad de México', 'postcode': '06170', 'country': 'MX', 'country_name': 'Mexico', 'coordinates': {'latitude': '19.40992400', 'longitude': '-99.17983290'}, 'display': '905 B, Alfonso Reyes 53, Ciudad de México, Ciudad de México, 06170, MX'}",-0600,True,MXN,16:00,11:00,"['alfresco_dining', 'bed_linens', 'body_soap', 'carbon_monoxide_detector', 'cleaning_products', 'coffee', 'coffee_maker', 'cooking_basics', 'crib', 'dining_table', 'dishes_and_silverware', 'elevator', 'essentials', 'ethernet_connection', 'exercise_equipment', 'freezer', 'free_parking', 'garden_or_backyard', 'gym', 'hair_dryer', 'hangers', 'hot_water', 'iron', 'kitchen', 'laptop_friendly_workspace', 'laundromat_nearby', 'long_term_stays_allowed', 'microwave', 'outdoor_kitchen', 'outdoor_seating', 'oven', 'pack_n_play_travel_crib', 'paid_parking', 'patio', 'patio_or_belcony', 'pool', 'refrigerator', 'resort_access', 'room_darkening_shades', 'shampoo', 'shower_gel', 'single_level_home', 'smoke_detector', 'tv', 'wardrobe_or_closet', 'window_guards', 'wine_glasses', 'wireless_internet']","{'max': 4, 'bedrooms': 2, 'beds': 2, 'bathrooms': 2}","[{'beds': [{'type': 'double_bed', 'quantity': 1}]}, {'beds': [{'type': 'queen_bed', 'quantity': 1}]}]",apartment,Entire Home,[],"{'pets_allowed': False, 'smoking_allowed': False, 'events_allowed': False}",False,
2e731a1d-8282-4c92-93e7-f4fd499f961d,Nuevo León 106/301,https://a0.muscache.com/im/pictures/miso/Hosting-670195363684883464/original/8710d590-bfa8-4492-87a9-d0b5db98d19a.jpeg?aki_policy=small,"{'number': '301', 'street': 'Avenida Nuevo León 106', 'city': 'Ciudad de México', 'state': 'Ciudad de México', 'postcode': '06100', 'country': 'MX', 'country_name': 'Mexico', 'coordinates': {'latitude': '19.41101780', 'longitude': '-99.17228790'}, 'display': '301, Avenida Nuevo León 106, Ciudad de México, Ciudad de México, 06100, MX'}",-0600,True,MXN,16:00,11:00,"['bed_linens', 'blender', 'body_soap', 'cleaning_products', 'coffee', 'coffee_maker', 'cooking_basics', 'crib', 'dining_table', 'dishes_and_silverware', 'dryer', 'elevator', 'essentials', 'ethernet_connection', 'freezer', 'hair_dryer', 'hangers', 'hot_water', 'iron', 'kitchen', 'laptop_friendly_workspace', 'long_term_stays_allowed', 'microwave', 'nespresso_machine', 'outdoor_seating', 'oven', 'paid_parking', 'patio', 'patio_or_belcony', 'refrigerator', 'room_darkening_shades', 'shampoo', 'single_level_home', 'smoke_detector', 'stove', 'tv', 'wardrobe_or_closet', 'washer', 'window_guards', 'wine_glasses', 'wireless_internet']","{'max': 2, 'bedrooms': 1, 'beds': 1, 'bathrooms': 2}","[{'beds': [{'type': 'king_bed', 'quantity': 1}]}]",apartment,Entire Home,[],"{'pets_allowed': False, 'smoking_allowed': False, 'events_allowed': False}",False,
41368bd2-775a-4aa6-8e16-8ad1503714f8,Tamán 506A,https://a0.muscache.com/im/pictures/miso/Hosting-670395144342531836/original/9007c775-e53e-4afa-a8f3-555294c4fb98.png?aki_policy=small,"{'number': '506 A', 'street': 'Alfonso Reyes 53', 'city': 'Ciudad de México', 'state': 'Ciudad de México', 'postcode': '06170', 'country': 'MX', 'country_name': 'Mexico', 'coordinates': {'latitude': '19.40992400', 'longitude': '-99.17983290'}, 'display': '506 A, Alfonso Reyes 53, Ciudad de México, Ciudad de México, 06170, MX'}",-0600,True,MXN,16:00,11:00,"['alfresco_dining', 'bed_linens', 'body_soap', 'carbon_monoxide_detector', 'cleaning_products', 'coffee', 'coffee_maker', 'cooking_basics', 'crib', 'dining_table', 'dishes_and_silverware', 'elevator', 'essentials', 'ethernet_connection', 'exercise_equipment', 'freezer', 'free_parking', 'garden_or_backyard', 'gym', 'hair_dryer', 'hangers', 'hot_water', 'iron', 'kitchen', 'laptop_friendly_workspace', 'laundromat_nearby', 'long_term_stays_allowed', 'microwave', 'outdoor_kitchen', 'outdoor_seating', 'oven', 'pack_n_play_travel_crib', 'paid_parking', 'patio', 'patio_or_belcony', 'pool', 'refrigerator', 'resort_access', 'room_darkening_shades', 'shampoo', 'shower_gel', 'single_level_home', 'smoke_detector', 'tv', 'wardrobe_or_closet', 'window_guards', 'wine_glasses', 'wireless_internet']","{'max': 4, 'bedrooms': 2, 'beds': 2, 'bathrooms': 2}","[{'beds': [{'type': 'double_bed', 'quantity': 1}]}, {'beds': [{'type': 'queen_bed', 'quantity': 1}]}]",condominium,Entire Home,[],"{'pets_allowed': False, 'smoking_allowed': False, 'events_allowed': False}",False,
ee5834f5-2964-4840-aed9-ad8d14d3476b,Nuevo León 106/102,https://a0.muscache.com/im/pictures/miso/Hosting-670419739612781473/original/af534844-be2b-4059-8410-ea815da5eca5.jpeg?aki_policy=small,"{'number': '102', 'street': 'Avenida Nuevo León 106', 'city': 'Ciudad de México', 'state': 'Ciudad de México', 'postcode': '06100', 'country': 'MX', 'country_name': 'Mexico', 'coordinates': {'latitude': '19.41101780', 'longitude': '-99.17228790'}, 'display': '102, Avenida Nuevo León 106, Ciudad de México, Ciudad de México, 06100, MX'}",-0600,False,MXN,16:00,11:00,"['bed_linens', 'blender', 'body_soap', 'carbon_monoxide_detector', 'cleaning_products', 'coffee', 'coffee_maker', 'cooking_basics', 'crib', 'dining_table', 'dishes_and_silverware', 'elevator', 'essentials', 'ethernet_connection', 'freezer', 'hair_dryer', 'hangers', 'hot_water', 'iron', 'kitchen', 'laptop_friendly_workspace', 'long_term_stays_allowed', 'microwave', 'nespresso_machine', 'outdoor_seating', 'oven', 'paid_parking', 'patio', 'patio_or_belcony', 'refrigerator', 'room_darkening_shades', 'shampoo', 'single_level_home', 'smoke_detector', 'stove', 'tv', 'wardrobe_or_closet', 'washer', 'window_guards', 'wine_glasses', 'wireless_internet']","{'max': 4, 'bedrooms': 2, 'beds': 2, 'bathrooms': 2}","[{'beds': [{'type': 'king_bed', 'quantity': 1}]}, {'beds': [{'type': 'double_bed', 'quantity': 1}]}]",apartment,Entire Home,[],"{'pets_allowed': False, 'smoking_allowed': False, 'events_allowed': False}",False,
6caf422b-83df-4958-b9b0-28d2d698af2b,Tamán 805,https://a0.muscache.com/im/pictures/miso/Hosting-671275037133782593/original/e059d91e-8414-4b9e-9c95-5208a1d6e8f0.jpeg?aki_policy=small,"{'number': '805 B', 'street': 'Alfonso Reyes 53', 'city': 'Ciudad de México', 'state': 'Ciudad de México', 'postcode': '06170', 'country': 'MX', 'country_name': 'Mexico', 'coordinates': {'latitude': '19.40992400', 'longitude': '-99.17983290'}, 'display': '805 B, Alfonso Reyes 53, Ciudad de México, Ciudad de México, 06170, MX'}",-0600,True,MXN,16:00,11:00,"['alfresco_dining', 'bed_linens', 'body_soap', 'carbon_monoxide_detector', 'cleaning_products', 'clothes_drying_rack', 'coffee', 'coffee_maker', 'cooking_basics', 'crib', 'dining_table', 'dishes_and_silverware', 'elevator', 'essentials', 'ethernet_connection', 'exercise_equipment', 'freezer', 'free_parking', 'garden_or_backyard', 'gym', 'hair_dryer', 'hangers', 'hot_water', 'iron', 'kitchen', 'laptop_friendly_workspace', 'laundromat_nearby', 'long_term_stays_allowed', 'microwave', 'outdoor_kitchen', 'outdoor_seating', 'oven', 'pack_n_play_travel_crib', 'paid_parking', 'patio', 'patio_or_belcony', 'playroom', 'pool', 'refrigerator', 'resort_access', 'room_darkening_shades', 'shampoo', 'shower_gel', 'single_level_home', 'smoke_detector', 'stove', 'sun_loungers', 'tv', 'wardrobe_or_closet', 'washer', 'window_guards', 'wine_glasses', 'wireless_internet']","{'max': 4, 'bedrooms': 2, 'beds': 2, 'bathrooms': 2}","[{'beds': [{'type': 'king_bed', 'quantity': 1}]}, {'beds': [{'type': 'double_bed', 'quantity': 1}]}]",apartment,Entire Home,[],"{'pets_allowed': False, 'smoking_allowed': False, 'events_allowed': False}",False,
70763a7e-4b4f-4a31-b13a-772e9a2a576a,Tamán 1404,https://a0.muscache.com/im/pictures/miso/Hosting-674851327593982901/original/b2be98eb-88ce-4b1c-9955-662cbedcb5a9.jpeg?aki_policy=small,"{'number': '1404 B', 'street': 'Alfonso Reyes 53', 'city': 'Ciudad de México', 'state': 'Ciudad de México', 'postcode': '06170', 'country': 'MX', 'country_name': 'Mexico', 'coordinates': {'latitude': '19.40992400', 'longitude': '-99.17983290'}, 'display': '1404 B, Alfonso Reyes 53, Ciudad de México, Ciudad de México, 06170, MX'}",-0600,True,MXN,16:00,11:00,"['alfresco_dining', 'bed_linens', 'body_soap', 'carbon_monoxide_detector', 'cleaning_products', 'coffee', 'coffee_maker', 'cooking_basics', 'crib', 'dining_table', 'dishes_and_silverware', 'elevator', 'essentials', 'ethernet_connection', 'exercise_equipment', 'freezer', 'free_parking', 'garden_or_backyard', 'gym', 'hair_dryer', 'hangers', 'hot_water', 'iron', 'kitchen', 'laptop_friendly_workspace', 'laundromat_nearby', 'long_term_stays_allowed', 'microwave', 'outdoor_kitchen', 'outdoor_seating', 'oven', 'pack_n_play_travel_crib', 'paid_parking', 'patio', 'patio_or_belcony', 'pool', 'refrigerator', 'resort_access', 'room_darkening_shades', 'shampoo', 'shower_gel', 'single_level_home', 'smoke_detector', 'tv', 'wardrobe_or_closet', 'window_guards', 'wine_glasses', 'wireless_internet']","{'max': 4, 'bedrooms': 2, 'beds': 2, 'bathrooms': 2}","[{'beds': [{'type': 'double_bed', 'quantity': 1}]}, {'beds': [{'type': 'king_bed', 'quantity': 1}]}]",apartment,Entire Home,[],"{'pets_allowed': False, 'smoking_allowed': False, 'events_allowed': False}",False,
248b2002-3c92-4594-a972-732ecdbfc54a,Tamán 403,https://a0.muscache.com/im/pictures/miso/Hosting-675966081708972026/original/d8d07ded-deb8-4087-8636-2cfa6a8fdc7d.jpeg?aki_policy=small,"{'number': '403 B', 'street': 'Alfonso Reyes 53', 'city': 'Ciudad de México', 'state': 'Ciudad de México', 'postcode': '06170', 'country': 'MX', 'country_name': 'Mexico', 'coordinates': {'latitude': '19.40992400', 'longitude': '-99.17983290'}, 'display': '403 B, Alfonso Reyes 53, Ciudad de México, Ciudad de México, 06170, MX'}",-0600,False,MXN,16:00,11:00,"['alfresco_dining', 'bed_linens', 'body_soap', 'carbon_monoxide_detector', 'cleaning_products', 'coffee', 'coffee_maker', 'cooking_basics', 'crib', 'dining_table', 'dishes_and_silverware', 'elevator', 'essentials', 'ethernet_connection', 'exercise_equipment', 'freezer', 'free_parking', 'garden_or_backyard', 'gym', 'hair_dryer', 'hangers', 'hot_water', 'iron', 'kitchen', 'laptop_friendly_workspace', 'laundromat_nearby', 'long_term_stays_allowed', 'microwave', 'outdoor_kitchen', 'outdoor_seating', 'oven', 'pack_n_play_travel_crib', 'paid_parking', 'patio', 'patio_or_belcony', 'pool', 'refrigerator', 'resort_access', 'room_darkening_shades', 'shampoo', 'shower_gel', 'single_level_home', 'smoke_detector', 'tv', 'wardrobe_or_closet', 'window_guards', 'wine_glasses', 'wireless_internet']","{'max': 4, 'bedrooms': 2, 'beds': 2, 'bathrooms': 2}","[{'beds': [{'type': 'queen_bed', 'quantity': 1}]}, {'beds': [{'type': 'double_bed', 'quantity': 1}]}]",apartment,Entire Home,[],"{'pets_allowed': False, 'smoking_allowed': False, 'events_allowed': False}",False,
8995459f-624a-4191-88d3-8ffe9e3ca8f4,Icon 1103,https://a0.muscache.com/im/pictures/miso/Hosting-677684597670256016/original/db8739f8-096d-40a6-a016-fd11bddbc4a0.jpeg?aki_policy=small,"{'number': '1103', 'street': 'Chicontepec 57', 'city': 'Ciudad de México', 'state': 'Ciudad de México', 'postcode': '06170', 'country': 'MX', 'country_name': 'Mexico', 'coordinates': {'latitude': '19.40973910', 'longitude': '-99.18072320'}, 'display': '1103, Chicontepec 57, Ciudad de México, Ciudad de México, 06170, MX'}",-0600,True,MXN,16:00,11:00,"['alfresco_dining', 'bed_linens', 'body_soap', 'carbon_monoxide_detector', 'cleaning_products', 'coffee', 'coffee_maker', 'cooking_basics', 'crib', 'dining_table', 'dishes_and_silverware', 'elevator', 'essentials', 'ethernet_connection', 'exercise_equipment', 'freezer', 'free_parking', 'garden_or_backyard', 'gym', 'hair_dryer', 'hangers', 'hot_water', 'iron', 'kitchen', 'laptop_friendly_workspace', 'laundromat_nearby', 'long_term_stays_allowed', 'microwave', 'outdoor_kitchen', 'outdoor_seating', 'oven', 'pack_n_play_travel_crib', 'paid_parking', 'patio', 'patio_or_belcony', 'playroom', 'pool', 'refrigerator', 'resort_access', 'room_darkening_shades', 'shampoo', 'shower_gel', 'single_level_home', 'smoke_detector', 'tv', 'wardrobe_or_closet', 'window_guards', 'wine_glasses', 'wireless_internet']","{'max': 4, 'bedrooms': 2, 'beds': 2, 'bathrooms': 2}",[],apartment,Entire Home,[],"{'pets_allowed': False, 'smoking_allowed': False, 'events_allowed': False}",False,
3eb6b29c-d6f2-4929-b6d2-279b5e72ad8b,Tamán 303,https://a0.muscache.com/im/pictures/miso/Hosting-677684631825151620/original/0eceef5f-1fcf-4802-ab1b-ba005fa674a2.jpeg?aki_policy=small,"{'number': '303 B', 'street': 'Alfonso Reyes 53', 'city': 'Ciudad de México', 'state': 'Ciudad de México', 'postcode': '06170', 'country': 'MX', 'country_name': 'Mexico', 'coordinates': {'latitude': '19.40992400', 'longitude': '-99.17983290'}, 'display': '303 B, Alfonso Reyes 53, Ciudad de México, Ciudad de México, 06170, MX'}",-0600,True,MXN,16:00,11:00,"['alfresco_dining', 'bed_linens', 'body_soap', 'carbon_monoxide_detector', 'cleaning_products', 'coffee', 'coffee_maker', 'cooking_basics', 'crib', 'dining_table', 'dishes_and_silverware', 'elevator', 'essentials', 'ethernet_connection', 'exercise_equipment', 'freezer', 'free_parking', 'garden_or_backyard', 'gym', 'hair_dryer', 'hangers', 'hot_water', 'iron', 'kitchen', 'laptop_friendly_workspace', 'laundromat_nearby', 'long_term_stays_allowed', 'microwave', 'outdoor_kitchen', 'outdoor_seating', 'oven', 'pack_n_play_travel_crib', 'paid_parking', 'patio', 'patio_or_belcony', 'pool', 'refrigerator', 'resort_access', 'room_darkening_shades', 'shampoo', 'shower_gel', 'single_level_home', 'smoke_detector', 'tv', 'wardrobe_or_closet', 'window_guards', 'wine_glasses', 'wireless_internet']","{'max': 4, 'bedrooms': 2, 'beds': 2, 'bathrooms': 2}","[{'beds': [{'type': 'double_bed', 'quantity': 1}]}, {'beds': [{'type': 'queen_bed', 'quantity': 1}]}]",apartment,Entire Home,[],"{'pets_allowed': False, 'smoking_allowed': False, 'events_allowed': False}",False,
bcaf5cd5-4861-49e3-9dc9-688f18d1dcd7,Dr. Vértiz 489/30,https://a0.muscache.com/im/pictures/miso/Hosting-686843235919791900/original/22479adb-eb60-47d5-809d-dc2ecd660404.jpeg?aki_policy=small,"{'number': '30', 'street': 'Calle Doctor José María Vertiz 489', 'city': 'Ciudad de México', 'state': 'Ciudad de México', 'postcode': '03000', 'country': 'MX', 'country_name': 'Mexico', 'coordinates': {'latitude': '19.40314380', 'longitude': '-99.15069630'}, 'display': '30, Calle Doctor José María Vertiz 489, Ciudad de México, Ciudad de México, 03000, MX'}",-0600,True,MXN,16:00,11:00,"['alfresco_shower', 'bed_linens', 'blender', 'body_soap', 'carbon_monoxide_detector', 'cleaning_products', 'coffee', 'coffee_maker', 'conditioner', 'cooking_basics', 'dining_table', 'dishes_and_silverware', 'dryer', 'essentials', 'ethernet_connection', 'freezer', 'hair_dryer', 'hangers', 'heating', 'hot_water', 'hot_water_kettle', 'iron', 'kitchen', 'laptop_friendly_workspace', 'laundromat_nearby', 'long_term_stays_allowed', 'microwave', 'mosquito_net', 'oven', 'paid_parking', 'pool_table', 'portable_fans', 'refrigerator', 'room_darkening_shades', 'shampoo', 'shower_gel', 'single_level_home', 'stove', 'tv', 'wardrobe_or_closet', 'washer', 'window_guards', 'wine_glasses', 'wireless_internet']","{'max': 4, 'bedrooms': 1, 'beds': 2, 'bathrooms': 1}","[{'beds': [{'type': 'sofa_bed', 'quantity': 1}]}, {'beds': [{'type': 'double_bed', 'quantity': 1}]}]",apartment,Entire Home,[],"{'pets_allowed': True, 'smoking_allowed': False, 'events_allowed': False}",True,
ef78019d-5121-4061-a60f-d0acec2cd55a,Skyview 822,https://a0.muscache.com/im/pictures/miso/Hosting-689983949798756014/original/7df57a2b-90da-4bab-9a6d-686d7a7718e8.jpeg?aki_policy=small,"{'number': '822', 'street': 'Avenida Ejército Nacional Mexicano 245', 'city': 'Ciudad de México', 'state': 'Ciudad de México', 'postcode': '11320', 'country': 'MX', 'country_name': 'Mexico', 'coordinates': {'latitude': '19.43734020', 'longitude': '-99.18043100'}, 'display': '822, Avenida Ejército Nacional Mexicano 245, Ciudad de México, Ciudad de México, 11320, MX'}",-0600,True,MXN,16:00,11:00,"['alfresco_dining', 'bed_linens', 'blender', 'body_soap', 'carbon_monoxide_detector', 'cleaning_products', 'coffee', 'coffee_maker', 'cooking_basics', 'dishes_and_silverware', 'dryer', 'elevator', 'essentials', 'exercise_equipment', 'free_parking', 'gym', 'hair_dryer', 'hangers', 'hot_water', 'iron', 'jacuzzi', 'kitchen', 'laptop_friendly_workspace', 'long_term_stays_allowed', 'microwave', 'outdoor_seating', 'oven', 'paid_parking', 'patio_or_belcony', 'pool', 'refrigerator', 'room_darkening_shades', 'shampoo', 'smoke_detector', 'stove', 'tv', 'washer', 'wine_glasses', 'wireless_internet']","{'max': 6, 'bedrooms': 2, 'beds': 3, 'bathrooms': 2}","[{'beds': [{'type': 'sofa_bed', 'quantity': 1}]}, {'beds': [{'type': 'queen_bed', 'quantity': 1}]}, {'beds': [{'type': 'queen_bed', 'quantity': 1}]}]",apartment,Entire Home,[],"{'pets_allowed': False, 'smoking_allowed': False, 'events_allowed': False}",False,
94cd01a2-540a-4e2f-afeb-62fe680555bf,Tamán 907A,https://a0.muscache.com/im/pictures/miso/Hosting-694420990178394257/original/42d31004-378e-41cc-956c-6e80ea2a664b.jpeg?aki_policy=small,"{'number': '907 A', 'street': 'Alfonso Reyes 53', 'city': 'Ciudad de México', 'state': 'Ciudad de México', 'postcode': '06170', 'country': 'MX', 'country_name': 'Mexico', 'coordinates': {'latitude': '19.40992400', 'longitude': '-99.17983290'}, 'display': '907 A, Alfonso Reyes 53, Ciudad de México, Ciudad de México, 06170, MX'}",-0600,True,MXN,16:00,11:00,"['alfresco_dining', 'bed_linens', 'body_soap', 'carbon_monoxide_detector', 'cleaning_products', 'coffee', 'coffee_maker', 'cooking_basics', 'dining_table', 'dishes_and_silverware', 'elevator', 'essentials', 'ethernet_connection', 'exercise_equipment', 'freezer', 'free_parking', 'garden_or_backyard', 'gym', 'hair_dryer', 'hangers', 'hot_water', 'iron', 'kitchen', 'laptop_friendly_workspace', 'laundromat_nearby', 'long_term_stays_allowed', 'microwave', 'outdoor_kitchen', 'outdoor_seating', 'oven', 'pack_n_play_travel_crib', 'paid_parking', 'patio', 'patio_or_belcony', 'pool', 'refrigerator', 'resort_access', 'room_darkening_shades', 'shampoo', 'shower_gel', 'single_level_home', 'smoke_detector', 'tv', 'wardrobe_or_closet', 'window_guards', 'wine_glasses', 'wireless_internet']","{'max': 4, 'bedrooms': 2, 'beds': 2, 'bathrooms': 2}","[{'beds': [{'type': 'double_bed', 'quantity': 1}]}, {'beds': [{'type': 'king_bed', 'quantity': 1}]}]",apartment,Entire Home,[],"{'pets_allowed': False, 'smoking_allowed': False, 'events_allowed': False}",False,
bebcc9ee-860a-43ce-aa92-650730872f73,Insurgentes 410/2,https://a0.muscache.com/im/pictures/miso/Hosting-717099584129301807/original/6b4e3971-68fd-43be-bcf2-d13177a4d712.jpeg?aki_policy=small,"{'number': '2', 'street': 'Avenida Insurgentes Sur 410', 'city': 'Ciudad de México', 'state': 'Ciudad de México', 'postcode': '06760', 'country': 'MX', 'country_name': 'Mexico', 'coordinates': {'latitude': '19.40840230', 'longitude': '-99.16748670'}, 'display': '2, Avenida Insurgentes Sur 410, Ciudad de México, Ciudad de México, 06760, MX'}",-0600,True,MXN,16:00,11:00,"['bed_linens', 'blender', 'body_soap', 'carbon_monoxide_detector', 'cleaning_products', 'coffee', 'coffee_maker', 'cooking_basics', 'crib', 'dining_table', 'dishes_and_silverware', 'dryer', 'essentials', 'ethernet_connection', 'extra_pillows_and_blankets', 'freezer', 'hair_dryer', 'hangers', 'hot_water', 'iron', 'kitchen', 'laundromat_nearby', 'long_term_stays_allowed', 'microwave', 'oven', 'paid_parking', 'refrigerator', 'room_darkening_shades', 'shampoo', 'shower_gel', 'smoke_detector', 'stove', 'street_parking', 'tv', 'wardrobe_or_closet', 'washer', 'window_guards', 'wine_glasses', 'wireless_internet']","{'max': 4, 'bedrooms': 2, 'beds': 3, 'bathrooms': 1}","[{'beds': [{'type': 'double_bed', 'quantity': 1}]}, {'beds': [{'type': 'single_bed', 'quantity': 2}]}]",apartment,Entire Home,[],"{'pets_allowed': True, 'smoking_allowed': False, 'events_allowed': False}",False,
7196b41c-49a8-45e3-b129-492eb2c575f7,Tamaulipas 72/8,https://a0.muscache.com/im/pictures/miso/Hosting-717780113584036752/original/e8906369-b3c1-4854-b8e8-e57f5aedf603.png?aki_policy=small,"{'street': 'Avenida Tamaulipas 72', 'city': 'Ciudad de México', 'state': 'Ciudad de México', 'postcode': '06100', 'country': 'MX', 'country_name': 'Mexico', 'coordinates': {'latitude': '19.41164300', 'longitude': '-99.17358610'}, 'display': 'Avenida Tamaulipas 72, Ciudad de México, Ciudad de México, 06100, MX'}",-0600,False,MXN,16:00,11:00,"['carbon_monoxide_detector', 'coffee_maker', 'dishes_and_silverware', 'kitchen', 'laptop_friendly_workspace', 'smoke_detector', 'tv', 'wireless_internet']","{'max': 4, 'bedrooms': 2, 'beds': 2, 'bathrooms': 1}",[],apartment,Entire Home,[],"{'pets_allowed': False, 'smoking_allowed': False, 'events_allowed': False}",True,
d707a37e-c2ca-45d2-b07c-b15462e3d31d,Rafael Oliva 143,https://a0.muscache.com/im/pictures/miso/Hosting-717981394516087847/original/16cfa98e-c92f-4d9c-8237-c4eebe214c4e.jpeg?aki_policy=small,"{'street': 'Rafael Oliva 143', 'city': 'Ciudad de México', 'state': 'Ciudad de México', 'postcode': '04120', 'country': 'MX', 'country_name': 'Mexico', 'coordinates': {'latitude': '19.35524340', 'longitude': '-99.14752620'}, 'display': 'Rafael Oliva 143, Ciudad de México, Ciudad de México, 04120, MX'}",-0600,True,MXN,16:00,11:00,"['bed_linens', 'blender', 'body_soap', 'books', 'carbon_monoxide_detector', 'ceiling_fan', 'cleaning_products', 'coffee_maker', 'cooking_basics', 'dining_table', 'dishes_and_silverware', 'dryer', 'essentials', 'ethernet_connection', 'freezer', 'free_parking', 'garden_or_backyard', 'hair_dryer', 'hot_water', 'hot_water_kettle', 'iron', 'kitchen', 'laptop_friendly_workspace', 'laundromat_nearby', 'long_term_stays_allowed', 'microwave', 'patio', 'patio_or_belcony', 'piano', 'portable_fans', 'private_entrance', 'refrigerator', 'shampoo', 'smoke_detector', 'stove', 'street_parking', 'tv', 'washer', 'window_guards', 'wine_glasses', 'wireless_internet']","{'max': 6, 'bedrooms': 3, 'beds': 3, 'bathrooms': 2}","[{'beds': [{'type': 'king_bed', 'quantity': 1}]}, {'beds': [{'type': 'double_bed', 'quantity': 1}]}, {'beds': [{'type': 'double_bed', 'quantity': 1}]}]",house,Entire Home,[],"{'pets_allowed': True, 'smoking_allowed': False, 'events_allowed': False}",False,
020e7650-b6cb-4ebf-b3ad-492fb471c4bd,Agrarismo 18/502,https://a0.muscache.com/im/pictures/hosting/Hosting-U3RheVN1cHBseUxpc3Rpbmc6NzIzNzMxMDQwNTg5NzUzNTUy/original/75e74d15-c51c-4cba-81ff-b37fcae0e0d0.jpeg?aki_policy=small,"{'number': '502', 'street': 'Calle Agrarismo 18', 'city': 'Ciudad de México', 'state': 'Ciudad de México', 'postcode': '11800', 'country': 'MX', 'country_name': 'Mexico', 'coordinates': {'latitude': '19.40280940', 'longitude': '-99.17166080'}, 'display': '502, Calle Agrarismo 18, Ciudad de México, Ciudad de México, 11800, MX'}",-0600,True,MXN,16:00,11:00,"['bed_linens', 'carbon_monoxide_detector', 'cleaning_products', 'coffee_maker', 'cooking_basics', 'dishes_and_silverware', 'dryer', 'essentials', 'ethernet_connection', 'freezer', 'free_parking', 'hair_dryer', 'hot_water', 'hot_water_kettle', 'iron', 'kitchen', 'laundromat_nearby', 'long_term_stays_allowed', 'microwave', 'oven', 'paid_parking', 'refrigerator', 'room_darkening_shades', 'shampoo', 'shower_gel', 'smoke_detector', 'street_parking', 'tv', 'wardrobe_or_closet', 'washer', 'wine_glasses', 'wireless_internet']","{'max': 4, 'bedrooms': 1, 'beds': 2, 'bathrooms': 1}",[],apartment,Entire Home,[],"{'pets_allowed': False, 'smoking_allowed': False, 'events_allowed': False}",False,
f1beb686-69db-4881-9160-23a142ebbf21,Río Pánuco 19/401,https://a0.muscache.com/im/pictures/miso/Hosting-736180923037765665/original/9e69b3b2-45e1-45fe-b299-6ec2fbc8fce7.jpeg?aki_policy=small,"{'number': '401', 'street': 'Río Pánuco 19', 'city': 'Ciudad de México', 'state': 'Ciudad de México', 'postcode': '06500', 'country': 'MX', 'country_name': 'Mexico', 'coordinates': {'latitude': '19.42777360', 'longitude': '-99.17344430'}, 'display': '401, Río Pánuco 19, Ciudad de México, Ciudad de México, 06500, MX'}",-0600,True,MXN,16:00,11:00,"['alfresco_dining', 'bed_linens', 'blender', 'body_soap', 'carbon_monoxide_detector', 'cleaning_products', 'coffee_maker', 'cooking_basics', 'dining_table', 'dishes_and_silverware', 'elevator', 'essentials', 'freezer', 'hair_dryer', 'hangers', 'hot_water', 'kitchen', 'laptop_friendly_workspace', 'laundromat_nearby', 'long_term_stays_allowed', 'microwave', 'outdoor_seating', 'oven', 'paid_parking', 'patio', 'patio_or_belcony', 'refrigerator', 'room_darkening_shades', 'shampoo', 'smoke_detector', 'stove', 'tv', 'wine_glasses', 'wireless_internet']","{'max': 4, 'bedrooms': 2, 'beds': 2, 'bathrooms': 2}","[{'beds': [{'type': 'queen_bed', 'quantity': 1}]}, {'beds': [{'type': 'double_bed', 'quantity': 1}]}]",apartment,Entire Home,[],"{'pets_allowed': False, 'smoking_allowed': False, 'events_allowed': False}",False,
ef5272c8-245a-4220-9383-b2c61d121d3f,Bioparque 1606,https://a0.muscache.com/im/pictures/miso/Hosting-650571943336201326/original/d68f9821-1fcc-4886-b59a-0eae1ab27e9e.jpeg?aki_policy=small,"{'number': 'piso 16 puerta 1606', 'street': 'Privada Torres Bioparque', 'city': 'Ciudad de México', 'state': 'Ciudad de México', 'postcode': '01180', 'country': 'MX', 'country_name': 'Mexico', 'coordinates': {'latitude': '19.38771140', 'longitude': '-99.19572400'}, 'display': 'piso 16 puerta 1606, Privada Torres Bioparque, Ciudad de México, Ciudad de México, 01180, MX'}",-0600,True,MXN,16:00,11:00,"['alfresco_dining', 'bed_linens', 'blender', 'body_soap', 'books', 'carbon_monoxide_detector', 'cleaning_products', 'coffee_maker', 'cooking_basics', 'dining_table', 'dishes_and_silverware', 'elevator', 'essentials', 'fire_extinguisher', 'first_aid_kit', 'freezer', 'free_parking', 'garden_or_backyard', 'hot_water', 'hot_water_kettle', 'kitchen', 'laptop_friendly_workspace', 'laundromat_nearby', 'long_term_stays_allowed', 'microwave', 'outdoor_seating', 'oven', 'paid_parking', 'patio', 'patio_or_belcony', 'refrigerator', 'room_darkening_shades', 'shampoo', 'single_level_home', 'smoke_detector', 'stove', 'tv', 'wardrobe_or_closet', 'washer', 'window_guards', 'wireless_internet']","{'max': 4, 'bedrooms': 3, 'beds': 4, 'bathrooms': 2}","[{'beds': [{'type': 'double_bed', 'quantity': 1}, {'type': 'single_bed', 'quantity': 1}]}, {'beds': [{'type': 'double_bed', 'quantity': 1}]}, {'beds': [{'type': 'double_bed', 'quantity': 1}]}]",apartment,Entire Home,[],"{'pets_allowed': False, 'smoking_allowed': False, 'events_allowed': False}",False,
7d0903b8-6e8f-47ef-8e0e-c2ed42805df0,Bioparque 1501,https://a0.muscache.com/im/pictures/miso/Hosting-730416147816652985/original/d1505622-0301-4202-89fb-75edf21e6bd2.jpeg?aki_policy=small,"{'number': '1501', 'street': 'Calle 18 254', 'city': 'Ciudad de México', 'state': 'Ciudad de México', 'postcode': '01180', 'country': 'MX', 'country_name': 'Mexico', 'coordinates': {'latitude': '19.38743976', 'longitude': '-99.19542152'}, 'display': '1501, Calle 18 254, Ciudad de México, Ciudad de México, 01180, MX'}",-0600,True,MXN,16:00,11:00,"['bed_linens', 'blender', 'body_soap', 'carbon_monoxide_detector', 'cleaning_products', 'coffee_maker', 'cooking_basics', 'dining_table', 'dishes_and_silverware', 'elevator', 'essentials', 'freezer', 'free_parking', 'garden_or_backyard', 'hot_water', 'hot_water_kettle', 'kitchen', 'laptop_friendly_workspace', 'laundromat_nearby', 'long_term_stays_allowed', 'microwave', 'oven', 'paid_parking', 'patio_or_belcony', 'refrigerator', 'room_darkening_shades', 'shampoo', 'single_level_home', 'smoke_detector', 'stove', 'tv', 'wardrobe_or_closet', 'washer', 'window_guards', 'wireless_internet']","{'max': 4, 'bedrooms': 3, 'beds': 4, 'bathrooms': 2}","[{'beds': [{'type': 'double_bed', 'quantity': 3}, {'type': 'single_bed', 'quantity': 1}]}]",condominium,Entire Home,[],"{'pets_allowed': False, 'smoking_allowed': False, 'events_allowed': False}",False,
cb78a6aa-211e-43e1-a82c-b20af4cc466b,Lieja 40/503,https://a0.muscache.com/im/pictures/miso/Hosting-743354564927331586/original/85b79ba5-1ec8-4257-80d3-ff9212e59808.jpeg?aki_policy=small,"{'number': '503', 'street': 'Lieja 40', 'city': 'Ciudad de México', 'state': 'Ciudad de México', 'postcode': '06600', 'country': 'MX', 'country_name': 'Mexico', 'coordinates': {'latitude': '19.42206080', 'longitude': '-99.17443990'}, 'display': '503, Lieja 40, Ciudad de México, Ciudad de México, 06600, MX'}",-0600,True,MXN,16:00,11:00,"['ac', 'bed_linens', 'blender', 'body_soap', 'books', 'carbon_monoxide_detector', 'ceiling_fan', 'cleaning_products', 'coffee_maker', 'cooking_basics', 'dining_table', 'dishes_and_silverware', 'dishwasher', 'dryer', 'elevator', 'essentials', 'extra_pillows_and_blankets', 'fire_extinguisher', 'first_aid_kit', 'freezer', 'free_parking', 'hair_dryer', 'hangers', 'heating', 'hot_water', 'hot_water_kettle', 'iron', 'kitchen', 'laptop_friendly_workspace', 'laundromat_nearby', 'microwave', 'nespresso_machine', 'oven', 'patio_or_belcony', 'record_player', 'refrigerator', 'room_darkening_shades', 'safe', 'shampoo', 'single_level_home', 'smoke_detector', 'sound_system', 'stove', 'tv', 'wardrobe_or_closet', 'washer', 'wine_glasses', 'wireless_internet']","{'max': 5, 'bedrooms': 2, 'beds': 4, 'bathrooms': 1}","[{'beds': [{'type': 'single_bed', 'quantity': 2}]}, {'beds': [{'type': 'sofa_bed', 'quantity': 1}]}, {'beds': [{'type': 'queen_bed', 'quantity': 1}]}]",apartment,Entire Home,[],"{'pets_allowed': False, 'smoking_allowed': False, 'events_allowed': False}",False,
a7f4281d-c63c-4b35-9524-5d017e7fee45,Mesones José María,https://a0.muscache.com/im/pictures/miso/Hosting-51603721/original/b645a4ff-9852-4daa-bbaf-4420addc2c39.jpeg?aki_policy=small,"{'street': 'Mesones 32', 'city': 'Ciudad de México', 'state': 'Ciudad de México', 'postcode': '06000', 'country': 'MX', 'country_name': 'Mexico', 'coordinates': {'latitude': '19.42896271', 'longitude': '-99.13806915'}, 'display': 'Mesones 32, Ciudad de México, Ciudad de México, 06000, MX'}",-0600,True,MXN,16:00,11:00,"['bed_linens', 'body_soap', 'carbon_monoxide_detector', 'cleaning_products', 'coffee', 'coffee_maker', 'cooking_basics', 'dishes_and_silverware', 'dryer', 'essentials', 'ethernet_connection', 'extra_pillows_and_blankets', 'fire_extinguisher', 'freezer', 'hangers', 'hot_water', 'hot_water_kettle', 'kitchen', 'lock_on_bedroom_door', 'long_term_stays_allowed', 'luggage_dropoff_allowed', 'microwave', 'mini_fridge', 'paid_parking', 'patio', 'pocket_wifi', 'room_darkening_shades', 'shampoo', 'shower_gel', 'single_level_home', 'smoke_detector', 'stove', 'washer', 'wine_glasses', 'wireless_internet']","{'max': 2, 'bedrooms': 1, 'beds': 1, 'bathrooms': 1}","[{'beds': [{'type': 'double_bed', 'quantity': 1}]}]",tiny_house,Entire Home,[],"{'pets_allowed': False, 'smoking_allowed': False, 'events_allowed': False}",False,"{'type': 'child', 'parent': '4d370347-5bb8-4eb6-afe2-9f3ec59304c2', 'children': [], 'siblings': ['d632f2cf-dc94-4189-819d-30af721bf4e1', '30a27384-8757-4dd6-bf6a-a0160639bb87', '2d0e502c-11b9-4c51-95f8-dae90e27c863']}"
d632f2cf-dc94-4189-819d-30af721bf4e1,Mesones Rufino,https://a0.muscache.com/im/pictures/miso/Hosting-53592061/original/db0349dc-d5a3-474a-955c-69a204002e75.jpeg?aki_policy=small,"{'number': 'CENTRO', 'street': 'Mesones 32', 'city': 'Ciudad de México', 'state': 'Ciudad de México', 'postcode': '06000', 'country': 'MX', 'country_name': 'Mexico', 'coordinates': {'latitude': '19.42896271', 'longitude': '-99.13806915'}, 'display': 'CENTRO, Mesones 32, Ciudad de México, Ciudad de México, 06000, MX'}",-0600,True,MXN,16:00,11:00,"['bed_linens', 'carbon_monoxide_detector', 'cleaning_products', 'coffee', 'coffee_maker', 'cooking_basics', 'dining_table', 'dishes_and_silverware', 'dryer', 'essentials', 'ethernet_connection', 'extra_pillows_and_blankets', 'fire_extinguisher', 'freezer', 'hangers', 'heating', 'hot_water', 'hot_water_kettle', 'kitchen', 'lock_on_bedroom_door', 'long_term_stays_allowed', 'luggage_dropoff_allowed', 'microwave', 'mini_fridge', 'paid_parking', 'patio_or_belcony', 'pocket_wifi', 'refrigerator', 'room_darkening_shades', 'shampoo', 'shower_gel', 'single_level_home', 'smoke_detector', 'stove', 'washer', 'wine_glasses', 'wireless_internet']","{'max': 2, 'bedrooms': 1, 'beds': 1, 'bathrooms': 1}","[{'beds': [{'type': 'double_bed', 'quantity': 1}]}]",tiny_house,Entire Home,[],"{'pets_allowed': False, 'smoking_allowed': False, 'events_allowed': False}",False,"{'type': 'child', 'parent': '4d370347-5bb8-4eb6-afe2-9f3ec59304c2', 'children': [], 'siblings': ['a7f4281d-c63c-4b35-9524-5d017e7fee45', '30a27384-8757-4dd6-bf6a-a0160639bb87', '2d0e502c-11b9-4c51-95f8-dae90e27c863']}"
30a27384-8757-4dd6-bf6a-a0160639bb87,Mesones Miguel Ángel,https://a0.muscache.com/im/pictures/miso/Hosting-53591651/original/66526021-5b5a-49d5-b94a-20de90780672.jpeg?aki_policy=small,"{'number': 'CENTRO', 'street': 'Mesones 32', 'city': 'Ciudad de México', 'state': 'Ciudad de México', 'postcode': '06000', 'country': 'MX', 'country_name': 'Mexico', 'coordinates': {'latitude': '19.42896271', 'longitude': '-99.13806915'}, 'display': 'CENTRO, Mesones 32, Ciudad de México, Ciudad de México, 06000, MX'}",-0600,True,MXN,16:00,11:00,"['bed_linens', 'body_soap', 'carbon_monoxide_detector', 'cleaning_products', 'coffee', 'coffee_maker', 'cooking_basics', 'dining_table', 'dishes_and_silverware', 'dryer', 'essentials', 'ethernet_connection', 'extra_pillows_and_blankets', 'fire_extinguisher', 'freezer', 'garden_or_backyard', 'hangers', 'hot_water', 'hot_water_kettle', 'kitchen', 'laptop_friendly_workspace', 'lock_on_bedroom_door', 'long_term_stays_allowed', 'luggage_dropoff_allowed', 'microwave', 'mini_fridge', 'paid_parking', 'patio_or_belcony', 'pocket_wifi', 'refrigerator', 'shampoo', 'shower_gel', 'single_level_home', 'smoke_detector', 'stove', 'washer', 'wine_glasses', 'wireless_internet']","{'max': 2, 'bedrooms': 1, 'beds': 2, 'bathrooms': 1}","[{'beds': [{'type': 'single_bed', 'quantity': 2}]}]",tiny_house,Entire Home,[],"{'pets_allowed': False, 'smoking_allowed': False, 'events_allowed': False}",False,"{'type': 'child', 'parent': '4d370347-5bb8-4eb6-afe2-9f3ec59304c2', 'children': [], 'siblings': ['a7f4281d-c63c-4b35-9524-5d017e7fee45', 'd632f2cf-dc94-4189-819d-30af721bf4e1', '2d0e502c-11b9-4c51-95f8-dae90e27c863']}"
2d0e502c-11b9-4c51-95f8-dae90e27c863,Mesones Pablo,https://a0.muscache.com/im/pictures/miso/Hosting-51602247/original/ac7fec53-b5a2-4a46-b7a8-b7c3069b7270.jpeg?aki_policy=small,"{'number': 'CENTRO', 'street': 'Mesones 32', 'city': 'Ciudad de México', 'state': 'Ciudad de México', 'postcode': '06000', 'country': 'MX', 'country_name': 'Mexico', 'coordinates': {'latitude': '19.42896271', 'longitude': '-99.13806915'}, 'display': 'CENTRO, Mesones 32, Ciudad de México, Ciudad de México, 06000, MX'}",-0600,True,MXN,16:00,11:00,"['bed_linens', 'carbon_monoxide_detector', 'cleaning_products', 'coffee', 'cooking_basics', 'dining_table', 'dishes_and_silverware', 'essentials', 'ethernet_connection', 'extra_pillows_and_blankets', 'fire_extinguisher', 'hangers', 'hot_water', 'kitchen', 'laptop_friendly_workspace', 'lock_on_bedroom_door', 'long_term_stays_allowed', 'luggage_dropoff_allowed', 'microwave', 'mini_fridge', 'paid_parking', 'patio_or_belcony', 'pocket_wifi', 'refrigerator', 'room_darkening_shades', 'shampoo', 'shower_gel', 'single_level_home', 'smoke_detector', 'stove', 'washer', 'wireless_internet']","{'max': 2, 'bedrooms': 1, 'beds': 1, 'bathrooms': 1}","[{'beds': [{'type': 'double_bed', 'quantity': 1}]}]",tiny_house,Entire Home,[],"{'pets_allowed': False, 'smoking_allowed': False, 'events_allowed': False}",False,"{'type': 'child', 'parent': '4d370347-5bb8-4eb6-afe2-9f3ec59304c2', 'children': [], 'siblings': ['a7f4281d-c63c-4b35-9524-5d017e7fee45', 'd632f2cf-dc94-4189-819d-30af721bf4e1', '30a27384-8757-4dd6-bf6a-a0160639bb87']}"
c66b1e16-5dd6-40f8-a3c8-002ac02c5d43,Taine 247/PH1,https://a0.muscache.com/im/pictures/miso/Hosting-754381336567656053/original/7fb99085-7172-4e5c-a977-e4920c27fa68.jpeg?aki_policy=small,"{'number': 'PH1', 'street': 'Calle Hipólito Taine 247', 'city': 'Ciudad de México', 'state': 'Ciudad de México', 'postcode': '11560', 'country': 'MX', 'country_name': 'Mexico', 'coordinates': {'latitude': '19.43372070', 'longitude': '-99.18508140'}, 'display': 'PH1, Calle Hipólito Taine 247, Ciudad de México, Ciudad de México, 11560, MX'}",-0600,True,MXN,16:00,11:00,"['ac', 'bed_linens', 'blender', 'carbon_monoxide_detector', 'cleaning_products', 'coffee_maker', 'cooking_basics', 'dining_table', 'dishes_and_silverware', 'dryer', 'elevator', 'essentials', 'freezer', 'free_parking', 'hangers', 'hot_water', 'hot_water_kettle', 'kitchen', 'laptop_friendly_workspace', 'laundromat_nearby', 'microwave', 'outdoor_seating', 'oven', 'paid_parking', 'patio_or_belcony', 'refrigerator', 'room_darkening_shades', 'shampoo', 'smoke_detector', 'stove', 'tv', 'wardrobe_or_closet', 'washer', 'wireless_internet']","{'max': 5, 'bedrooms': 2, 'beds': 3, 'bathrooms': 2}","[{'beds': [{'type': 'double_bed', 'quantity': 1}, {'type': 'single_bed', 'quantity': 1}]}, {'beds': [{'type': 'queen_bed', 'quantity': 1}]}]",apartment,Entire Home,[],"{'pets_allowed': False, 'smoking_allowed': False, 'events_allowed': False}",False,
7147e748-4958-417a-8b05-04f80552c67d,Acapulco Costa,https://a0.muscache.com/im/pictures/miso/Hosting-572296490993686783/original/0ba6f29d-b043-45d7-8dc0-db353a2021f2.jpeg?aki_policy=small,"{'number': '303', 'street': 'Del Anáhuac 37', 'city': 'Acapulco de Juárez', 'state': 'Guerrero', 'postcode': '39830', 'country': 'MX', 'country_name': 'Mexico', 'coordinates': {'latitude': '16.85752260', 'longitude': '-99.85056720'}, 'display': '303, Del Anáhuac 37, Acapulco de Juárez, Guerrero, 39830, MX'}",-0600,False,MXN,15:00,11:00,"['ac', 'alfresco_dining', 'bed_linens', 'carbon_monoxide_detector', 'ceiling_fan', 'coffee_maker', 'cooking_basics', 'dining_table', 'dishes_and_silverware', 'elevator', 'essentials', 'freezer', 'free_parking', 'garden_or_backyard', 'hot_water', 'kitchen', 'laptop_friendly_workspace', 'laundromat_nearby', 'long_term_stays_allowed', 'microwave', 'outdoor_seating', 'oven', 'patio', 'patio_or_belcony', 'pool', 'refrigerator', 'room_darkening_shades', 'smoke_detector', 'stove', 'street_parking', 'wardrobe_or_closet', 'wireless_internet']","{'max': 4, 'bedrooms': 2, 'beds': 3, 'bathrooms': 2}","[{'beds': [{'type': 'double_bed', 'quantity': 1}]}, {'beds': [{'type': 'single_bed', 'quantity': 2}]}]",condominium,Entire Home,[],"{'pets_allowed': False, 'smoking_allowed': False, 'events_allowed': False}",True,
b9517d2a-bfaa-46a3-962f-4aadf51fda81,Monte Albán 217/308,https://a0.muscache.com/im/pictures/miso/Hosting-778713214933521911/original/07336945-ca55-4a6a-a901-c9992bc958cc.jpeg?aki_policy=small,"{'number': '308', 'street': 'Calle Monte Albán 217', 'city': 'Ciudad de México', 'state': 'Ciudad de México', 'postcode': '03020', 'country': 'MX', 'country_name': 'Mexico', 'coordinates': {'latitude': '19.39017560', 'longitude': '-99.15080720'}, 'display': '308, Calle Monte Albán 217, Ciudad de México, Ciudad de México, 03020, MX'}",-0600,True,MXN,16:00,11:00,"['bed_linens', 'blender', 'body_soap', 'carbon_monoxide_detector', 'cleaning_products', 'coffee_maker', 'cooking_basics', 'dining_table', 'dishes_and_silverware', 'elevator', 'essentials', 'freezer', 'hair_dryer', 'hangers', 'hot_water', 'iron', 'kitchen', 'laptop_friendly_workspace', 'laundromat_nearby', 'long_term_stays_allowed', 'microwave', 'oven', 'patio_or_belcony', 'refrigerator', 'room_darkening_shades', 'shampoo', 'single_level_home', 'smoke_detector', 'stove', 'tv', 'wine_glasses', 'wireless_internet']","{'max': 4, 'bedrooms': 2, 'beds': 2, 'bathrooms': 2}","[{'beds': [{'type': 'queen_bed', 'quantity': 1}]}, {'beds': [{'type': 'king_bed', 'quantity': 1}]}]",apartment,Entire Home,[],"{'pets_allowed': False, 'smoking_allowed': False, 'events_allowed': False}",False,
3efe4320-8c64-460d-9559-a4eb34bdbd90,Privada Veracruz 106/404,https://a0.muscache.com/im/pictures/miso/Hosting-780127470991163293/original/95380f9b-8fc9-4a33-b354-f30cfee73e7f.jpeg?aki_policy=small,"{'number': '404', 'street': 'Privada Veracruz 106', 'city': 'Jesus del Monte', 'state': 'Estado de México', 'postcode': '52764', 'country': 'MX', 'country_name': 'Mexico', 'coordinates': {'latitude': '19.36990370', 'longitude': '-99.29868360'}, 'display': '404, Privada Veracruz 106, Jesus del Monte, Estado de México, 52764, MX'}",-0600,True,MXN,16:00,11:00,"['bed_linens', 'coffee_maker', 'cooking_basics', 'dining_table', 'dishes_and_silverware', 'elevator', 'essentials', 'freezer', 'free_parking', 'hot_water', 'kitchen', 'laptop_friendly_workspace', 'long_term_stays_allowed', 'microwave', 'oven', 'patio_or_belcony', 'refrigerator', 'shampoo', 'single_level_home', 'street_parking', 'wardrobe_or_closet', 'washer', 'wireless_internet']","{'max': 2, 'bedrooms': 1, 'beds': 1, 'bathrooms': 2}",[],apartment,Entire Home,[],"{'pets_allowed': False, 'smoking_allowed': False, 'events_allowed': False}",False,
c18cb72f-950c-40b5-983e-13f6830b8e64,Bioparque 1704,https://a0.muscache.com/im/pictures/miso/Hosting-809096680142950932/original/0b902e2b-5841-4296-bf3a-8f8609d9d0e7.jpeg?aki_policy=small,"{'number': '1704', 'street': 'Privada Torres Bioparque 254', 'city': 'Ciudad de México', 'state': 'Ciudad de México', 'postcode': '01180', 'country': 'MX', 'country_name': 'Mexico', 'coordinates': {'latitude': '19.38762490', 'longitude': '-99.19574290'}, 'display': '1704, Privada Torres Bioparque 254, Ciudad de México, Ciudad de México, 01180, MX'}",-0600,False,MXN,16:00,11:00,"['alfresco_dining', 'bed_linens', 'blender', 'body_soap', 'carbon_monoxide_detector', 'childrens_books_and_toys', 'cleaning_products', 'coffee_maker', 'cooking_basics', 'dining_table', 'dishes_and_silverware', 'dryer', 'elevator', 'essentials', 'freezer', 'free_parking', 'garden_or_backyard', 'gym', 'hot_water', 'kitchen', 'laptop_friendly_workspace', 'laundromat_nearby', 'long_term_stays_allowed', 'microwave', 'outdoor_seating', 'oven', 'patio', 'patio_or_belcony', 'playroom', 'refrigerator', 'room_darkening_shades', 'shampoo', 'single_level_home', 'smoke_detector', 'stove', 'sun_loungers', 'tv', 'wardrobe_or_closet', 'washer', 'wireless_internet']","{'max': 5, 'bedrooms': 2, 'beds': 3, 'bathrooms': 2}","[{'beds': [{'type': 'sofa_bed', 'quantity': 1}]}, {'beds': [{'type': 'single_bed', 'quantity': 1}, {'type': 'floor_mattress_bed', 'quantity': 1}]}, {'beds': [{'type': 'king_bed', 'quantity': 1}]}]",apartment,Entire Home,[],"{'pets_allowed': False, 'smoking_allowed': False, 'events_allowed': False}",False,
d22ca959-bacc-46aa-bcd2-4338519240d7,Río Pánuco 7/102,https://a0.muscache.com/im/pictures/miso/Hosting-813544864487441325/original/10ced7c7-3ec1-45df-96c5-076721733c2d.jpeg?aki_policy=small,"{'number': '102', 'street': 'Rio Panuco 7', 'city': 'Ciudad de México', 'state': 'Ciudad de México', 'postcode': '06500', 'country': 'MX', 'country_name': 'Mexico', 'coordinates': {'latitude': '19.43269330', 'longitude': '-99.16345190'}, 'display': '102, Rio Panuco 7, Ciudad de México, Ciudad de México, 06500, MX'}",-0600,True,MXN,16:00,11:00,"['bed_linens', 'blender', 'body_soap', 'carbon_monoxide_detector', 'cleaning_products', 'coffee_maker', 'cooking_basics', 'dining_table', 'dishes_and_silverware', 'essentials', 'freezer', 'hair_dryer', 'hangers', 'hot_water', 'iron', 'kitchen', 'laundromat_nearby', 'long_term_stays_allowed', 'microwave', 'oven', 'refrigerator', 'room_darkening_shades', 'shampoo', 'single_level_home', 'stove', 'tv', 'wardrobe_or_closet', 'wine_glasses', 'wireless_internet']","{'max': 6, 'bedrooms': 3, 'beds': 3, 'bathrooms': 2}","[{'beds': [{'type': 'king_bed', 'quantity': 1}]}, {'beds': [{'type': 'queen_bed', 'quantity': 1}]}, {'beds': [{'type': 'queen_bed', 'quantity': 1}]}]",apartment,Entire Home,[],"{'pets_allowed': False, 'smoking_allowed': False, 'events_allowed': False}",False,
fe8cd1f6-7c80-48ee-a1fb-f86f6c415c19,Patriotismo 302/304,https://a0.muscache.com/im/pictures/miso/Hosting-815220647077950090/original/52ad6db6-d380-4a65-be92-e8886e463f2e.jpeg?aki_policy=small,"{'number': '304', 'street': 'Patriotismo 302', 'city': 'Ciudad de México', 'state': 'Ciudad de México', 'postcode': '03800', 'country': 'MX', 'country_name': 'Mexico', 'coordinates': {'latitude': '19.39355000', 'longitude': '-99.18197000'}, 'display': '304, Patriotismo 302, Ciudad de México, Ciudad de México, 03800, MX'}",-0600,True,MXN,16:00,11:00,"['bed_linens', 'blender', 'body_soap', 'carbon_monoxide_detector', 'ceiling_fan', 'cleaning_products', 'coffee_maker', 'cooking_basics', 'dining_table', 'dishes_and_silverware', 'essentials', 'freezer', 'hot_water', 'kitchen', 'laptop_friendly_workspace', 'long_term_stays_allowed', 'microwave', 'oven', 'paid_parking', 'refrigerator', 'room_darkening_shades', 'shampoo', 'stove', 'tv', 'wardrobe_or_closet', 'washer', 'window_guards', 'wine_glasses', 'wireless_internet']","{'max': 4, 'bedrooms': 1, 'beds': 2, 'bathrooms': 1}",[],apartment,Entire Home,[],"{'pets_allowed': False, 'smoking_allowed': False, 'events_allowed': False}",False,
94feb993-aaef-45b3-ad0b-c0a777d4dbe4,Bioparque 1703,https://a0.muscache.com/im/pictures/miso/Hosting-830432569689941231/original/cee79ede-2dc3-48c2-b611-d6f92695d901.jpeg?aki_policy=small,"{'number': '1703', 'street': 'Privada Torres Bioparque', 'city': 'Ciudad de México', 'state': 'Ciudad de México', 'postcode': '01180', 'country': 'MX', 'country_name': 'Mexico', 'coordinates': {'latitude': '19.38771140', 'longitude': '-99.19572400'}, 'display': '1703, Privada Torres Bioparque, Ciudad de México, Ciudad de México, 01180, MX'}",-0600,False,MXN,16:00,11:00,"['alfresco_dining', 'carbon_monoxide_detector', 'free_parking', 'kitchen', 'laptop_friendly_workspace', 'tv', 'washer', 'wireless_internet']","{'max': 5, 'bedrooms': 2, 'beds': 3, 'bathrooms': 2}","[{'beds': [{'type': 'double_bed', 'quantity': 1}]}, {'beds': [{'type': 'double_bed', 'quantity': 1}]}, {'beds': [{'type': 'sofa_bed', 'quantity': 1}]}]",apartment,Entire Home,[],"{'pets_allowed': False, 'smoking_allowed': False, 'events_allowed': False}",False,
566ba297-e22c-4b44-a3bf-cd27e97bb4c2,Forma Reforma 702,https://a0.muscache.com/im/pictures/miso/Hosting-831608021433274351/original/fc4765de-a59b-433d-8fcf-601012fb2f38.jpeg?aki_policy=small,"{'number': '702', 'street': 'Londres 256', 'city': 'Juárez', 'state': 'Ciudad de México', 'postcode': '06600', 'country': 'MX', 'country_name': 'Mexico', 'coordinates': {'latitude': '19.42251180', 'longitude': '-99.16988390'}, 'display': '702, Londres 256, Juárez, Ciudad de México, 06600, MX'}",-0600,True,MXN,16:00,11:00,"['alfresco_dining', 'bed_linens', 'carbon_monoxide_detector', 'cleaning_products', 'coffee', 'coffee_maker', 'cooking_basics', 'dishes_and_silverware', 'dryer', 'elevator', 'essentials', 'exercise_equipment', 'free_parking', 'gym', 'hair_dryer', 'hangers', 'hot_water', 'iron', 'kitchen', 'laptop_friendly_workspace', 'laundromat_nearby', 'microwave', 'outdoor_kitchen', 'outdoor_seating', 'oven', 'pack_n_play_travel_crib', 'patio', 'patio_or_belcony', 'refrigerator', 'room_darkening_shades', 'shampoo', 'shower_gel', 'single_level_home', 'tv', 'wardrobe_or_closet', 'washer', 'window_guards', 'wine_glasses', 'wireless_internet']","{'max': 4, 'bedrooms': 2, 'beds': 2, 'bathrooms': 2}","[{'beds': [{'type': 'king_bed', 'quantity': 1}]}, {'beds': [{'type': 'queen_bed', 'quantity': 1}]}]",apartment,Entire Home,[],"{'pets_allowed': False, 'smoking_allowed': False, 'events_allowed': False}",False,
158f0103-7803-43e8-988c-6c904dd92265,Petrarca 105/A,https://a0.muscache.com/im/pictures/miso/Hosting-836028867987043800/original/597fe685-3b16-45f7-ac7c-bdaeafe0247e.jpeg?aki_policy=small,"{'number': 'Int A', 'street': 'Petrarca 105', 'city': 'Ciudad de México', 'state': 'Ciudad de México', 'postcode': '11560', 'country': 'MX', 'country_name': 'Mexico', 'coordinates': {'latitude': '19.43724280', 'longitude': '-99.18567380'}, 'display': 'Int A, Petrarca 105, Ciudad de México, Ciudad de México, 11560, MX'}",-0600,False,MXN,16:00,11:00,"['bed_linens', 'blender', 'body_soap', 'carbon_monoxide_detector', 'cleaning_products', 'coffee_maker', 'cooking_basics', 'dining_table', 'dishes_and_silverware', 'dryer', 'essentials', 'freezer', 'hair_dryer', 'hot_water', 'iron', 'kitchen', 'laptop_friendly_workspace', 'laundromat_nearby', 'long_term_stays_allowed', 'microwave', 'paid_parking', 'portable_fans', 'refrigerator', 'room_darkening_shades', 'shampoo', 'single_level_home', 'smoke_detector', 'stove', 'tv', 'wardrobe_or_closet', 'washer', 'window_guards', 'wine_glasses', 'wireless_internet']","{'max': 5, 'bedrooms': 3, 'beds': 3, 'bathrooms': 2}","[{'beds': [{'type': 'king_bed', 'quantity': 1}]}, {'beds': [{'type': 'queen_bed', 'quantity': 1}]}, {'beds': [{'type': 'single_bed', 'quantity': 1}]}]",apartment,Entire Home,[],"{'pets_allowed': False, 'smoking_allowed': False, 'events_allowed': False}",False,
330fbe19-bfbb-4d5a-8f21-117be2786e3c,Tamán 203,https://a0.muscache.com/im/pictures/miso/Hosting-837598702355779944/original/d4bcb74f-d1cd-41d6-9132-b4e6d488836a.jpeg?aki_policy=small,"{'number': '203 B', 'street': 'Alfonso Reyes 53', 'city': 'Ciudad de México', 'state': 'Ciudad de México', 'postcode': '06170', 'country': 'MX', 'country_name': 'Mexico', 'coordinates': {'latitude': '19.40992400', 'longitude': '-99.17983090'}, 'display': '203 B, Alfonso Reyes 53, Ciudad de México, Ciudad de México, 06170, MX'}",-0600,True,MXN,16:00,11:00,"['alfresco_dining', 'bed_linens', 'blender', 'body_soap', 'carbon_monoxide_detector', 'childrens_books_and_toys', 'cleaning_products', 'clothes_drying_rack', 'coffee', 'coffee_maker', 'cooking_basics', 'dining_table', 'dishes_and_silverware', 'elevator', 'essentials', 'exercise_equipment', 'fire_pit', 'freezer', 'free_parking', 'garden_or_backyard', 'gym', 'hair_dryer', 'hangers', 'hot_water', 'iron', 'kitchen', 'laptop_friendly_workspace', 'laundromat_nearby', 'long_term_stays_allowed', 'microwave', 'outdoor_kitchen', 'outdoor_seating', 'oven', 'paid_parking', 'patio', 'patio_or_belcony', 'playroom', 'pool', 'refrigerator', 'room_darkening_shades', 'shampoo', 'single_level_home', 'stove', 'sun_loungers', 'tv', 'wardrobe_or_closet', 'washer', 'wine_glasses', 'wireless_internet']","{'max': 4, 'bedrooms': 2, 'beds': 2, 'bathrooms': 2}","[{'beds': [{'type': 'double_bed', 'quantity': 1}]}, {'beds': [{'type': 'king_bed', 'quantity': 1}]}]",apartment,Entire Home,[],"{'pets_allowed': True, 'smoking_allowed': False, 'events_allowed': False}",False,
279fa58f-a879-46a1-938a-da9cc7963d39,Bioparque 906B,https://a0.muscache.com/im/pictures/miso/Hosting-845623339380204769/original/479aa667-baa6-4c56-ae64-6c2dd4743507.jpeg?aki_policy=small,"{'number': '906 B', 'street': 'Privada Torres Bioparque 254', 'city': 'Ciudad de México', 'state': 'Ciudad de México', 'postcode': '01180', 'country': 'MX', 'country_name': 'Mexico', 'coordinates': {'latitude': '19.38762490', 'longitude': '-99.19574290'}, 'display': '906 B, Privada Torres Bioparque 254, Ciudad de México, Ciudad de México, 01180, MX'}",-0600,False,MXN,16:00,11:00,"['alfresco_dining', 'bed_linens', 'blender', 'body_soap', 'books', 'carbon_monoxide_detector', 'cleaning_products', 'coffee_maker', 'cooking_basics', 'dining_table', 'dishes_and_silverware', 'dryer', 'elevator', 'essentials', 'exercise_equipment', 'freezer', 'free_parking', 'garden_or_backyard', 'gym', 'home_theater', 'hot_water', 'hot_water_kettle', 'kitchen', 'laptop_friendly_workspace', 'laundromat_nearby', 'long_term_stays_allowed', 'microwave', 'outdoor_seating', 'oven', 'paid_parking', 'patio', 'patio_or_belcony', 'refrigerator', 'room_darkening_shades', 'shampoo', 'single_level_home', 'stove', 'tv', 'wardrobe_or_closet', 'washer', 'window_guards', 'wireless_internet']","{'max': 5, 'bedrooms': 3, 'beds': 4, 'bathrooms': 2}","[{'beds': [{'type': 'double_bed', 'quantity': 1}, {'type': 'floor_mattress_bed', 'quantity': 1}]}, {'beds': [{'type': 'double_bed', 'quantity': 1}]}, {'beds': [{'type': 'sofa_bed', 'quantity': 1}]}, {'beds': [{'type': 'double_bed', 'quantity': 1}]}]",apartment,Entire Home,[],"{'pets_allowed': False, 'smoking_allowed': False, 'events_allowed': False}",False,
22150891-5594-492a-aff9-81c803c842fc,Bioparque 1502A,https://a0.muscache.com/im/pictures/miso/Hosting-845637447282672817/original/3543b774-9897-45cd-bd19-50386ec0f897.jpeg?aki_policy=small,"{'number': '1502 A', 'street': 'Privada Torres Bioparque 254', 'city': 'Ciudad de México', 'state': 'Ciudad de México', 'postcode': '01180', 'country': 'MX', 'country_name': 'Mexico', 'coordinates': {'latitude': '19.38762490', 'longitude': '-99.19574290'}, 'display': '1502 A, Privada Torres Bioparque 254, Ciudad de México, Ciudad de México, 01180, MX'}",-0600,True,MXN,16:00,11:00,"['alfresco_dining', 'bed_linens', 'blender', 'body_soap', 'carbon_monoxide_detector', 'cleaning_products', 'coffee_maker', 'cooking_basics', 'dining_table', 'dishes_and_silverware', 'dryer', 'elevator', 'essentials', 'fire_pit', 'freezer', 'free_parking', 'garden_or_backyard', 'hot_water', 'kitchen', 'laptop_friendly_workspace', 'laundromat_nearby', 'long_term_stays_allowed', 'microwave', 'outdoor_seating', 'oven', 'patio', 'patio_or_belcony', 'refrigerator', 'room_darkening_shades', 'shampoo', 'single_level_home', 'stove', 'sun_loungers', 'tv', 'wardrobe_or_closet', 'washer', 'wireless_internet']","{'max': 4, 'bedrooms': 2, 'beds': 2, 'bathrooms': 2}","[{'beds': [{'type': 'double_bed', 'quantity': 1}]}, {'beds': [{'type': 'double_bed', 'quantity': 1}, {'type': 'crib_bed', 'quantity': 1}]}]",apartment,Entire Home,[],"{'pets_allowed': False, 'smoking_allowed': False, 'events_allowed': False}",False,
63e11ec7-9a53-4f0c-887c-0ecbd4790ba9,Río Rhin 33/203,https://a0.muscache.com/im/pictures/miso/Hosting-846408437051298414/original/a60fd559-e5bf-4556-9c4b-a793c8508124.jpeg?aki_policy=small,"{'number': '203', 'street': 'Rio Rhin 33', 'city': 'Ciudad de México', 'state': 'Ciudad de México', 'postcode': '06500', 'country': 'MX', 'country_name': 'Mexico', 'coordinates': {'latitude': '19.43218890', 'longitude': '-99.16562660'}, 'display': '203, Rio Rhin 33, Ciudad de México, Ciudad de México, 06500, MX'}",-0600,True,MXN,16:00,11:00,"['bed_linens', 'blender', 'body_soap', 'carbon_monoxide_detector', 'cleaning_products', 'coffee_maker', 'cooking_basics', 'dining_table', 'dishes_and_silverware', 'elevator', 'essentials', 'freezer', 'free_parking', 'hair_dryer', 'hangers', 'hot_water', 'iron', 'kitchen', 'laptop_friendly_workspace', 'laundromat_nearby', 'long_term_stays_allowed', 'microwave', 'oven', 'patio_or_belcony', 'refrigerator', 'room_darkening_shades', 'shampoo', 'single_level_home', 'smoke_detector', 'stove', 'tv', 'wine_glasses', 'wireless_internet']","{'max': 4, 'bedrooms': 2, 'beds': 2, 'bathrooms': 2}","[{'beds': [{'type': 'double_bed', 'quantity': 1}]}, {'beds': [{'type': 'queen_bed', 'quantity': 1}]}]",apartment,Entire Home,[],"{'pets_allowed': False, 'smoking_allowed': False, 'events_allowed': False}",False,
764d92a5-7a29-4fcb-9d5b-7cf48406ee83,Carlos B Zetina 80/D,https://a0.muscache.com/im/pictures/miso/Hosting-848280826124153955/original/b92b31a6-35c3-466b-aa97-bb286abc661d.jpeg?aki_policy=small,"{'number': 'D', 'street': 'Carlos B. Zetina 80', 'city': 'Ciudad de México', 'state': 'Ciudad de México', 'postcode': '11800', 'country': 'MX', 'country_name': 'Mexico', 'coordinates': {'latitude': '19.40491020', 'longitude': '-99.18327550'}, 'display': 'D, Carlos B. Zetina 80, Ciudad de México, Ciudad de México, 11800, MX'}",-0600,True,MXN,16:00,11:00,"['bed_linens', 'blender', 'body_soap', 'carbon_monoxide_detector', 'cleaning_products', 'coffee', 'coffee_maker', 'cooking_basics', 'crib', 'dining_table', 'dishes_and_silverware', 'essentials', 'ethernet_connection', 'freezer', 'hair_dryer', 'hangers', 'hot_water', 'iron', 'kitchen', 'laptop_friendly_workspace', 'laundromat_nearby', 'long_term_stays_allowed', 'outdoor_seating', 'patio_or_belcony', 'refrigerator', 'room_darkening_shades', 'shampoo', 'single_level_home', 'smoke_detector', 'stove', 'street_parking', 'tv', 'wardrobe_or_closet', 'window_guards', 'wine_glasses', 'wireless_internet']","{'max': 2, 'bedrooms': 1, 'beds': 1, 'bathrooms': 1}","[{'beds': [{'type': 'queen_bed', 'quantity': 1}]}]",apartment,Entire Home,[],"{'pets_allowed': True, 'smoking_allowed': False, 'events_allowed': False}",False,
1af57f7b-1906-4330-acf4-97f2fa23a9da,Vasconcelos 300/508,https://a0.muscache.com/im/pictures/airflow/Hosting-849028710513787075/original/c2031b6d-a669-44bd-867d-a040e6266e72.jpg?aki_policy=small,"{'number': '508', 'street': 'Cto. Interior Mtro. José Vasconcelos 300', 'city': 'Ciudad de México', 'state': 'Ciudad de México', 'postcode': '06170', 'country': 'MX', 'country_name': 'Mexico', 'coordinates': {'latitude': '19.41069950', 'longitude': '-99.18214920'}, 'display': '508, Cto. Interior Mtro. José Vasconcelos 300, Ciudad de México, Ciudad de México, 06170, MX'}",-0600,True,MXN,16:00,11:00,"['bed_linens', 'blender', 'body_soap', 'carbon_monoxide_detector', 'cleaning_products', 'coffee', 'coffee_maker', 'cooking_basics', 'dining_table', 'dishes_and_silverware', 'dryer', 'elevator', 'essentials', 'exercise_equipment', 'extra_pillows_and_blankets', 'freezer', 'free_parking', 'gym', 'hair_dryer', 'hot_water', 'iron', 'kitchen', 'laptop_friendly_workspace', 'laundromat_nearby', 'long_term_stays_allowed', 'microwave', 'outdoor_seating', 'oven', 'paid_parking', 'patio_or_belcony', 'refrigerator', 'room_darkening_shades', 'shampoo', 'single_level_home', 'smoke_detector', 'stove', 'tv', 'wardrobe_or_closet', 'washer', 'wine_glasses', 'wireless_internet']","{'max': 6, 'bedrooms': 2, 'beds': 3, 'bathrooms': 2}","[{'beds': [{'type': 'double_bed', 'quantity': 1}]}, {'beds': [{'type': 'queen_bed', 'quantity': 1}]}, {'beds': [{'type': 'sofa_bed', 'quantity': 1}]}]",apartment,Entire Home,[],"{'pets_allowed': False, 'smoking_allowed': False, 'events_allowed': False}",False,
726ab806-bbdf-4039-b33f-4c8d89b0caef,Revolución 757/2-103,https://a0.muscache.com/im/pictures/miso/Hosting-855774527635077059/original/b8de32bf-72bb-4826-8bee-06857a1f3997.jpeg?aki_policy=small,"{'number': '2/103', 'street': 'Avenida Revolución 757', 'city': 'Ciudad de México', 'state': 'Ciudad de México', 'postcode': '03700', 'country': 'MX', 'country_name': 'Mexico', 'coordinates': {'latitude': '19.38145000', 'longitude': '-99.18724400'}, 'display': '2/103, Avenida Revolución 757, Ciudad de México, Ciudad de México, 03700, MX'}",-0600,True,MXN,16:00,11:00,"['bed_linens', 'blender', 'body_soap', 'carbon_monoxide_detector', 'cleaning_products', 'coffee', 'coffee_maker', 'cooking_basics', 'dining_table', 'dishes_and_silverware', 'dryer', 'elevator', 'essentials', 'freezer', 'free_parking', 'hair_dryer', 'hangers', 'hot_water', 'iron', 'kitchen', 'laptop_friendly_workspace', 'laundromat_nearby', 'long_term_stays_allowed', 'microwave', 'outdoor_seating', 'oven', 'patio', 'patio_or_belcony', 'refrigerator', 'room_darkening_shades', 'shampoo', 'single_level_home', 'smoke_detector', 'stove', 'tv', 'wardrobe_or_closet', 'washer', 'wine_glasses', 'wireless_internet']","{'max': 6, 'bedrooms': 2, 'beds': 4, 'bathrooms': 2}","[{'beds': [{'type': 'single_bed', 'quantity': 2}]}, {'beds': [{'type': 'sofa_bed', 'quantity': 1}]}, {'beds': [{'type': 'queen_bed', 'quantity': 1}]}]",apartment,Entire Home,[],"{'pets_allowed': False, 'smoking_allowed': False, 'events_allowed': False}",False,
a36deddf-9868-4e6b-bca2-c09d4ee1b583,Linares 42/101,https://a0.muscache.com/im/pictures/miso/Hosting-874567524128033527/original/9044918f-f58e-4ab8-a3c5-9bf085504475.jpeg?aki_policy=small,"{'number': '101', 'street': 'Linares 42', 'city': 'Ciudad de México', 'state': 'Colonia Roma Sur', 'postcode': '06760', 'country': 'MX', 'country_name': 'Mexico', 'coordinates': {'latitude': '19.40602000', 'longitude': '-99.16033000'}, 'display': '101, Linares 42, Ciudad de México, Colonia Roma Sur, 06760, MX'}",-0600,True,MXN,16:00,11:00,"['bed_linens', 'blender', 'body_soap', 'carbon_monoxide_detector', 'cleaning_products', 'coffee', 'coffee_maker', 'cooking_basics', 'dining_table', 'dishes_and_silverware', 'dryer', 'elevator', 'essentials', 'freezer', 'free_parking', 'hair_dryer', 'hangers', 'hot_water', 'iron', 'kitchen', 'laptop_friendly_workspace', 'long_term_stays_allowed', 'microwave', 'outdoor_seating', 'oven', 'patio_or_belcony', 'refrigerator', 'shampoo', 'single_level_home', 'stove', 'street_parking', 'tv', 'wardrobe_or_closet', 'washer', 'wireless_internet']","{'max': 4, 'bedrooms': 2, 'beds': 2, 'bathrooms': 2}","[{'beds': [{'type': 'double_bed', 'quantity': 1}]}, {'beds': [{'type': 'queen_bed', 'quantity': 1}]}]",apartment,Entire Home,[],"{'pets_allowed': False, 'smoking_allowed': False, 'events_allowed': False}",False,
ab3001c4-3b9f-4f1a-bb10-df2624ca220e,Tamán 408A,https://a0.muscache.com/im/pictures/airflow/Hosting-888788665130617131/original/e84b5246-3ce0-4a9c-a2ad-17bb0ad779c9.jpg?aki_policy=small,"{'number': '408A', 'street': 'Alfonso Reyes 53', 'city': 'Ciudad de México', 'state': 'Ciudad de México', 'postcode': '06170', 'country': 'MX', 'country_name': 'Mexico', 'coordinates': {'latitude': '19.40992400', 'longitude': '-99.17982990'}, 'display': '408A, Alfonso Reyes 53, Ciudad de México, Ciudad de México, 06170, MX'}",-0600,True,MXN,16:00,11:00,"['alfresco_dining', 'bed_linens', 'body_soap', 'carbon_monoxide_detector', 'cleaning_products', 'coffee', 'coffee_maker', 'cooking_basics', 'crib', 'dining_table', 'dishes_and_silverware', 'elevator', 'essentials', 'ethernet_connection', 'exercise_equipment', 'fire_pit', 'freezer', 'free_parking', 'garden_or_backyard', 'gym', 'hair_dryer', 'hangers', 'hot_water', 'iron', 'kitchen', 'laptop_friendly_workspace', 'laundromat_nearby', 'long_term_stays_allowed', 'microwave', 'outdoor_kitchen', 'outdoor_seating', 'oven', 'pack_n_play_travel_crib', 'paid_parking', 'patio', 'patio_or_belcony', 'pool', 'refrigerator', 'resort_access', 'room_darkening_shades', 'shampoo', 'shower_gel', 'single_level_home', 'smoke_detector', 'tv', 'wardrobe_or_closet', 'window_guards', 'wine_glasses', 'wireless_internet']","{'max': 4, 'bedrooms': 2, 'beds': 2, 'bathrooms': 2}","[{'beds': [{'type': 'king_bed', 'quantity': 1}]}, {'beds': [{'type': 'double_bed', 'quantity': 1}]}]",apartment,Entire Home,[],"{'pets_allowed': False, 'smoking_allowed': False, 'events_allowed': False}",False,
cda1f321-1ecc-414c-a1ab-243c48715688,Beyond 1003,https://a0.muscache.com/im/pictures/miso/Hosting-891075326024493906/original/bf18a9f1-3ee7-43dd-bd3c-569addf91b92.jpeg?aki_policy=small,"{'number': '1003', 'street': 'Boulevard Adolfo López Mateos 1977', 'city': 'Ciudad de México', 'state': 'Ciudad de México', 'postcode': '01010', 'country': 'MX', 'country_name': 'Mexico', 'coordinates': {'latitude': '19.36011530', 'longitude': '-99.19305270'}, 'display': '1003, Boulevard Adolfo López Mateos 1977, Ciudad de México, Ciudad de México, 01010, MX'}",-0600,False,MXN,16:00,11:00,"['alfresco_dining', 'bed_linens', 'blender', 'body_soap', 'books', 'carbon_monoxide_detector', 'cleaning_products', 'coffee', 'coffee_maker', 'cooking_basics', 'crib', 'dining_table', 'dishes_and_silverware', 'elevator', 'essentials', 'ethernet_connection', 'exercise_equipment', 'extra_pillows_and_blankets', 'freezer', 'free_parking', 'garden_or_backyard', 'gym', 'hair_dryer', 'hangers', 'home_theater', 'hot_water', 'iron', 'jacuzzi', 'kitchen', 'laptop_friendly_workspace', 'laundromat_nearby', 'long_term_stays_allowed', 'microwave', 'outdoor_kitchen', 'outdoor_seating', 'oven', 'paid_parking', 'patio', 'patio_or_belcony', 'playroom', 'pool', 'refrigerator', 'room_darkening_shades', 'shampoo', 'single_level_home', 'smoke_detector', 'sound_system', 'stove', 'street_parking', 'sun_loungers', 'tv', 'wardrobe_or_closet', 'window_guards', 'wine_glasses', 'wireless_internet']","{'max': 4, 'bedrooms': 2, 'beds': 2, 'bathrooms': 2}","[{'beds': [{'type': 'queen_bed', 'quantity': 1}]}, {'beds': [{'type': 'king_bed', 'quantity': 1}]}]",apartment,Entire Home,[],"{'pets_allowed': False, 'smoking_allowed': False, 'events_allowed': False}",False,
f798fea8-68de-4ea9-a1ec-e33dbaece3d0,Palenque 41/101,https://a0.muscache.com/im/pictures/miso/Hosting-896832136713022312/original/af441d3e-ba30-4b73-ae49-ed6347cf7e49.jpeg?aki_policy=small,"{'number': '101', 'street': 'Calle Palenque 41', 'city': 'Ciudad de México', 'state': 'Ciudad de México', 'postcode': '03000', 'country': 'MX', 'country_name': 'Mexico', 'coordinates': {'latitude': '19.40251040', 'longitude': '-99.15138800'}, 'display': '101, Calle Palenque 41, Ciudad de México, Ciudad de México, 03000, MX'}",-0600,True,MXN,16:00,11:00,"['bed_linens', 'blender', 'body_soap', 'books', 'carbon_monoxide_detector', 'cleaning_products', 'coffee', 'coffee_maker', 'cooking_basics', 'dishes_and_silverware', 'dryer', 'essentials', 'freezer', 'hair_dryer', 'hangers', 'hot_water', 'iron', 'kitchen', 'laptop_friendly_workspace', 'long_term_stays_allowed', 'microwave', 'paid_parking', 'refrigerator', 'room_darkening_shades', 'shampoo', 'smoke_detector', 'stove', 'wardrobe_or_closet', 'washer', 'wireless_internet']","{'max': 2, 'bedrooms': 1, 'beds': 2, 'bathrooms': 1}","[{'beds': [{'type': 'queen_bed', 'quantity': 1}]}, {'beds': [{'type': 'sofa_bed', 'quantity': 1}]}]",apartment,Entire Home,[],"{'pets_allowed': False, 'smoking_allowed': False, 'events_allowed': False}",False,
221ff9f4-0f76-4a8b-81bf-4d69c9af77bf,Vasconcelos 76/605,https://a0.muscache.com/im/pictures/airflow/Hosting-898320365594293097/original/28fad585-18db-4c84-8003-34b22bd5f0c9.jpg?aki_policy=small,"{'number': '605', 'street': 'Cto. Interior Mtro. José Vasconcelos 76', 'city': 'Ciudad de México', 'state': 'Ciudad de México', 'postcode': '06140', 'country': 'MX', 'country_name': 'Mexico', 'coordinates': {'latitude': '19.41758670', 'longitude': '-99.17824650'}, 'display': '605, Cto. Interior Mtro. José Vasconcelos 76, Ciudad de México, Ciudad de México, 06140, MX'}",-0600,True,MXN,16:00,11:00,"['bed_linens', 'blender', 'body_soap', 'books', 'carbon_monoxide_detector', 'cleaning_products', 'coffee', 'coffee_maker', 'cooking_basics', 'dining_table', 'dishes_and_silverware', 'dryer', 'elevator', 'essentials', 'ethernet_connection', 'freezer', 'free_parking', 'hair_dryer', 'heating', 'hot_water', 'iron', 'kitchen', 'laundromat_nearby', 'long_term_stays_allowed', 'microwave', 'oven', 'portable_fans', 'room_darkening_shades', 'shampoo', 'single_level_home', 'smoke_detector', 'stove', 'tv', 'wardrobe_or_closet', 'washer', 'wine_glasses', 'wireless_internet']","{'max': 4, 'bedrooms': 2, 'beds': 2, 'bathrooms': 2}","[{'beds': [{'type': 'king_bed', 'quantity': 1}]}, {'beds': [{'type': 'queen_bed', 'quantity': 1}]}]",apartment,Entire Home,[],"{'pets_allowed': False, 'smoking_allowed': False, 'events_allowed': False}",False,
4e6fdb7a-4104-41d2-9e33-5bd390052fe6,Mariano Escobedo 133/105,https://a0.muscache.com/im/pictures/miso/Hosting-898960416524138656/original/6c3aa1b5-a964-4b87-93bf-f17563a38b4d.jpeg?aki_policy=small,"{'number': '105 Los Manzanos, Miguel Hidalgo', 'street': 'Calz. General Mariano Escobedo 133 Apt', 'city': 'Ciudad de México', 'state': 'Ciudad de México', 'postcode': '11460', 'country': 'MX', 'country_name': 'Mexico', 'coordinates': {'latitude': '19.44678850', 'longitude': '-99.18294000'}, 'display': '105 Los Manzanos, Miguel Hidalgo, Calz. General Mariano Escobedo 133 Apt, Ciudad de México, Ciudad de México, 11460, MX'}",-0600,False,MXN,16:00,11:00,"['bed_linens', 'blender', 'carbon_monoxide_detector', 'cleaning_products', 'coffee', 'coffee_maker', 'cooking_basics', 'dining_table', 'dishes_and_silverware', 'dryer', 'essentials', 'freezer', 'free_parking', 'hangers', 'hot_water', 'kitchen', 'long_term_stays_allowed', 'microwave', 'oven', 'refrigerator', 'room_darkening_shades', 'shampoo', 'single_level_home', 'stove', 'tv', 'wardrobe_or_closet', 'washer', 'window_guards', 'wine_glasses', 'wireless_internet']","{'max': 7, 'bedrooms': 3, 'beds': 4, 'bathrooms': 2}","[{'beds': [{'type': 'double_bed', 'quantity': 1}]}, {'beds': [{'type': 'double_bed', 'quantity': 1}, {'type': 'single_bed', 'quantity': 1}]}, {'beds': [{'type': 'king_bed', 'quantity': 1}]}]",apartment,Entire Home,[],"{'pets_allowed': False, 'smoking_allowed': False, 'events_allowed': False}",False,
c6125733-ef4f-41ba-8d3e-3d3fbb7aad64,Mercaderes 109/10,https://a0.muscache.com/im/pictures/miso/Hosting-899808514215639034/original/b0280117-bc03-4fb0-903f-dc1833b46f44.jpeg?aki_policy=small,"{'number': '10', 'street': 'Calle Mercaderes 109', 'city': 'Ciudad de México', 'state': 'Ciudad de México', 'postcode': '03900', 'country': 'MX', 'country_name': 'Mexico', 'coordinates': {'latitude': '19.36554300', 'longitude': '-99.18607650'}, 'display': '10, Calle Mercaderes 109, Ciudad de México, Ciudad de México, 03900, MX'}",-0600,True,MXN,16:00,11:00,"['bed_linens', 'blender', 'body_soap', 'carbon_monoxide_detector', 'cleaning_products', 'coffee', 'coffee_maker', 'cooking_basics', 'dining_table', 'dishes_and_silverware', 'essentials', 'freezer', 'hair_dryer', 'hot_water', 'iron', 'kitchen', 'laptop_friendly_workspace', 'long_term_stays_allowed', 'microwave', 'oven', 'paid_parking', 'portable_fans', 'refrigerator', 'room_darkening_shades', 'shampoo', 'single_level_home', 'stove', 'tv', 'wardrobe_or_closet', 'wine_glasses', 'wireless_internet']","{'max': 4, 'bedrooms': 2, 'beds': 2, 'bathrooms': 1}","[{'beds': [{'type': 'queen_bed', 'quantity': 1}]}, {'beds': [{'type': 'queen_bed', 'quantity': 1}]}]",apartment,Entire Home,[],"{'pets_allowed': False, 'smoking_allowed': False, 'events_allowed': False}",False,
d932ad9e-52fc-4c29-a126-258e157640a2,Mercaderes 109/11,https://a0.muscache.com/im/pictures/airflow/Hosting-900427890182187691/original/5f11260c-5b05-43a5-9094-d3a4cae641b2.jpg?aki_policy=small,"{'number': '11', 'street': 'Calle Mercaderes 109', 'city': 'Ciudad de México', 'state': 'Ciudad de México', 'postcode': '03900', 'country': 'MX', 'country_name': 'Mexico', 'coordinates': {'latitude': '19.36554300', 'longitude': '-99.18607650'}, 'display': '11, Calle Mercaderes 109, Ciudad de México, Ciudad de México, 03900, MX'}",-0600,True,MXN,16:00,11:00,"['bed_linens', 'blender', 'body_soap', 'carbon_monoxide_detector', 'cleaning_products', 'coffee', 'coffee_maker', 'cooking_basics', 'dining_table', 'dishes_and_silverware', 'essentials', 'freezer', 'hair_dryer', 'hot_water', 'iron', 'kitchen', 'laptop_friendly_workspace', 'long_term_stays_allowed', 'microwave', 'oven', 'paid_parking', 'portable_fans', 'refrigerator', 'room_darkening_shades', 'shampoo', 'single_level_home', 'stove', 'tv', 'wardrobe_or_closet', 'wine_glasses', 'wireless_internet']","{'max': 4, 'bedrooms': 2, 'beds': 2, 'bathrooms': 1}","[{'beds': [{'type': 'queen_bed', 'quantity': 1}]}, {'beds': [{'type': 'queen_bed', 'quantity': 1}]}]",apartment,Entire Home,[],"{'pets_allowed': False, 'smoking_allowed': False, 'events_allowed': False}",False,
446c1fac-c903-4081-9ccd-27f3c2b269bd,Mariano Escobedo 127/510,https://a0.muscache.com/im/pictures/miso/Hosting-902029474586964352/original/e4421743-d42f-4f71-91d7-40a7305aaf1c.jpeg?aki_policy=small,"{'number': '510', 'street': 'Calz. Gral. Mariano Escobedo 127', 'city': 'Ciudad de México', 'state': 'Ciudad de México', 'postcode': '11320', 'country': 'MX', 'country_name': 'Mexico', 'coordinates': {'latitude': '19.44716110', 'longitude': '-99.18285350'}, 'display': '510, Calz. Gral. Mariano Escobedo 127, Ciudad de México, Ciudad de México, 11320, MX'}",-0600,True,MXN,16:00,11:00,"['bed_linens', 'blender', 'body_soap', 'cleaning_products', 'coffee', 'coffee_maker', 'cooking_basics', 'dining_table', 'dishes_and_silverware', 'essentials', 'freezer', 'free_parking', 'hair_dryer', 'hangers', 'hot_water', 'iron', 'kitchen', 'laundromat_nearby', 'long_term_stays_allowed', 'microwave', 'oven', 'refrigerator', 'room_darkening_shades', 'shampoo', 'stove', 'tv', 'wardrobe_or_closet', 'wine_glasses', 'wireless_internet']","{'max': 4, 'bedrooms': 2, 'beds': 2, 'bathrooms': 1}","[{'beds': [{'type': 'double_bed', 'quantity': 1}]}, {'beds': [{'type': 'double_bed', 'quantity': 1}]}]",apartment,Entire Home,[],"{'pets_allowed': False, 'smoking_allowed': False, 'events_allowed': False}",False,
268d9ea1-541c-4e5f-8962-ef2af496c31f,Punto Cero 704,https://a0.muscache.com/im/pictures/miso/Hosting-912043028420564865/original/ee6b1f23-f1bb-4242-8c72-cb8c3cc63489.jpeg?aki_policy=small,"{'number': '704', 'street': 'Avenida San Antonio 139', 'city': 'Ciudad de México', 'state': 'Ciudad de México', 'postcode': '01180', 'country': 'MX', 'country_name': 'Mexico', 'coordinates': {'latitude': '19.38393219', 'longitude': '-99.19603068'}, 'display': '704, Avenida San Antonio 139, Ciudad de México, Ciudad de México, 01180, MX'}",-0600,True,MXN,16:00,11:00,"['bed_linens', 'body_soap', 'books', 'carbon_monoxide_detector', 'cleaning_products', 'coffee_maker', 'cooking_basics', 'dishes_and_silverware', 'dryer', 'elevator', 'essentials', 'exercise_equipment', 'freezer', 'gym', 'hangers', 'home_theater', 'hot_water', 'iron', 'kitchen', 'laptop_friendly_workspace', 'long_term_stays_allowed', 'microwave', 'oven', 'patio', 'patio_or_belcony', 'portable_fans', 'refrigerator', 'room_darkening_shades', 'shampoo', 'single_level_home', 'stove', 'tv', 'wardrobe_or_closet', 'washer', 'wine_glasses', 'wireless_internet']","{'max': 4, 'bedrooms': 1, 'beds': 2, 'bathrooms': 2}","[{'beds': [{'type': 'sofa_bed', 'quantity': 1}]}, {'beds': [{'type': 'king_bed', 'quantity': 1}]}]",apartment,Entire Home,[],"{'pets_allowed': False, 'smoking_allowed': False, 'events_allowed': False}",False,
c15ca6eb-6b2a-409b-8603-5e2c954d89da,Dr. Velasco 14/A407,https://a0.muscache.com/im/pictures/miso/Hosting-913781341180602637/original/7fccd2a2-c64c-44d4-97b7-2d236f9017d5.jpeg?aki_policy=small,"{'number': 'A407', 'street': 'Calle Doctor Velasco 14', 'city': 'Ciudad de México', 'state': 'Ciudad de México', 'postcode': '06720', 'country': 'MX', 'country_name': 'Mexico', 'coordinates': {'latitude': '19.41904226', 'longitude': '-99.14504461'}, 'display': 'A407, Calle Doctor Velasco 14, Ciudad de México, Ciudad de México, 06720, MX'}",-0600,True,MXN,16:00,11:00,"['bed_linens', 'body_soap', 'carbon_monoxide_detector', 'cleaning_products', 'clothes_drying_rack', 'coffee', 'coffee_maker', 'cooking_basics', 'dining_table', 'dishes_and_silverware', 'dryer', 'essentials', 'freezer', 'hair_dryer', 'hangers', 'heating', 'hot_water', 'iron', 'kitchen', 'laptop_friendly_workspace', 'long_term_stays_allowed', 'microwave', 'paid_parking', 'portable_fans', 'refrigerator', 'room_darkening_shades', 'shampoo', 'stove', 'tv', 'wardrobe_or_closet', 'washer', 'wine_glasses', 'wireless_internet']","{'max': 4, 'bedrooms': 2, 'beds': 2, 'bathrooms': 1}","[{'beds': [{'type': 'double_bed', 'quantity': 1}]}, {'beds': [{'type': 'double_bed', 'quantity': 1}]}]",apartment,Entire Home,[],"{'pets_allowed': True, 'smoking_allowed': False, 'events_allowed': False}",True,
cada37a4-ca3d-40c6-82f4-fe6f9c7093cc,Icon 810,https://a0.muscache.com/im/pictures/miso/Hosting-925356734488393549/original/8c4af9a7-4d47-46ab-9404-fd14ca7d6bb1.jpeg?aki_policy=small,"{'number': '810', 'street': 'Chicontepec 57', 'city': 'Ciudad de México', 'state': 'Ciudad de México', 'postcode': '06170', 'country': 'MX', 'country_name': 'Mexico', 'coordinates': {'latitude': '19.40973910', 'longitude': '-99.18072320'}, 'display': '810, Chicontepec 57, Ciudad de México, Ciudad de México, 06170, MX'}",-0600,True,MXN,16:00,11:00,"['ac', 'alfresco_dining', 'bbq_area', 'bed_linens', 'blender', 'body_soap', 'books', 'carbon_monoxide_detector', 'cleaning_products', 'coffee', 'coffee_maker', 'cooking_basics', 'crib', 'dining_table', 'dishes_and_silverware', 'elevator', 'essentials', 'ethernet_connection', 'exercise_equipment', 'extra_pillows_and_blankets', 'fire_pit', 'freezer', 'free_parking', 'garden_or_backyard', 'gym', 'hair_dryer', 'hangers', 'hot_water', 'iron', 'kitchen', 'laptop_friendly_workspace', 'laundromat_nearby', 'long_term_stays_allowed', 'microwave', 'outdoor_kitchen', 'outdoor_seating', 'oven', 'patio', 'patio_or_belcony', 'playground', 'pool', 'refrigerator', 'room_darkening_shades', 'shampoo', 'single_level_home', 'smoke_detector', 'sound_system', 'stove', 'sun_loungers', 'tv', 'wardrobe_or_closet', 'window_guards', 'wine_glasses', 'wireless_internet']","{'max': 4, 'bedrooms': 2, 'beds': 2, 'bathrooms': 2}","[{'beds': [{'type': 'king_bed', 'quantity': 1}]}, {'beds': [{'type': 'queen_bed', 'quantity': 1}]}]",apartment,Entire Home,[],"{'pets_allowed': False, 'smoking_allowed': False, 'events_allowed': False}",False,
0845d08c-f206-491b-92ac-ffb7464b20ae,Reforma 284/809,https://a0.muscache.com/im/pictures/miso/Hosting-908678800293435041/original/3f4f4416-3bd2-4db6-9c02-641d64d75bab.jpeg?aki_policy=small,"{'number': '809', 'street': 'Avenida Paseo de la Reforma 284', 'city': 'Ciudad de México', 'state': 'Ciudad de México', 'postcode': '06600', 'country': 'MX', 'country_name': 'Mexico', 'coordinates': {'latitude': '19.42788150', 'longitude': '-99.16457040'}, 'display': '809, Avenida Paseo de la Reforma 284, Ciudad de México, Ciudad de México, 06600, MX'}",-0600,False,MXN,16:00,11:00,"['carbon_monoxide_detector', 'exercise_equipment', 'fire_extinguisher', 'first_aid_kit', 'free_parking', 'kitchen', 'pool', 'smoke_detector', 'tv', 'washer', 'wireless_internet']","{'max': 2, 'bedrooms': 1, 'beds': 1, 'bathrooms': 1}","[{'beds': [{'type': 'king_bed', 'quantity': 1}]}]",loft,Entire Home,[],"{'pets_allowed': False, 'smoking_allowed': False, 'events_allowed': False}",True,
748f9fd6-27dc-4daa-add9-d2ca01031a32,Pachuca 153/104,https://a0.muscache.com/im/pictures/miso/Hosting-932522394054869873/original/104c72d5-de7f-4a35-b9f0-240f7fd2de72.jpeg?aki_policy=small,"{'number': '104', 'street': 'Calle Pachuca 153', 'city': 'Ciudad de México', 'state': 'Ciudad de México', 'postcode': '06140', 'country': 'MX', 'country_name': 'Mexico', 'coordinates': {'latitude': '19.41281470', 'longitude': '-99.17917610'}, 'display': '104, Calle Pachuca 153, Ciudad de México, Ciudad de México, 06140, MX'}",-0600,True,MXN,16:00,11:00,"['bed_linens', 'body_soap', 'cleaning_products', 'coffee_maker', 'cooking_basics', 'dining_table', 'dishes_and_silverware', 'dryer', 'essentials', 'freezer', 'hair_dryer', 'hot_water', 'iron', 'kitchen', 'laptop_friendly_workspace', 'laundromat_nearby', 'long_term_stays_allowed', 'microwave', 'oven', 'paid_parking', 'refrigerator', 'shampoo', 'stove', 'street_parking', 'tv', 'washer', 'wireless_internet']","{'max': 5, 'bedrooms': 2, 'beds': 3, 'bathrooms': 2}","[{'beds': [{'type': 'queen_bed', 'quantity': 1}]}, {'beds': [{'type': 'double_bed', 'quantity': 1}]}, {'beds': [{'type': 'sofa_bed', 'quantity': 1}]}]",apartment,Entire Home,[],"{'pets_allowed': False, 'smoking_allowed': False, 'events_allowed': False}",False,
fdc1238b-8589-4470-8954-dc48a53836f2,Beyond 3801,https://a0.muscache.com/im/pictures/airflow/Hosting-942744143199785719/original/da3d013c-c7f6-4b07-9bb3-8d8ecf05e816.jpg?aki_policy=small,"{'number': '3801', 'street': 'Boulevard Adolfo López Mateos 1977', 'city': 'Ciudad de México', 'state': 'Ciudad de México', 'postcode': '01010', 'country': 'MX', 'country_name': 'Mexico', 'coordinates': {'latitude': '19.36011530', 'longitude': '-99.19305270'}, 'display': '3801, Boulevard Adolfo López Mateos 1977, Ciudad de México, Ciudad de México, 01010, MX'}",-0600,True,MXN,16:00,11:00,"['alfresco_dining', 'bed_linens', 'blender', 'body_soap', 'books', 'carbon_monoxide_detector', 'cleaning_products', 'coffee', 'coffee_maker', 'cooking_basics', 'crib', 'dining_table', 'dishes_and_silverware', 'elevator', 'essentials', 'ethernet_connection', 'exercise_equipment', 'extra_pillows_and_blankets', 'freezer', 'free_parking', 'garden_or_backyard', 'gym', 'hair_dryer', 'hangers', 'home_theater', 'hot_water', 'iron', 'jacuzzi', 'kitchen', 'laptop_friendly_workspace', 'laundromat_nearby', 'long_term_stays_allowed', 'microwave', 'outdoor_kitchen', 'outdoor_seating', 'oven', 'paid_parking', 'patio', 'patio_or_belcony', 'playroom', 'pool', 'refrigerator', 'room_darkening_shades', 'shampoo', 'single_level_home', 'smoke_detector', 'sound_system', 'stove', 'street_parking', 'sun_loungers', 'tv', 'wardrobe_or_closet', 'window_guards', 'wine_glasses', 'wireless_internet']","{'max': 4, 'bedrooms': 2, 'beds': 2, 'bathrooms': 2}","[{'beds': [{'type': 'queen_bed', 'quantity': 1}]}, {'beds': [{'type': 'king_bed', 'quantity': 1}]}]",apartment,Entire Home,[],"{'pets_allowed': False, 'smoking_allowed': False, 'events_allowed': False}",False,
d2f9fded-90c7-4edd-9d23-a01fc2339543,Beyond 3501,https://a0.muscache.com/im/pictures/airflow/Hosting-942754128379577149/original/4a44a6ff-4572-4fa8-b86e-7560cb226018.jpg?aki_policy=small,"{'number': '3501', 'street': 'Boulevard Adolfo López Mateos 1977', 'city': 'Ciudad de México', 'state': 'Ciudad de México', 'postcode': '01010', 'country': 'MX', 'country_name': 'Mexico', 'coordinates': {'latitude': '19.36011530', 'longitude': '-99.19305270'}, 'display': '3501, Boulevard Adolfo López Mateos 1977, Ciudad de México, Ciudad de México, 01010, MX'}",-0600,False,MXN,16:00,11:00,"['alfresco_dining', 'bed_linens', 'blender', 'body_soap', 'books', 'carbon_monoxide_detector', 'cleaning_products', 'coffee', 'coffee_maker', 'cooking_basics', 'crib', 'dining_table', 'dishes_and_silverware', 'elevator', 'essentials', 'ethernet_connection', 'exercise_equipment', 'extra_pillows_and_blankets', 'freezer', 'free_parking', 'garden_or_backyard', 'gym', 'hair_dryer', 'hangers', 'home_theater', 'hot_water', 'iron', 'jacuzzi', 'kitchen', 'laptop_friendly_workspace', 'laundromat_nearby', 'long_term_stays_allowed', 'microwave', 'outdoor_kitchen', 'outdoor_seating', 'oven', 'paid_parking', 'patio', 'patio_or_belcony', 'playroom', 'pool', 'refrigerator', 'room_darkening_shades', 'shampoo', 'single_level_home', 'smoke_detector', 'sound_system', 'stove', 'street_parking', 'sun_loungers', 'tv', 'wardrobe_or_closet', 'window_guards', 'wine_glasses', 'wireless_internet']","{'max': 4, 'bedrooms': 2, 'beds': 2, 'bathrooms': 2}","[{'beds': [{'type': 'king_bed', 'quantity': 1}]}, {'beds': [{'type': 'queen_bed', 'quantity': 1}]}]",apartment,Entire Home,[],"{'pets_allowed': False, 'smoking_allowed': False, 'events_allowed': False}",False,
b551559a-ef42-480d-b150-cc5c51ba1a4c,Beyond 2105,https://a0.muscache.com/im/pictures/airflow/Hosting-942736113883121155/original/7d490873-f3c4-4f83-8b82-9c4adecd4b7e.jpg?aki_policy=small,"{'number': '2105', 'street': 'Boulevard Adolfo López Mateos 1977', 'city': 'Ciudad de México', 'state': 'Ciudad de México', 'postcode': '01010', 'country': 'MX', 'country_name': 'Mexico', 'coordinates': {'latitude': '19.36011530', 'longitude': '-99.19305270'}, 'display': '2105, Boulevard Adolfo López Mateos 1977, Ciudad de México, Ciudad de México, 01010, MX'}",-0600,False,MXN,16:00,11:00,"['alfresco_dining', 'bed_linens', 'blender', 'body_soap', 'books', 'carbon_monoxide_detector', 'cleaning_products', 'coffee', 'coffee_maker', 'cooking_basics', 'crib', 'dining_table', 'dishes_and_silverware', 'elevator', 'essentials', 'ethernet_connection', 'exercise_equipment', 'extra_pillows_and_blankets', 'freezer', 'free_parking', 'garden_or_backyard', 'gym', 'hair_dryer', 'hangers', 'home_theater', 'hot_water', 'iron', 'jacuzzi', 'kitchen', 'laptop_friendly_workspace', 'laundromat_nearby', 'long_term_stays_allowed', 'microwave', 'outdoor_kitchen', 'outdoor_seating', 'oven', 'paid_parking', 'patio', 'patio_or_belcony', 'playroom', 'pool', 'refrigerator', 'room_darkening_shades', 'shampoo', 'single_level_home', 'smoke_detector', 'sound_system', 'stove', 'street_parking', 'sun_loungers', 'tv', 'wardrobe_or_closet', 'window_guards', 'wine_glasses', 'wireless_internet']","{'max': 4, 'bedrooms': 2, 'beds': 2, 'bathrooms': 2}",[],apartment,Entire Home,[],"{'pets_allowed': False, 'smoking_allowed': False, 'events_allowed': False}",False,
2b544f3f-a46e-4c92-a679-225e832d8ebf,Forma Reforma 605,https://a0.muscache.com/im/pictures/miso/Hosting-833979211906927693/original/06b1ad9c-3247-4333-aed5-84485e737f94.png?aki_policy=small,"{'number': '605', 'street': 'Londres 256', 'city': 'Juárez', 'state': 'Ciudad de México', 'postcode': '06600', 'country': 'MX', 'country_name': 'Mexico', 'coordinates': {'latitude': '19.42251180', 'longitude': '-99.16988390'}, 'display': '605, Londres 256, Juárez, Ciudad de México, 06600, MX'}",-0600,True,MXN,16:00,11:00,"['ac', 'alfresco_dining', 'bbq_area', 'bed_linens', 'blender', 'body_soap', 'carbon_monoxide_detector', 'cleaning_products', 'coffee', 'coffee_maker', 'cooking_basics', 'dining_table', 'dishes_and_silverware', 'dryer', 'elevator', 'essentials', 'exercise_equipment', 'fire_pit', 'first_aid_kit', 'freezer', 'free_parking', 'garden_or_backyard', 'gym', 'hair_dryer', 'hangers', 'hot_water', 'iron', 'kitchen', 'laptop_friendly_workspace', 'long_term_stays_allowed', 'microwave', 'outdoor_kitchen', 'outdoor_seating', 'oven', 'paid_parking', 'patio', 'patio_or_belcony', 'refrigerator', 'room_darkening_shades', 'shampoo', 'single_level_home', 'smoke_detector', 'stove', 'sun_loungers', 'tv', 'wardrobe_or_closet', 'washer', 'wine_glasses', 'wireless_internet']","{'max': 4, 'bedrooms': 2, 'beds': 2, 'bathrooms': 2}","[{'beds': [{'type': 'queen_bed', 'quantity': 1}]}, {'beds': [{'type': 'king_bed', 'quantity': 1}]}]",apartment,Entire Home,[],"{'pets_allowed': False, 'smoking_allowed': False, 'events_allowed': False}",False,
73373dab-215f-4dee-8c4d-c649eef8c4bc,Distum 1907B,https://a0.muscache.com/im/pictures/miso/Hosting-944933420008864648/original/3d67ce4b-1353-41b0-adaa-c8a8f07c6ec7.jpeg?aki_policy=small,"{'number': '1907B', 'street': 'Avenida Marina Nacional 385', 'city': 'Ciudad de México', 'state': 'Ciudad de México', 'postcode': '11300', 'country': 'MX', 'country_name': 'Mexico', 'coordinates': {'latitude': '19.43765160', 'longitude': '-99.17247180'}, 'display': '1907B, Avenida Marina Nacional 385, Ciudad de México, Ciudad de México, 11300, MX'}",-0600,True,MXN,16:00,11:00,"['ac', 'bed_linens', 'body_soap', 'carbon_monoxide_detector', 'cleaning_products', 'coffee', 'coffee_maker', 'cooking_basics', 'dishes_and_silverware', 'dryer', 'elevator', 'essentials', 'exercise_equipment', 'free_parking', 'garden_or_backyard', 'gym', 'hair_dryer', 'hangers', 'heating', 'hot_water', 'iron', 'kitchen', 'laptop_friendly_workspace', 'long_term_stays_allowed', 'microwave', 'outdoor_seating', 'patio', 'patio_or_belcony', 'playground', 'portable_fans', 'refrigerator', 'room_darkening_shades', 'shampoo', 'single_level_home', 'smoke_detector', 'stove', 'sun_loungers', 'tv', 'wardrobe_or_closet', 'washer', 'wine_glasses', 'wireless_internet']","{'max': 3, 'bedrooms': 1, 'beds': 1, 'bathrooms': 1}","[{'beds': [{'type': 'queen_bed', 'quantity': 1}, {'type': 'sofa_bed', 'quantity': 1}]}]",apartment,Entire Home,[],"{'pets_allowed': False, 'smoking_allowed': False, 'events_allowed': False}",False,
e2a53e55-8f66-42a5-a502-31f544b043ab,Ámsterdam 316/1,https://a0.muscache.com/im/pictures/miso/Hosting-52745224/original/dcaaf590-a472-4d4c-a661-a98c0b199b49.jpeg?aki_policy=small,"{'number': '1', 'street': 'Amsterdam 316', 'city': 'Ciudad de México', 'state': 'Ciudad de México', 'postcode': '06100', 'country': 'MX', 'country_name': 'Mexico', 'coordinates': {'latitude': '19.41475105', 'longitude': '-99.16691589'}, 'display': '1, Amsterdam 316, Ciudad de México, Ciudad de México, 06100, MX'}",-0600,True,MXN,16:00,11:00,"['alfresco_dining', 'bed_linens', 'blender', 'body_soap', 'books', 'carbon_monoxide_detector', 'cleaning_products', 'coffee', 'coffee_maker', 'cooking_basics', 'crib', 'dining_table', 'dishes_and_silverware', 'essentials', 'ethernet_connection', 'extra_pillows_and_blankets', 'freezer', 'garden_or_backyard', 'hair_dryer', 'hangers', 'heating', 'hot_water', 'iron', 'kitchen', 'laptop_friendly_workspace', 'laundromat_nearby', 'long_term_stays_allowed', 'microwave', 'outdoor_seating', 'oven', 'paid_parking', 'paid_parking_on_premises', 'patio_or_belcony', 'refrigerator', 'room_darkening_shades', 'shampoo', 'single_level_home', 'stove', 'wardrobe_or_closet', 'wireless_internet']","{'max': 5, 'bedrooms': 2, 'beds': 3, 'bathrooms': 1}","[{'beds': [{'type': 'double_bed', 'quantity': 1}, {'type': 'sofa_bed', 'quantity': 1}]}, {'beds': [{'type': 'double_bed', 'quantity': 1}]}]",apartment,Entire Home,[],"{'pets_allowed': False, 'smoking_allowed': False, 'events_allowed': False}",False,
c1482f97-26a2-413d-bd60-aaf76aa58815,Álvaro Obregón 182/307,https://a0.muscache.com/im/pictures/airflow/Hosting-958788470988881522/original/17a8ecfb-1ee9-402c-b6cc-e9aa097bd120.jpg?aki_policy=small,"{'number': '307', 'street': 'Av. Álvaro Obregón 182', 'city': 'Ciudad de México', 'state': 'Ciudad de México', 'postcode': '06700', 'country': 'MX', 'country_name': 'Mexico', 'coordinates': {'latitude': '19.41735750', 'longitude': '-99.16302790'}, 'display': '307, Av. Álvaro Obregón 182, Ciudad de México, Ciudad de México, 06700, MX'}",-0600,True,MXN,16:00,11:00,"['bed_linens', 'blender', 'body_soap', 'carbon_monoxide_detector', 'cleaning_products', 'coffee', 'coffee_maker', 'cooking_basics', 'dining_table', 'dishes_and_silverware', 'essentials', 'freezer', 'hair_dryer', 'hot_water', 'iron', 'kitchen', 'kitchenette', 'laptop_friendly_workspace', 'laundromat_nearby', 'long_term_stays_allowed', 'microwave', 'paid_parking', 'patio_or_belcony', 'refrigerator', 'room_darkening_shades', 'shampoo', 'single_level_home', 'smoke_detector', 'stove', 'tv', 'wardrobe_or_closet', 'window_guards', 'wine_glasses', 'wireless_internet']","{'max': 2, 'bedrooms': 1, 'beds': 1, 'bathrooms': 1}",[],apartment,Entire Home,[],"{'pets_allowed': True, 'smoking_allowed': False, 'events_allowed': False}",False,
910eef0b-66df-47c0-ba0b-b0d12fb9414c,Cuauhtémoc 586/701,https://a0.muscache.com/im/pictures/miso/Hosting-960208952659216840/original/0eef2d61-57b2-41ba-b67a-831a1d20aa00.jpeg?aki_policy=small,"{'number': '701', 'street': 'Avenida Cuauhtémoc 586', 'city': 'Ciudad de México', 'state': 'Ciudad de México', 'postcode': '03020', 'country': 'MX', 'country_name': 'Mexico', 'coordinates': {'latitude': '19.39733130', 'longitude': '-99.15572320'}, 'display': '701, Avenida Cuauhtémoc 586, Ciudad de México, Ciudad de México, 03020, MX'}",-0600,True,MXN,16:00,11:00,"['bed_linens', 'blender', 'body_soap', 'cleaning_products', 'coffee', 'coffee_maker', 'cooking_basics', 'dining_table', 'dishes_and_silverware', 'essentials', 'freezer', 'hair_dryer', 'hangers', 'heating', 'hot_water', 'iron', 'kitchen', 'laptop_friendly_workspace', 'laundromat_nearby', 'long_term_stays_allowed', 'microwave', 'oven', 'portable_fans', 'refrigerator', 'room_darkening_shades', 'shampoo', 'single_level_home', 'stove', 'tv', 'wardrobe_or_closet', 'washer', 'wine_glasses', 'wireless_internet']","{'max': 4, 'bedrooms': 2, 'beds': 3, 'bathrooms': 2}","[{'beds': [{'type': 'king_bed', 'quantity': 1}]}, {'beds': [{'type': 'single_bed', 'quantity': 1}, {'type': 'sofa_bed', 'quantity': 1}]}]",apartment,Entire Home,[],"{'pets_allowed': False, 'smoking_allowed': False, 'events_allowed': False}",False,
615f3341-a4d6-4a4a-b399-9cabdd9a817a,Pachuca 127/6,https://a0.muscache.com/im/pictures/miso/Hosting-960900259856882694/original/3b39d58c-f52d-4fe8-a6c6-e51a1b596752.jpeg?aki_policy=small,"{'street': 'Calle Pachuca 127', 'city': 'Ciudad de México', 'state': 'Ciudad de México', 'postcode': '06140', 'country': 'MX', 'country_name': 'Mexico', 'coordinates': {'latitude': '19.41401790', 'longitude': '-99.17861550'}, 'display': 'Calle Pachuca 127, Ciudad de México, Ciudad de México, 06140, MX'}",-0600,True,MXN,16:00,11:00,"['bed_linens', 'blender', 'carbon_monoxide_detector', 'cleaning_products', 'coffee_maker', 'cooking_basics', 'dining_table', 'dishes_and_silverware', 'dryer', 'essentials', 'hot_water', 'iron', 'kitchen', 'laptop_friendly_workspace', 'microwave', 'patio', 'patio_or_belcony', 'refrigerator', 'shampoo', 'shower_gel', 'stove', 'tv', 'wardrobe_or_closet', 'wireless_internet']","{'max': 5, 'bedrooms': 2, 'beds': 2, 'bathrooms': 1}","[{'beds': [{'type': 'couch_bed', 'quantity': 1}]}, {'beds': [{'type': 'double_bed', 'quantity': 1}]}, {'beds': [{'type': 'queen_bed', 'quantity': 1}]}]",apartment,Entire Home,[],"{'pets_allowed': False, 'smoking_allowed': False, 'events_allowed': False}",False,
740eece0-573f-4f21-bb93-b820812d968d,Dr. Vértiz 665/502,https://a0.muscache.com/im/pictures/airflow/Hosting-968109281813976194/original/ed2b38a0-f798-4052-9f8f-122a613f5d91.jpg?aki_policy=small,"{'number': '502', 'street': 'Calle Doctor José María Vértiz 665', 'city': 'Ciudad de México', 'state': 'Ciudad de México', 'postcode': '03023', 'country': 'MX', 'country_name': 'Mexico', 'coordinates': {'latitude': '19.39688250', 'longitude': '-99.15115030'}, 'display': '502, Calle Doctor José María Vértiz 665, Ciudad de México, Ciudad de México, 03023, MX'}",-0600,False,MXN,16:00,11:00,"['bed_linens', 'blender', 'body_soap', 'carbon_monoxide_detector', 'cleaning_products', 'coffee', 'coffee_maker', 'cooking_basics', 'dining_table', 'dishes_and_silverware', 'elevator', 'essentials', 'freezer', 'free_parking', 'hair_dryer', 'hangers', 'iron', 'kitchen', 'laundromat_nearby', 'long_term_stays_allowed', 'microwave', 'oven', 'patio', 'patio_or_belcony', 'refrigerator', 'room_darkening_shades', 'shampoo', 'shower_gel', 'single_level_home', 'smoke_detector', 'stove', 'tv', 'wardrobe_or_closet', 'wine_glasses', 'wireless_internet']","{'max': 4, 'bedrooms': 2, 'beds': 3, 'bathrooms': 2}","[{'beds': [{'type': 'double_bed', 'quantity': 1}]}, {'beds': [{'type': 'double_bed', 'quantity': 1}]}, {'beds': [{'type': 'sofa_bed', 'quantity': 1}]}]",apartment,Entire Home,[],"{'pets_allowed': False, 'smoking_allowed': False, 'events_allowed': False}",False,
f6ae65ee-4834-4025-a593-90e947d79629,Córdoba 160/501,https://a0.muscache.com/im/pictures/miso/Hosting-978921279021971865/original/a2d53b8a-3400-403c-ba50-d00089a03f25.jpeg?aki_policy=small,"{'street': 'Córdoba 160', 'city': 'Ciudad de México', 'state': 'Colonia Roma Norte', 'postcode': '06700', 'country': 'MX', 'country_name': 'Mexico', 'coordinates': {'latitude': '19.41580720', 'longitude': '-99.15769090'}, 'display': 'Córdoba 160, Ciudad de México, Colonia Roma Norte, 06700, MX'}",-0600,True,MXN,16:00,11:00,"['bed_linens', 'blender', 'body_soap', 'carbon_monoxide_detector', 'cleaning_products', 'coffee', 'coffee_maker', 'cooking_basics', 'crib', 'dining_table', 'dishes_and_silverware', 'dryer', 'essentials', 'freezer', 'hair_dryer', 'hangers', 'hot_water', 'iron', 'kitchen', 'laptop_friendly_workspace', 'laundromat_nearby', 'long_term_stays_allowed', 'microwave', 'outdoor_seating', 'oven', 'paid_parking', 'patio_or_belcony', 'portable_fans', 'refrigerator', 'room_darkening_shades', 'shampoo', 'stove', 'tv', 'wardrobe_or_closet', 'washer', 'window_guards', 'wine_glasses', 'wireless_internet']","{'max': 4, 'bedrooms': 2, 'beds': 2, 'bathrooms': 2}",[],apartment,Entire Home,[],"{'pets_allowed': False, 'smoking_allowed': False, 'events_allowed': False}",False,
bc2dce23-575f-4c15-bfc8-65e6bfba714b,Álvaro Obregón 228/203,https://a0.muscache.com/im/pictures/airflow/Hosting-979306005464233175/original/206515e4-096d-4655-b841-11784b343b7c.jpg?aki_policy=small,"{'number': 'Álvaro Obregón 228', 'street': 'Av. Álvaro Obregón 228', 'city': 'Ciudad de México', 'state': 'Ciudad de México', 'postcode': '06700', 'country': 'MX', 'country_name': 'Mexico', 'coordinates': {'latitude': '19.41694360', 'longitude': '-99.16551540'}, 'display': 'Álvaro Obregón 228, Av. Álvaro Obregón 228, Ciudad de México, Ciudad de México, 06700, MX'}",-0600,True,MXN,16:00,11:00,"['bed_linens', 'blender', 'body_soap', 'carbon_monoxide_detector', 'cleaning_products', 'coffee', 'coffee_maker', 'cooking_basics', 'dining_table', 'dishes_and_silverware', 'essentials', 'hair_dryer', 'hangers', 'hot_water', 'iron', 'kitchen', 'laundromat_nearby', 'long_term_stays_allowed', 'microwave', 'mini_fridge', 'paid_parking', 'refrigerator', 'room_darkening_shades', 'shampoo', 'smoke_detector', 'stove', 'tv', 'wardrobe_or_closet', 'wine_glasses', 'wireless_internet']","{'max': 2, 'bedrooms': 1, 'beds': 1, 'bathrooms': 1}","[{'beds': [{'type': 'queen_bed', 'quantity': 1}]}, {'beds': [{'type': 'couch_bed', 'quantity': 1}]}]",apartment,Entire Home,[],"{'pets_allowed': False, 'smoking_allowed': False, 'events_allowed': False}",False,
aee7121f-8238-48a5-93b7-8c08227e39d7,Icon 1410,https://a0.muscache.com/im/pictures/miso/Hosting-979965100122600225/original/9ede3506-ae75-4bfa-8637-f860b70d3956.jpeg?aki_policy=small,"{'street': 'Chicontepec 57', 'city': 'Ciudad de México', 'state': 'Ciudad de México', 'postcode': '06170', 'country': 'MX', 'country_name': 'Mexico', 'coordinates': {'latitude': '19.40973910', 'longitude': '-99.18072320'}, 'display': 'Chicontepec 57, Ciudad de México, Ciudad de México, 06170, MX'}",-0600,True,MXN,16:00,11:00,"['ac', 'bed_linens', 'blender', 'body_soap', 'carbon_monoxide_detector', 'cleaning_products', 'coffee', 'coffee_maker', 'cooking_basics', 'dining_table', 'dishes_and_silverware', 'elevator', 'essentials', 'freezer', 'free_parking', 'gym', 'hair_dryer', 'hangers', 'hot_water', 'iron', 'kitchen', 'laptop_friendly_workspace', 'laundromat_nearby', 'long_term_stays_allowed', 'microwave', 'oven', 'pool', 'refrigerator', 'room_darkening_shades', 'shampoo', 'single_level_home', 'smoke_detector', 'stove', 'tv', 'wardrobe_or_closet', 'wine_glasses', 'wireless_internet']","{'max': 4, 'bedrooms': 2, 'beds': 2, 'bathrooms': 2}","[{'beds': [{'type': 'couch_bed', 'quantity': 1}]}, {'beds': [{'type': 'king_bed', 'quantity': 1}]}, {'beds': [{'type': 'queen_bed', 'quantity': 1}]}]",apartment,Entire Home,[],"{'pets_allowed': False, 'smoking_allowed': False, 'events_allowed': False}",False,
83e93b21-7a17-4ce5-bb5a-6af0e33893c3,Astrónomos 46/2,https://a0.muscache.com/im/pictures/miso/Hosting-988370705340508252/original/9ae71dd4-8660-40f9-9bea-168dc8821d42.jpeg?aki_policy=small,"{'number': 'C. Astrónomos 46, Apt. 2', 'street': 'Astrónomos 46', 'city': 'Ciudad de México', 'state': 'Ciudad de México', 'postcode': '11800', 'country': 'MX', 'country_name': 'Mexico', 'coordinates': {'latitude': '19.40091110', 'longitude': '-99.17142290'}, 'display': 'C. Astrónomos 46, Apt. 2, Astrónomos 46, Ciudad de México, Ciudad de México, 11800, MX'}",-0600,True,MXN,16:00,11:00,"['alfresco_dining', 'bed_linens', 'blender', 'body_soap', 'cleaning_products', 'coffee', 'coffee_maker', 'cooking_basics', 'dining_table', 'dishes_and_silverware', 'essentials', 'hair_dryer', 'hangers', 'hot_water', 'iron', 'kitchen', 'laptop_friendly_workspace', 'laundromat_nearby', 'long_term_stays_allowed', 'microwave', 'outdoor_seating', 'oven', 'portable_fans', 'refrigerator', 'shampoo', 'smoke_detector', 'stove', 'toaster', 'tv', 'wardrobe_or_closet', 'wine_glasses', 'wireless_internet']","{'max': 6, 'bedrooms': 2, 'beds': 3, 'bathrooms': 2}","[{'beds': [{'type': 'double_bed', 'quantity': 1}, {'type': 'single_bed', 'quantity': 1}]}, {'beds': [{'type': 'queen_bed', 'quantity': 1}]}, {'beds': [{'type': 'floor_mattress_bed', 'quantity': 1}]}]",apartment,Entire Home,[],"{'pets_allowed': None, 'smoking_allowed': False, 'events_allowed': False}",False,
9e4d47ff-3b6e-4183-8f0c-55d819e0f516,Icon 910,https://a0.muscache.com/im/pictures/miso/Hosting-53397330/original/f0814a57-0602-425a-a82a-89a4129a42f5.jpeg?aki_policy=small,"{'number': '910', 'street': 'Chicontepec 57', 'city': 'Ciudad de México', 'state': 'Ciudad de México', 'postcode': '06170', 'country': 'MX', 'country_name': 'Mexico', 'coordinates': {'latitude': '19.40973854', 'longitude': '-99.18072510'}, 'display': '910, Chicontepec 57, Ciudad de México, Ciudad de México, 06170, MX'}",-0600,True,MXN,16:00,11:00,"['ac', 'alfresco_dining', 'bed_linens', 'blender', 'body_soap', 'books', 'carbon_monoxide_detector', 'cleaning_products', 'coffee', 'coffee_maker', 'cooking_basics', 'crib', 'dining_table', 'dishes_and_silverware', 'elevator', 'essentials', 'ethernet_connection', 'exercise_equipment', 'extra_pillows_and_blankets', 'freezer', 'free_parking', 'garden_or_backyard', 'gym', 'hair_dryer', 'hangers', 'heating', 'hot_water', 'iron', 'kitchen', 'laptop_friendly_workspace', 'laundromat_nearby', 'long_term_stays_allowed', 'luggage_dropoff_allowed', 'microwave', 'outdoor_kitchen', 'outdoor_seating', 'oven', 'paid_parking', 'patio', 'patio_or_belcony', 'pool', 'portable_fans', 'refrigerator', 'resort_access', 'room_darkening_shades', 'shampoo', 'single_level_home', 'smoke_detector', 'sound_system', 'stove', 'tv', 'wardrobe_or_closet', 'window_guards', 'wine_glasses', 'wireless_internet']","{'max': 4, 'bedrooms': 2, 'beds': 2, 'bathrooms': 2}","[{'beds': [{'type': 'queen_bed', 'quantity': 1}]}, {'beds': [{'type': 'king_bed', 'quantity': 1}]}]",apartment,Entire Home,[],"{'pets_allowed': False, 'smoking_allowed': False, 'events_allowed': False}",False,
73f34157-d844-4f57-a220-5a8726ed8596,Beyond 3601,https://a0.muscache.com/im/pictures/airflow/Hosting-939744237922934084/original/5ba07846-e357-4417-a8ec-96f71b518c4d.jpg?aki_policy=small,"{'number': '3601', 'street': 'Boulevard Adolfo López Mateos 1977', 'city': 'Ciudad de México', 'state': 'Ciudad de México', 'postcode': '01010', 'country': 'MX', 'country_name': 'Mexico', 'coordinates': {'latitude': '19.36011530', 'longitude': '-99.19305270'}, 'display': '3601, Boulevard Adolfo López Mateos 1977, Ciudad de México, Ciudad de México, 01010, MX'}",-0600,False,MXN,16:00,11:00,"['alfresco_dining', 'bed_linens', 'blender', 'body_soap', 'books', 'carbon_monoxide_detector', 'cleaning_products', 'coffee', 'coffee_maker', 'cooking_basics', 'crib', 'dining_table', 'dishes_and_silverware', 'elevator', 'essentials', 'ethernet_connection', 'exercise_equipment', 'extra_pillows_and_blankets', 'freezer', 'free_parking', 'garden_or_backyard', 'gym', 'hair_dryer', 'hangers', 'home_theater', 'hot_water', 'iron', 'jacuzzi', 'kitchen', 'laptop_friendly_workspace', 'laundromat_nearby', 'long_term_stays_allowed', 'microwave', 'outdoor_kitchen', 'outdoor_seating', 'oven', 'paid_parking', 'patio', 'patio_or_belcony', 'playroom', 'pool', 'refrigerator', 'room_darkening_shades', 'shampoo', 'single_level_home', 'smoke_detector', 'sound_system', 'stove', 'street_parking', 'sun_loungers', 'tv', 'wardrobe_or_closet', 'window_guards', 'wine_glasses', 'wireless_internet']","{'max': 4, 'bedrooms': 2, 'beds': 2, 'bathrooms': 2}","[{'beds': [{'type': 'king_bed', 'quantity': 1}]}, {'beds': [{'type': 'queen_bed', 'quantity': 1}]}]",apartment,Entire Home,[],"{'pets_allowed': False, 'smoking_allowed': False, 'events_allowed': False}",False,
3355cb48-b4c2-4021-b8ad-77b64fbd21cc,Río Guadalquivir 18/202,https://a0.muscache.com/im/pictures/miso/Hosting-990773118582199402/original/c9f3ba55-5d2b-4ea7-b5d2-0ff2e3e71fc2.jpeg?aki_policy=small,"{'number': '202', 'street': 'Río Guadalquivir 18', 'city': 'Ciudad de México', 'state': 'Ciudad de México', 'postcode': '06500', 'country': 'MX', 'country_name': 'Mexico', 'coordinates': {'latitude': '19.43129750', 'longitude': '-99.17144660'}, 'display': '202, Río Guadalquivir 18, Ciudad de México, Ciudad de México, 06500, MX'}",-0600,True,MXN,16:00,11:00,"['bed_linens', 'blender', 'body_soap', 'carbon_monoxide_detector', 'cleaning_products', 'coffee', 'coffee_maker', 'cooking_basics', 'dining_table', 'dishes_and_silverware', 'elevator', 'essentials', 'freezer', 'hair_dryer', 'hangers', 'hot_water', 'hot_water_kettle', 'iron', 'kitchen', 'laundromat_nearby', 'long_term_stays_allowed', 'microwave', 'oven', 'paid_parking', 'portable_fans', 'refrigerator', 'shampoo', 'smoke_detector', 'stove', 'tv', 'wardrobe_or_closet', 'wine_glasses', 'wireless_internet']","{'max': 4, 'bedrooms': 2, 'beds': 2, 'bathrooms': 2}","[{'beds': [{'type': 'king_bed', 'quantity': 1}]}, {'beds': [{'type': 'queen_bed', 'quantity': 1}]}]",apartment,Entire Home,[],"{'pets_allowed': False, 'smoking_allowed': False, 'events_allowed': False}",False,
3c974623-57de-482d-a66a-a7f4c2edde35,Tamán PH2B,https://a0.muscache.com/im/pictures/airflow/Hosting-996095805337543437/original/58ab72f3-148c-4378-a21b-561298d6f34e.jpg?aki_policy=small,"{'number': 'PH2B', 'street': 'Alfonso Reyes 53', 'city': 'Ciudad de México', 'state': 'Ciudad de México', 'postcode': '06170', 'country': 'MX', 'country_name': 'Mexico', 'coordinates': {'latitude': '19.40992400', 'longitude': '-99.17982990'}, 'display': 'PH2B, Alfonso Reyes 53, Ciudad de México, Ciudad de México, 06170, MX'}",-0600,True,MXN,16:00,11:00,"['alfresco_dining', 'bed_linens', 'blender', 'body_soap', 'carbon_monoxide_detector', 'cleaning_products', 'coffee', 'coffee_maker', 'cooking_basics', 'dining_table', 'dishes_and_silverware', 'elevator', 'essentials', 'exercise_equipment', 'fire_pit', 'freezer', 'free_parking', 'garden_or_backyard', 'gym', 'hair_dryer', 'hangers', 'hot_water', 'iron', 'kitchen', 'laptop_friendly_workspace', 'laundromat_nearby', 'long_term_stays_allowed', 'microwave', 'outdoor_seating', 'oven', 'patio', 'patio_or_belcony', 'pool', 'portable_fans', 'refrigerator', 'room_darkening_shades', 'shampoo', 'single_level_home', 'smoke_detector', 'stove', 'street_parking', 'sun_loungers', 'tv', 'wardrobe_or_closet', 'window_guards', 'wine_glasses', 'wireless_internet']","{'max': 4, 'bedrooms': 2, 'beds': 1, 'bathrooms': 2}","[{'beds': [{'type': 'king_bed', 'quantity': 1}]}]",apartment,Entire Home,[],"{'pets_allowed': False, 'smoking_allowed': False, 'events_allowed': False}",False,
003b3182-cf7e-4319-877d-da8d040c182e,Beyond 2701,https://a0.muscache.com/im/pictures/miso/Hosting-996149325599603260/original/aedf86bd-70f5-4b72-b89d-f3bc414b74e0.jpeg?aki_policy=small,"{'number': '2701', 'street': 'Boulevard Adolfo López Mateos 1977', 'city': 'Ciudad de México', 'state': 'Ciudad de México', 'postcode': '01010', 'country': 'MX', 'country_name': 'Mexico', 'coordinates': {'latitude': '19.36011530', 'longitude': '-99.19305270'}, 'display': '2701, Boulevard Adolfo López Mateos 1977, Ciudad de México, Ciudad de México, 01010, MX'}",-0600,False,MXN,16:00,11:00,"['bed_linens', 'blender', 'body_soap', 'carbon_monoxide_detector', 'cleaning_products', 'coffee', 'coffee_maker', 'cooking_basics', 'dishes_and_silverware', 'elevator', 'essentials', 'freezer', 'free_parking', 'hair_dryer', 'hangers', 'hot_water', 'iron', 'kitchen', 'laundromat_nearby', 'long_term_stays_allowed', 'microwave', 'oven', 'patio', 'refrigerator', 'room_darkening_shades', 'shampoo', 'single_level_home', 'smoke_detector', 'stove', 'tv', 'wardrobe_or_closet', 'wine_glasses', 'wireless_internet']","{'max': 4, 'bedrooms': 2, 'beds': 2, 'bathrooms': 2}","[{'beds': [{'type': 'king_bed', 'quantity': 1}]}, {'beds': [{'type': 'queen_bed', 'quantity': 1}]}]",apartment,Entire Home,[],"{'pets_allowed': False, 'smoking_allowed': False, 'events_allowed': False}",False,
136699df-cd10-4c03-9aa1-d9173b479943,Beyond 3201,https://a0.muscache.com/im/pictures/airflow/Hosting-998767799974871239/original/88bf95a1-eb3a-42e3-a58d-29b1bf257145.jpg?aki_policy=small,"{'number': 'Blvd. Adolfo López Mateos 1977 Apt.3201, Los Alpes, Álvaro Obreg', 'street': 'Boulevard Adolfo López Mateos 1977', 'city': 'Ciudad de México', 'state': 'Ciudad de México', 'postcode': '01010', 'country': 'MX', 'country_name': 'Mexico', 'coordinates': {'latitude': '19.36011530', 'longitude': '-99.19305270'}, 'display': 'Blvd. Adolfo López Mateos 1977 Apt.3201, Los Alpes, Álvaro Obreg, Boulevard Adolfo López Mateos 1977, Ciudad de México, Ciudad de México, 01010, MX'}",-0600,False,MXN,16:00,11:00,"['bed_linens', 'blender', 'body_soap', 'carbon_monoxide_detector', 'cleaning_products', 'coffee', 'coffee_maker', 'cooking_basics', 'dining_table', 'dishes_and_silverware', 'elevator', 'essentials', 'exercise_equipment', 'freezer', 'free_parking', 'garden_or_backyard', 'gym', 'hair_dryer', 'hangers', 'home_theater', 'iron', 'jacuzzi', 'kitchen', 'long_term_stays_allowed', 'microwave', 'oven', 'playroom', 'pool', 'refrigerator', 'room_darkening_shades', 'sauna', 'shampoo', 'smoke_detector', 'stove', 'tv', 'wardrobe_or_closet', 'wine_glasses', 'wireless_internet']","{'max': 4, 'bedrooms': 2, 'beds': 2, 'bathrooms': 2}","[{'beds': [{'type': 'king_bed', 'quantity': 1}]}, {'beds': [{'type': 'queen_bed', 'quantity': 1}]}, {'beds': [{'type': 'couch_bed', 'quantity': 1}]}]",apartment,Entire Home,[],"{'pets_allowed': False, 'smoking_allowed': False, 'events_allowed': False}",False,
9f94717e-dc0c-4cbf-abff-85c5d1ed5bd6,Beyond 3301,https://a0.muscache.com/im/pictures/miso/Hosting-998835395265074277/original/c4bb4385-0632-49e1-913a-77316b715d8c.png?aki_policy=small,"{'number': 'Blvd. Adolfo López Mateos 1977 Apt.3301, Los Alpes, Álvaro Obreg', 'street': 'Boulevard Adolfo López Mateos 1977', 'city': 'Ciudad de México', 'state': 'Ciudad de México', 'postcode': '01010', 'country': 'MX', 'country_name': 'Mexico', 'coordinates': {'latitude': '19.36011530', 'longitude': '-99.19305270'}, 'display': 'Blvd. Adolfo López Mateos 1977 Apt.3301, Los Alpes, Álvaro Obreg, Boulevard Adolfo López Mateos 1977, Ciudad de México, Ciudad de México, 01010, MX'}",-0600,False,MXN,16:00,11:00,"['alfresco_dining', 'bed_linens', 'blender', 'body_soap', 'carbon_monoxide_detector', 'cleaning_products', 'coffee', 'coffee_maker', 'cooking_basics', 'dining_table', 'dishes_and_silverware', 'elevator', 'essentials', 'exercise_equipment', 'freezer', 'free_parking', 'garden_or_backyard', 'gym', 'hair_dryer', 'hangers', 'home_theater', 'iron', 'jacuzzi', 'kitchen', 'long_term_stays_allowed', 'microwave', 'oven', 'playroom', 'pool', 'refrigerator', 'room_darkening_shades', 'sauna', 'shampoo', 'smoke_detector', 'stove', 'tv', 'wardrobe_or_closet', 'wine_glasses', 'wireless_internet']","{'max': 4, 'bedrooms': 2, 'beds': 2, 'bathrooms': 2}","[{'beds': [{'type': 'king_bed', 'quantity': 1}]}, {'beds': [{'type': 'double_bed', 'quantity': 1}]}, {'beds': [{'type': 'couch_bed', 'quantity': 1}]}]",apartment,Entire Home,[],"{'pets_allowed': False, 'smoking_allowed': False, 'events_allowed': False}",False,
42a35097-d4bb-4863-8b19-32384f399020,Fuente del Sol C71,https://a0.muscache.com/im/pictures/miso/Hosting-1002950552632918922/original/38c946a2-6fe6-476e-b279-9627e50e5f3d.jpeg?aki_policy=small,"{'city': 'Desamparados', 'state': 'San José', 'country': 'CR', 'country_name': 'Costa Rica', 'coordinates': {'latitude': '9.89609450', 'longitude': '-84.07607560'}, 'display': 'Desamparados, San José, CR'}",-0600,True,CRC,16:00,11:00,"['bed_linens', 'blender', 'body_soap', 'cleaning_products', 'coffee', 'coffee_maker', 'cooking_basics', 'dishes_and_silverware', 'dryer', 'elevator', 'essentials', 'exercise_equipment', 'free_parking', 'garden_or_backyard', 'gym', 'hair_dryer', 'hangers', 'iron', 'kitchen', 'laundromat_nearby', 'long_term_stays_allowed', 'microwave', 'oven', 'playground', 'pool', 'portable_fans', 'refrigerator', 'room_darkening_shades', 'shampoo', 'stove', 'tv', 'wardrobe_or_closet', 'washer', 'wine_glasses', 'wireless_internet']","{'max': 4, 'bedrooms': 2, 'beds': 3, 'bathrooms': 2}","[{'beds': [{'type': 'double_bed', 'quantity': 1}]}, {'beds': [{'type': 'single_bed', 'quantity': 2}]}, {'beds': [{'type': 'couch_bed', 'quantity': 1}]}]",apartment,Entire Home,[],"{'pets_allowed': False, 'smoking_allowed': False, 'events_allowed': False}",False,
fec680ca-5e8f-4391-ac24-b08d7994558c,Lerdo 360/A12-613,https://a0.muscache.com/im/pictures/miso/Hosting-1005371693410427588/original/613c8030-aa4e-40b1-9500-e43cc79c5aaa.jpeg?aki_policy=small,"{'street': 'Lerdo 360', 'city': 'Ciudad de México', 'state': 'Ciudad de México', 'postcode': '06920', 'country': 'MX', 'country_name': 'Mexico', 'coordinates': {'latitude': '19.45732440', 'longitude': '-99.13998790'}, 'display': 'Lerdo 360, Ciudad de México, Ciudad de México, 06920, MX'}",-0600,True,MXN,16:00,11:00,"['bed_linens', 'blender', 'body_soap', 'carbon_monoxide_detector', 'cleaning_products', 'coffee', 'coffee_maker', 'cooking_basics', 'dining_table', 'dishes_and_silverware', 'dryer', 'elevator', 'essentials', 'freezer', 'free_parking', 'garden_or_backyard', 'hair_dryer', 'hangers', 'iron', 'kitchen', 'laundromat_nearby', 'long_term_stays_allowed', 'microwave', 'oven', 'patio', 'patio_or_belcony', 'playground', 'refrigerator', 'shampoo', 'smoke_detector', 'stove', 'tv', 'wardrobe_or_closet', 'washer', 'wine_glasses', 'wireless_internet']","{'max': 4, 'bedrooms': 2, 'beds': 2, 'bathrooms': 2}","[{'beds': [{'type': 'double_bed', 'quantity': 1}]}, {'beds': [{'type': 'double_bed', 'quantity': 1}]}]",apartment,Entire Home,[],"{'pets_allowed': False, 'smoking_allowed': False, 'events_allowed': False}",False,
167857cc-146d-4230-960d-32a3fd25121e,Monterrey 248,https://a0.muscache.com/im/pictures/miso/Hosting-1006897418160679090/original/b8d8fd6d-676a-45b2-9e35-19bd75edb376.jpeg?aki_policy=small,"{'street': 'Monterrey 248', 'city': 'Ciudad de México', 'state': 'Ciudad de México', 'postcode': '06760', 'country': 'MX', 'country_name': 'Mexico', 'coordinates': {'latitude': '19.41061560', 'longitude': '-99.16212630'}, 'display': 'Monterrey 248, Ciudad de México, Ciudad de México, 06760, MX'}",-0600,True,MXN,16:00,11:00,"['bed_linens', 'blender', 'body_soap', 'carbon_monoxide_detector', 'cleaning_products', 'coffee', 'coffee_maker', 'cooking_basics', 'dining_table', 'dishes_and_silverware', 'essentials', 'freezer', 'hair_dryer', 'hangers', 'hot_water', 'iron', 'kitchen', 'laundromat_nearby', 'long_term_stays_allowed', 'microwave', 'paid_parking', 'refrigerator', 'shampoo', 'stove', 'tv', 'wardrobe_or_closet', 'wine_glasses', 'wireless_internet']","{'max': 5, 'bedrooms': 2, 'beds': 3, 'bathrooms': 1}","[{'beds': [{'type': 'king_bed', 'quantity': 1}]}, {'beds': [{'type': 'single_bed', 'quantity': 2}]}]",apartment,Entire Home,[],"{'pets_allowed': False, 'smoking_allowed': False, 'events_allowed': False}",False,
c6e55d6d-fa7c-4976-879e-5debff04ce7f,Chihuahua 51/4,https://a0.muscache.com/im/pictures/miso/Hosting-1009738369227934247/original/61713346-61f5-44d0-aded-b30cc3ce8228.jpeg?aki_policy=small,"{'number': '3', 'street': 'Chihuahua 51', 'city': 'Ciudad de México', 'state': 'Ciudad de México', 'postcode': '06700', 'country': 'MX', 'country_name': 'Mexico', 'coordinates': {'latitude': '19.4182526', 'longitude': '-99.1567095'}, 'display': '3, Chihuahua 51, Ciudad de México, Ciudad de México, 06700, MX'}",-0600,True,MXN,16:00,11:00,"['blender', 'body_soap', 'carbon_monoxide_detector', 'cleaning_products', 'coffee', 'coffee_maker', 'conditioner', 'cooking_basics', 'dining_table', 'dishes_and_silverware', 'essentials', 'extra_pillows_and_blankets', 'hair_dryer', 'hangers', 'hot_water', 'iron', 'kitchen', 'microwave', 'oven', 'room_darkening_shades', 'shampoo', 'shower_gel', 'stove', 'tv', 'wardrobe_or_closet', 'wine_glasses', 'wireless_internet']","{'max': 6, 'bedrooms': 3, 'beds': 3, 'bathrooms': 1}","[{'beds': [{'type': 'double_bed', 'quantity': 1}]}, {'beds': [{'type': 'double_bed', 'quantity': 1}]}, {'beds': [{'type': 'sofa_bed', 'quantity': 1}]}]",apartment,Entire Home,[],"{'pets_allowed': False, 'smoking_allowed': False, 'events_allowed': False}",False,
3d49578d-0905-4f24-878e-7a36241066ce,Agrarismo 18/402,https://a0.muscache.com/im/pictures/miso/Hosting-1010470859327691101/original/4afd1991-82bf-4c92-8b9a-ec6087b72dc2.jpeg?aki_policy=small,"{'street': 'Calle Agrarismo 18', 'city': 'Ciudad de México', 'state': 'Ciudad de México', 'postcode': '11800', 'country': 'MX', 'country_name': 'Mexico', 'coordinates': {'latitude': '19.40280940', 'longitude': '-99.17166080'}, 'display': 'Calle Agrarismo 18, Ciudad de México, Ciudad de México, 11800, MX'}",-0600,True,MXN,16:00,11:00,"['bed_linens', 'body_soap', 'carbon_monoxide_detector', 'cleaning_products', 'coffee_maker', 'cooking_basics', 'dishes_and_silverware', 'dryer', 'essentials', 'ethernet_connection', 'freezer', 'free_parking', 'hair_dryer', 'hot_water', 'hot_water_kettle', 'iron', 'kitchen', 'laundromat_nearby', 'long_term_stays_allowed', 'microwave', 'oven', 'paid_parking', 'refrigerator', 'room_darkening_shades', 'shampoo', 'shower_gel', 'smoke_detector', 'street_parking', 'tv', 'wardrobe_or_closet', 'washer', 'wine_glasses', 'wireless_internet']","{'max': 4, 'bedrooms': 1, 'beds': 1, 'bathrooms': 1}","[{'beds': [{'type': 'king_bed', 'quantity': 1}]}]",apartment,Entire Home,[],"{'pets_allowed': False, 'smoking_allowed': False, 'events_allowed': False}",False,
c1254ba1-a9e7-4927-84f0-ddf416dc6ef8,Bolsena 22/2,https://a0.muscache.com/im/pictures/miso/Hosting-1024385422333944757/original/b1aaad82-cd59-4efb-aaef-719e5cf7ac0a.jpeg?aki_policy=small,"{'number': '2', 'street': 'Privada Lago Bolsena 22', 'city': 'Ciudad de México', 'state': 'Ciudad de México', 'postcode': '11460', 'country': 'MX', 'country_name': 'Mexico', 'coordinates': {'latitude': '19.44504440', 'longitude': '-99.18801380'}, 'display': '2, Privada Lago Bolsena 22, Ciudad de México, Ciudad de México, 11460, MX'}",-0600,True,MXN,16:00,11:00,"['ac', 'blender', 'body_soap', 'carbon_monoxide_detector', 'cleaning_products', 'coffee', 'coffee_maker', 'cooking_basics', 'dining_table', 'dishes_and_silverware', 'essentials', 'freezer', 'free_parking', 'hair_dryer', 'kitchen', 'laundromat_nearby', 'long_term_stays_allowed', 'microwave', 'patio', 'refrigerator', 'shampoo', 'smoke_detector', 'stove', 'tv', 'wine_glasses', 'wireless_internet']","{'max': 4, 'bedrooms': 2, 'beds': 2, 'bathrooms': 1}","[{'beds': [{'type': 'king_bed', 'quantity': 1}]}, {'beds': [{'type': 'queen_bed', 'quantity': 1}]}, {'beds': [{'type': 'couch_bed', 'quantity': 1}]}]",apartment,Entire Home,[],"{'pets_allowed': False, 'smoking_allowed': False, 'events_allowed': False}",False,
8fb06e4f-ca4a-403f-b5ca-14ae56aaa12a,Icon 1707,https://a0.muscache.com/im/pictures/miso/Hosting-1034362198768360572/original/0d5225ee-9124-485b-a8bc-5234889ff619.png?aki_policy=small,"{'number': '1707', 'street': 'Chicontepec 57', 'city': 'Ciudad de México', 'state': 'Ciudad de México', 'postcode': '06170', 'country': 'MX', 'country_name': 'Mexico', 'coordinates': {'latitude': '19.40973910', 'longitude': '-99.18072320'}, 'display': '1707, Chicontepec 57, Ciudad de México, Ciudad de México, 06170, MX'}",-0600,False,MXN,16:00,11:00,"['alfresco_dining', 'bbq_area', 'bed_linens', 'blender', 'body_soap', 'books', 'carbon_monoxide_detector', 'cleaning_products', 'coffee', 'coffee_maker', 'cooking_basics', 'crib', 'dining_table', 'dishes_and_silverware', 'dryer', 'elevator', 'essentials', 'ethernet_connection', 'exercise_equipment', 'extra_pillows_and_blankets', 'fire_pit', 'freezer', 'free_parking', 'garden_or_backyard', 'gym', 'hair_dryer', 'hangers', 'hot_water', 'iron', 'kitchen', 'laptop_friendly_workspace', 'laundromat_nearby', 'long_term_stays_allowed', 'microwave', 'outdoor_kitchen', 'outdoor_seating', 'oven', 'patio', 'patio_or_belcony', 'playground', 'pool', 'refrigerator', 'room_darkening_shades', 'shampoo', 'single_level_home', 'smoke_detector', 'sound_system', 'stove', 'sun_loungers', 'tv', 'wardrobe_or_closet', 'washer', 'window_guards', 'wine_glasses', 'wireless_internet']","{'max': 4, 'bedrooms': 2, 'beds': 2, 'bathrooms': 2}","[{'beds': [{'type': 'king_bed', 'quantity': 1}]}, {'beds': [{'type': 'queen_bed', 'quantity': 1}]}]",apartment,Entire Home,[],"{'pets_allowed': False, 'smoking_allowed': False, 'events_allowed': False}",False,
6cdfd710-1fe5-4173-b5d3-d71f0c7ab4b6,Tlaxcala 178/102,https://a0.muscache.com/im/pictures/miso/Hosting-1042955305667783433/original/816e8c79-226f-4e49-a12e-e315cad3c5d0.png?aki_policy=small,"{'street': 'Tlaxcala 178', 'city': 'Ciudad de México', 'state': 'Ciudad de México', 'postcode': '06100', 'country': 'MX', 'country_name': 'Mexico', 'coordinates': {'latitude': '19.40665010', 'longitude': '-99.16971390'}, 'display': 'Tlaxcala 178, Ciudad de México, Ciudad de México, 06100, MX'}",-0600,True,MXN,16:00,11:00,"['bed_linens', 'blender', 'body_soap', 'cleaning_products', 'coffee', 'coffee_maker', 'cooking_basics', 'dining_table', 'dishes_and_silverware', 'elevator', 'essentials', 'exercise_equipment', 'free_parking', 'garden_or_backyard', 'gym', 'hair_dryer', 'hangers', 'iron', 'kitchen', 'long_term_stays_allowed', 'microwave', 'oven', 'patio', 'refrigerator', 'room_darkening_shades', 'shampoo', 'stove', 'tv', 'wardrobe_or_closet', 'wine_glasses', 'wireless_internet']","{'max': 4, 'bedrooms': 1, 'beds': 1, 'bathrooms': 1}","[{'beds': [{'type': 'king_bed', 'quantity': 1}]}, {'beds': [{'type': 'couch_bed', 'quantity': 1}]}]",apartment,Entire Home,[],"{'pets_allowed': False, 'smoking_allowed': False, 'events_allowed': False}",False,
b822d581-e0c6-4bb8-952a-4b79bd30a0bc,San Luis Potosí 113A/102,https://a0.muscache.com/im/pictures/miso/Hosting-915464103965880830/original/fb705090-c628-441a-bc5a-647664bb8048.jpeg?aki_policy=small,"{'number': '102', 'street': 'San Luis Potosí 113', 'city': 'Ciudad de México', 'state': 'Ciudad de México', 'postcode': '06700', 'country': 'MX', 'country_name': 'Mexico', 'coordinates': {'latitude': '19.41398011', 'longitude': '-99.15951107'}, 'display': '102, San Luis Potosí 113, Ciudad de México, Ciudad de México, 06700, MX'}",-0600,False,MXN,16:00,11:00,"['baby_bath', 'baking_sheet', 'bed_linens', 'bidet', 'blender', 'board_games', 'body_soap', 'books', 'carbon_monoxide_detector', 'changing_table', 'childrens_books_and_toys', 'cleaning_before_checkout', 'cleaning_products', 'clothes_drying_rack', 'coffee', 'coffee_maker', 'conditioner', 'cooking_basics', 'dining_table', 'dishes_and_silverware', 'dryer', 'elevator', 'essentials', 'extra_pillows_and_blankets', 'first_aid_kit', 'freezer', 'free_parking', 'garden_or_backyard', 'hair_dryer', 'hangers', 'high_chair', 'hot_water', 'iron', 'kitchen', 'laptop_friendly_workspace', 'laundromat_nearby', 'long_term_stays_allowed', 'microwave', 'outdoor_seating', 'outlet_covers', 'oven', 'patio', 'private_entrance', 'refrigerator', 'room_darkening_shades', 'shampoo', 'shower_gel', 'smoke_detector', 'stair_gates', 'stove', 'toaster', 'tv', 'wardrobe_or_closet', 'washer', 'wine_glasses', 'wireless_internet']","{'max': 4, 'bedrooms': 2, 'beds': 2, 'bathrooms': 2}","[{'beds': [{'type': 'double_bed', 'quantity': 1}]}, {'beds': [{'type': 'double_bed', 'quantity': 1}]}]",condominium,Entire Home,[],"{'pets_allowed': True, 'smoking_allowed': False, 'events_allowed': False}",False,
9603b71f-dd93-4c64-a947-3fefba1afc03,Sinaloa 60/3,https://a0.muscache.com/im/pictures/miso/Hosting-1050328922246537331/original/5ff59888-efa2-4ebd-bc1b-46e7b664db1d.jpeg?aki_policy=small,"{'number': '3', 'street': 'Sinaloa 60-b', 'city': 'Ciudad de México', 'state': 'Ciudad de México', 'postcode': '06700', 'country': 'MX', 'country_name': 'Mexico', 'coordinates': {'latitude': '19.42066830', 'longitude': '-99.16648130'}, 'display': '3, Sinaloa 60-b, Ciudad de México, Ciudad de México, 06700, MX'}",-0600,True,MXN,16:00,11:00,"['bed_linens', 'body_soap', 'carbon_monoxide_detector', 'cleaning_before_checkout', 'cleaning_products', 'coffee', 'coffee_maker', 'cooking_basics', 'dishes_and_silverware', 'dryer', 'essentials', 'garden_or_backyard', 'hair_dryer', 'hangers', 'hot_water', 'kitchen', 'outdoor_seating', 'room_darkening_shades', 'shampoo', 'smoke_detector', 'stove', 'wardrobe_or_closet', 'washer', 'wine_glasses', 'wireless_internet']","{'max': 4, 'bedrooms': 0, 'beds': 1, 'bathrooms': 1}","[{'beds': [{'type': 'queen_bed', 'quantity': 1}]}]",apartment,Entire Home,[],"{'pets_allowed': True, 'smoking_allowed': False, 'events_allowed': False}",True,
6f06473f-bab1-49e2-b4c2-56f9eb27ea91,Sinaloa 60/4,https://a0.muscache.com/im/pictures/miso/Hosting-1050402337375378083/original/b70a3da1-3ba2-45f9-8ead-0c007c49ceef.jpeg?aki_policy=small,"{'number': 'Sinaloa 60 interior 4', 'street': 'Sinaloa 60', 'city': 'Ciudad de México', 'state': 'Ciudad de México', 'postcode': '06700', 'country': 'MX', 'country_name': 'Mexico', 'coordinates': {'latitude': '19.42083490', 'longitude': '-99.16648390'}, 'display': 'Sinaloa 60 interior 4, Sinaloa 60, Ciudad de México, Ciudad de México, 06700, MX'}",-0600,False,MXN,16:00,11:00,"['alfresco_dining', 'bed_linens', 'blender', 'body_soap', 'carbon_monoxide_detector', 'cleaning_products', 'coffee', 'coffee_maker', 'cooking_basics', 'dining_table', 'dishes_and_silverware', 'essentials', 'garden_or_backyard', 'hangers', 'hot_water', 'iron', 'kitchen', 'long_term_stays_allowed', 'microwave', 'refrigerator', 'room_darkening_shades', 'shampoo', 'smoke_detector', 'stove', 'tv', 'wardrobe_or_closet', 'washer', 'wine_glasses', 'wireless_internet']","{'max': 2, 'bedrooms': 1, 'beds': 1, 'bathrooms': 1}","[{'beds': [{'type': 'queen_bed', 'quantity': 1}]}]",apartment,Entire Home,[],"{'pets_allowed': False, 'smoking_allowed': False, 'events_allowed': False}",False,
854a9793-f71b-4333-9ef5-f85644578679,Sinaloa 60/1B,https://a0.muscache.com/im/pictures/miso/Hosting-1052560672003421841/original/4fc1b803-1eb6-4423-af73-01e06db542ce.jpeg?aki_policy=small,"{'number': 'Sinaloa 60-int 1B', 'street': 'Sinaloa 60', 'city': 'Ciudad de México', 'state': 'Ciudad de México', 'postcode': '06700', 'country': 'MX', 'country_name': 'Mexico', 'coordinates': {'latitude': '19.42083490', 'longitude': '-99.16648390'}, 'display': 'Sinaloa 60-int 1B, Sinaloa 60, Ciudad de México, Ciudad de México, 06700, MX'}",-0600,False,MXN,16:00,11:00,"['bed_linens', 'blender', 'body_soap', 'cleaning_before_checkout', 'cleaning_products', 'coffee', 'coffee_maker', 'cooking_basics', 'dining_table', 'dishes_and_silverware', 'essentials', 'hangers', 'hot_water', 'iron', 'kitchen', 'mini_fridge', 'smoke_detector', 'stove', 'tv', 'wardrobe_or_closet', 'washer', 'wine_glasses', 'wireless_internet']","{'max': 3, 'bedrooms': 1, 'beds': 1, 'bathrooms': 1}","[{'beds': [{'type': 'queen_bed', 'quantity': 1}]}]",apartment,Entire Home,[],"{'pets_allowed': False, 'smoking_allowed': False, 'events_allowed': False}",False,
a9cd7d79-364a-4d42-9971-c12d87c2f43d,Laplace 17,https://a0.muscache.com/im/pictures/miso/Hosting-790565173048865781/original/63fbcd7f-17ec-43b2-9660-5a39cf7c225e.jpeg?aki_policy=small,"{'street': 'Laplace 17', 'city': 'Ciudad de México', 'state': 'Ciudad de México', 'postcode': '11590', 'country': 'MX', 'country_name': 'Mexico', 'coordinates': {'latitude': '19.43500110', 'longitude': '-99.17933370'}, 'display': 'Laplace 17, Ciudad de México, Ciudad de México, 11590, MX'}",-0600,True,MXN,16:00,11:00,"['bbq_area', 'bed_linens', 'blender', 'board_games', 'body_soap', 'books', 'carbon_monoxide_detector', 'cleaning_before_checkout', 'cleaning_products', 'clothes_drying_rack', 'coffee', 'coffee_maker', 'conditioner', 'cooking_basics', 'dining_table', 'dishes_and_silverware', 'dryer', 'essentials', 'ethernet_connection', 'extra_pillows_and_blankets', 'fire_extinguisher', 'first_aid_kit', 'freezer', 'free_parking', 'garden_or_backyard', 'hair_dryer', 'hangers', 'hot_water', 'hot_water_kettle', 'iron', 'kitchen', 'kitchenette', 'laptop_friendly_workspace', 'long_term_stays_allowed', 'luggage_dropoff_allowed', 'microwave', 'outdoor_seating', 'oven', 'paid_parking', 'patio', 'patio_or_belcony', 'pocket_wifi', 'private_entrance', 'refrigerator', 'room_darkening_shades', 'shampoo', 'shower_gel', 'smoke_detector', 'sound_system', 'stove', 'sun_loungers', 'toaster', 'tv', 'wardrobe_or_closet', 'washer', 'wine_glasses', 'wireless_internet']","{'max': 14, 'bedrooms': 7, 'beds': 7, 'bathrooms': 8}","[{'beds': [{'type': 'queen_bed', 'quantity': 1}]}, {'beds': [{'type': 'queen_bed', 'quantity': 1}]}, {'beds': [{'type': 'queen_bed', 'quantity': 1}]}, {'beds': [{'type': 'queen_bed', 'quantity': 1}]}, {'beds': [{'type': 'double_bed', 'quantity': 1}]}, {'beds': [{'type': 'double_bed', 'quantity': 1}]}, {'beds': [{'type': 'double_bed', 'quantity': 1}]}]",house,Entire Home,[],"{'pets_allowed': True, 'smoking_allowed': False, 'events_allowed': False}",False,
722acddb-39de-4c25-a522-7f196a64064b,Álvaro Obregón 182/506,https://a0.muscache.com/im/pictures/airflow/Hosting-1055448444436230640/original/e0c57289-fd5c-4bb8-a7fd-61815da557a6.jpg?aki_policy=small,"{'number': '506', 'street': 'Av. Álvaro Obregón 182', 'city': 'Ciudad de México', 'state': 'Ciudad de México', 'postcode': '06700', 'country': 'MX', 'country_name': 'Mexico', 'coordinates': {'latitude': '19.41735750', 'longitude': '-99.16302790'}, 'display': '506, Av. Álvaro Obregón 182, Ciudad de México, Ciudad de México, 06700, MX'}",-0600,True,MXN,16:00,11:00,"['bed_linens', 'blender', 'body_soap', 'carbon_monoxide_detector', 'cleaning_products', 'coffee', 'coffee_maker', 'cooking_basics', 'dishes_and_silverware', 'elevator', 'essentials', 'freezer', 'hair_dryer', 'hangers', 'heating', 'hot_water', 'iron', 'kitchen', 'long_term_stays_allowed', 'microwave', 'portable_fans', 'refrigerator', 'smoke_detector', 'stove', 'tv', 'wardrobe_or_closet', 'wine_glasses', 'wireless_internet']","{'max': 2, 'bedrooms': 0, 'beds': 1, 'bathrooms': 1}","[{'beds': [{'type': 'queen_bed', 'quantity': 1}]}]",apartment,Entire Home,[],"{'pets_allowed': False, 'smoking_allowed': False, 'events_allowed': False}",False,
9678263a-3402-440a-be30-f2d433c0d515,Río Tiber 97/301,https://a0.muscache.com/im/pictures/miso/Hosting-1066597735757895221/original/92e1d937-4c94-41f5-96d7-3f07c1fdb1de.jpeg?aki_policy=small,"{'number': 'C. Rio Tiber 97/ 301, Col. Cuauhtémoc, Alc. Cuauhtémoc, C.P. 065', 'street': 'Calle Río Tiber 97', 'city': 'Ciudad de México', 'state': 'Ciudad de México', 'postcode': '06500', 'country': 'MX', 'country_name': 'Mexico', 'coordinates': {'latitude': '19.42914570', 'longitude': '-99.16907640'}, 'display': 'C. Rio Tiber 97/ 301, Col. Cuauhtémoc, Alc. Cuauhtémoc, C.P. 065, Calle Río Tiber 97, Ciudad de México, Ciudad de México, 06500, MX'}",-0600,True,MXN,16:00,11:00,"['alfresco_dining', 'bed_linens', 'blender', 'body_soap', 'carbon_monoxide_detector', 'cleaning_products', 'coffee', 'coffee_maker', 'cooking_basics', 'dining_table', 'dishes_and_silverware', 'essentials', 'freezer', 'free_parking', 'garden_or_backyard', 'hair_dryer', 'hangers', 'hot_water', 'iron', 'kitchen', 'laundromat_nearby', 'long_term_stays_allowed', 'microwave', 'nespresso_machine', 'oven', 'refrigerator', 'room_darkening_shades', 'shampoo', 'smoke_detector', 'stove', 'tv', 'wardrobe_or_closet', 'wine_glasses', 'wireless_internet']","{'max': 4, 'bedrooms': 2, 'beds': 2, 'bathrooms': 1}","[{'beds': [{'type': 'king_bed', 'quantity': 1}]}, {'beds': [{'type': 'double_bed', 'quantity': 1}]}]",apartment,Entire Home,[],"{'pets_allowed': False, 'smoking_allowed': False, 'events_allowed': False}",False,
406fe679-4f47-4bdb-949b-aed354f44a3b,Puerto Cancún 26,https://a0.muscache.com/im/pictures/miso/Hosting-1061934618793228377/original/3fce19d2-51b8-4aa8-b1eb-670efab505a4.jpeg?aki_policy=small,"{'number': 'casa 26', 'street': 'Boulevard Kukulcan 1', 'city': 'Cancún', 'state': 'Quintana Roo', 'postcode': '77500', 'country': 'MX', 'country_name': 'Mexico', 'coordinates': {'latitude': '21.15994731', 'longitude': '-86.80532377'}, 'display': 'casa 26, Boulevard Kukulcan 1, Cancún, Quintana Roo, 77500, MX'}",-0500,True,MXN,16:00,11:00,"['ac', 'beach_access', 'blender', 'body_soap', 'carbon_monoxide_detector', 'cleaning_products', 'coffee', 'coffee_maker', 'cooking_basics', 'dining_table', 'dishes_and_silverware', 'dryer', 'essentials', 'fire_extinguisher', 'first_aid_kit', 'freezer', 'free_parking', 'hair_dryer', 'hangers', 'hot_water', 'hot_water_kettle', 'iron', 'jacuzzi', 'kitchen', 'lake_access', 'microwave', 'oven', 'patio', 'refrigerator', 'room_darkening_shades', 'shampoo', 'smoke_detector', 'stove', 'tv', 'wardrobe_or_closet', 'washer', 'wine_glasses', 'wireless_internet']","{'max': 8, 'bedrooms': 5, 'beds': 5, 'bathrooms': 4}","[{'beds': [{'type': 'king_bed', 'quantity': 1}]}, {'beds': [{'type': 'king_bed', 'quantity': 1}]}, {'beds': [{'type': 'king_bed', 'quantity': 1}]}, {'beds': [{'type': 'king_bed', 'quantity': 1}]}, {'beds': [{'type': 'double_bed', 'quantity': 1}]}]",house,Entire Home,[],"{'pets_allowed': False, 'smoking_allowed': False, 'events_allowed': False}",True,
2db7592c-c5fa-47dd-a2b6-118948ac7eca,Tamán 101A,https://a0.muscache.com/im/pictures/miso/Hosting-1069677731405728052/original/b12643f2-7eb0-4631-b582-6828754b40ad.jpeg?aki_policy=small,"{'street': 'Alfonso Reyes 53', 'city': 'Ciudad de México', 'state': 'Ciudad de México', 'postcode': '06170', 'country': 'MX', 'country_name': 'Mexico', 'coordinates': {'latitude': '19.40992400', 'longitude': '-99.17982990'}, 'display': 'Alfonso Reyes 53, Ciudad de México, Ciudad de México, 06170, MX'}",-0600,True,MXN,16:00,11:00,"['alfresco_dining', 'arcade_machine', 'bed_linens', 'board_games', 'books', 'carbon_monoxide_detector', 'childrens_books_and_toys', 'cleaning_products', 'coffee_maker', 'cooking_basics', 'dining_table', 'dishes_and_silverware', 'dryer', 'elevator', 'essentials', 'exercise_equipment', 'fire_pit', 'freezer', 'free_parking', 'garden_or_backyard', 'gym', 'hair_dryer', 'hangers', 'hot_water', 'iron', 'kitchen', 'laptop_friendly_workspace', 'long_term_stays_allowed', 'microwave', 'outdoor_seating', 'oven', 'patio', 'patio_or_belcony', 'pool', 'refrigerator', 'room_darkening_shades', 'shampoo', 'shower_gel', 'single_level_home', 'smoke_detector', 'street_parking', 'tv', 'wardrobe_or_closet', 'washer', 'wine_glasses', 'wireless_internet']","{'max': 4, 'bedrooms': 2, 'beds': 2, 'bathrooms': 2}","[{'beds': [{'type': 'king_bed', 'quantity': 1}]}, {'beds': [{'type': 'double_bed', 'quantity': 1}]}]",apartment,Entire Home,[],"{'pets_allowed': False, 'smoking_allowed': False, 'events_allowed': False}",False,
b505b191-1f28-4fe6-98c5-44d4b2624d74,Tamán 301A,https://a0.muscache.com/im/pictures/miso/Hosting-1069677731405728052/original/17346c07-f741-4972-9d75-f8958838e7f5.png?aki_policy=small,"{'street': 'Alfonso Reyes 53', 'city': 'Ciudad de México', 'state': 'Ciudad de México', 'postcode': '06170', 'country': 'MX', 'country_name': 'Mexico', 'coordinates': {'latitude': '19.40992400', 'longitude': '-99.17982990'}, 'display': 'Alfonso Reyes 53, Ciudad de México, Ciudad de México, 06170, MX'}",-0600,True,MXN,16:00,11:00,"['alfresco_dining', 'arcade_machine', 'bed_linens', 'board_games', 'books', 'carbon_monoxide_detector', 'childrens_books_and_toys', 'cleaning_products', 'coffee_maker', 'cooking_basics', 'dining_table', 'dishes_and_silverware', 'dryer', 'elevator', 'essentials', 'exercise_equipment', 'fire_pit', 'freezer', 'free_parking', 'garden_or_backyard', 'gym', 'hair_dryer', 'hangers', 'hot_water', 'iron', 'kitchen', 'laptop_friendly_workspace', 'long_term_stays_allowed', 'microwave', 'outdoor_seating', 'oven', 'patio', 'patio_or_belcony', 'pool', 'refrigerator', 'room_darkening_shades', 'shampoo', 'shower_gel', 'single_level_home', 'smoke_detector', 'street_parking', 'tv', 'wardrobe_or_closet', 'washer', 'wine_glasses', 'wireless_internet']","{'max': 4, 'bedrooms': 2, 'beds': 2, 'bathrooms': 2}","[{'beds': [{'type': 'king_bed', 'quantity': 1}]}, {'beds': [{'type': 'double_bed', 'quantity': 1}]}]",apartment,Entire Home,[],"{'pets_allowed': False, 'smoking_allowed': False, 'events_allowed': False}",False,
9b9e35bc-4ba4-483a-beea-4ff70b55544c,Tamán 702A,https://a0.muscache.com/im/pictures/miso/Hosting-1069677731405728052/original/1abe2dbf-393b-410e-917e-73e6982c04dd.jpeg?aki_policy=small,"{'street': 'Alfonso Reyes 53', 'city': 'Ciudad de México', 'state': 'Ciudad de México', 'postcode': '06170', 'country': 'MX', 'country_name': 'Mexico', 'coordinates': {'latitude': '19.40992400', 'longitude': '-99.17982990'}, 'display': 'Alfonso Reyes 53, Ciudad de México, Ciudad de México, 06170, MX'}",-0600,True,MXN,16:00,11:00,"['alfresco_dining', 'arcade_machine', 'bed_linens', 'board_games', 'books', 'carbon_monoxide_detector', 'childrens_books_and_toys', 'cleaning_products', 'coffee', 'coffee_maker', 'cooking_basics', 'dining_table', 'dishes_and_silverware', 'dryer', 'elevator', 'essentials', 'exercise_equipment', 'fire_pit', 'freezer', 'free_parking', 'garden_or_backyard', 'gym', 'hair_dryer', 'hangers', 'hot_water', 'iron', 'kitchen', 'laptop_friendly_workspace', 'long_term_stays_allowed', 'microwave', 'outdoor_seating', 'oven', 'patio', 'patio_or_belcony', 'pool', 'refrigerator', 'room_darkening_shades', 'shampoo', 'shower_gel', 'single_level_home', 'smoke_detector', 'stove', 'street_parking', 'tv', 'wardrobe_or_closet', 'washer', 'wine_glasses', 'wireless_internet']","{'max': 4, 'bedrooms': 2, 'beds': 2, 'bathrooms': 2}","[{'beds': [{'type': 'king_bed', 'quantity': 1}]}, {'beds': [{'type': 'double_bed', 'quantity': 1}]}]",apartment,Entire Home,[],"{'pets_allowed': False, 'smoking_allowed': False, 'events_allowed': False}",False,
c15f2d35-f976-4657-ac2d-a46b6fce9e67,Tamán 801A,https://a0.muscache.com/im/pictures/miso/Hosting-1069677731405728052/original/ba338361-9b8d-4024-8671-93acf0dbccc1.jpeg?aki_policy=small,"{'street': 'Alfonso Reyes 53', 'city': 'Ciudad de México', 'state': 'Ciudad de México', 'postcode': '06170', 'country': 'MX', 'country_name': 'Mexico', 'coordinates': {'latitude': '19.40992400', 'longitude': '-99.17982990'}, 'display': 'Alfonso Reyes 53, Ciudad de México, Ciudad de México, 06170, MX'}",-0600,True,MXN,16:00,11:00,"['alfresco_dining', 'arcade_machine', 'bed_linens', 'board_games', 'books', 'carbon_monoxide_detector', 'childrens_books_and_toys', 'cleaning_products', 'coffee_maker', 'cooking_basics', 'dining_table', 'dishes_and_silverware', 'dryer', 'elevator', 'essentials', 'exercise_equipment', 'fire_pit', 'freezer', 'free_parking', 'garden_or_backyard', 'gym', 'hair_dryer', 'hangers', 'hot_water', 'iron', 'kitchen', 'laptop_friendly_workspace', 'long_term_stays_allowed', 'microwave', 'outdoor_seating', 'oven', 'patio', 'patio_or_belcony', 'pool', 'refrigerator', 'room_darkening_shades', 'shampoo', 'shower_gel', 'single_level_home', 'smoke_detector', 'street_parking', 'tv', 'wardrobe_or_closet', 'washer', 'wine_glasses', 'wireless_internet']","{'max': 4, 'bedrooms': 2, 'beds': 2, 'bathrooms': 2}","[{'beds': [{'type': 'queen_bed', 'quantity': 1}]}, {'beds': [{'type': 'king_bed', 'quantity': 1}]}]",apartment,Entire Home,[],"{'pets_allowed': False, 'smoking_allowed': False, 'events_allowed': False}",False,
57c36343-88aa-48e9-96a0-21bb68437f0b,Tamán 705A,https://a0.muscache.com/im/pictures/miso/Hosting-1069677731405728052/original/17346c07-f741-4972-9d75-f8958838e7f5.png?aki_policy=small,"{'street': 'Alfonso Reyes 53', 'city': 'Ciudad de México', 'state': 'Ciudad de México', 'postcode': '06170', 'country': 'MX', 'country_name': 'Mexico', 'coordinates': {'latitude': '19.40992400', 'longitude': '-99.17982990'}, 'display': 'Alfonso Reyes 53, Ciudad de México, Ciudad de México, 06170, MX'}",-0600,True,MXN,16:00,11:00,"['alfresco_dining', 'arcade_machine', 'bed_linens', 'board_games', 'books', 'carbon_monoxide_detector', 'childrens_books_and_toys', 'cleaning_products', 'coffee_maker', 'cooking_basics', 'dining_table', 'dishes_and_silverware', 'dryer', 'elevator', 'essentials', 'exercise_equipment', 'fire_pit', 'freezer', 'free_parking', 'garden_or_backyard', 'gym', 'hair_dryer', 'hangers', 'hot_water', 'iron', 'kitchen', 'laptop_friendly_workspace', 'long_term_stays_allowed', 'microwave', 'outdoor_seating', 'oven', 'patio', 'patio_or_belcony', 'pool', 'refrigerator', 'room_darkening_shades', 'shampoo', 'shower_gel', 'single_level_home', 'smoke_detector', 'street_parking', 'tv', 'wardrobe_or_closet', 'washer', 'wine_glasses', 'wireless_internet']","{'max': 3, 'bedrooms': 2, 'beds': 2, 'bathrooms': 2}","[{'beds': [{'type': 'double_bed', 'quantity': 1}]}, {'beds': [{'type': 'single_bed', 'quantity': 1}]}]",apartment,Entire Home,[],"{'pets_allowed': False, 'smoking_allowed': False, 'events_allowed': False}",False,
d574c7ca-8c36-459e-b6ca-56976364d47a,Tamán 201A,https://a0.muscache.com/im/pictures/hosting/Hosting-U3RheVN1cHBseUxpc3Rpbmc6MTA2OTk3MTYyNjcwMTQ4OTgzOA%3D%3D/original/d8292f1b-0cde-4700-a1ab-2d571bb6f50b.jpeg?aki_policy=small,"{'street': 'Alfonso Reyes 53', 'city': 'Ciudad de México', 'state': 'Ciudad de México', 'postcode': '06170', 'country': 'MX', 'country_name': 'Mexico', 'coordinates': {'latitude': '19.40992400', 'longitude': '-99.17982990'}, 'display': 'Alfonso Reyes 53, Ciudad de México, Ciudad de México, 06170, MX'}",-0600,True,MXN,16:00,11:00,"['alfresco_dining', 'arcade_machine', 'bed_linens', 'board_games', 'books', 'carbon_monoxide_detector', 'childrens_books_and_toys', 'cleaning_products', 'coffee_maker', 'cooking_basics', 'dining_table', 'dishes_and_silverware', 'dryer', 'elevator', 'essentials', 'exercise_equipment', 'fire_pit', 'freezer', 'free_parking', 'garden_or_backyard', 'gym', 'hair_dryer', 'hangers', 'hot_water', 'iron', 'kitchen', 'laptop_friendly_workspace', 'long_term_stays_allowed', 'microwave', 'outdoor_seating', 'oven', 'patio', 'patio_or_belcony', 'pool', 'refrigerator', 'room_darkening_shades', 'shampoo', 'shower_gel', 'single_level_home', 'smoke_detector', 'street_parking', 'tv', 'wardrobe_or_closet', 'washer', 'wine_glasses', 'wireless_internet']","{'max': 4, 'bedrooms': 2, 'beds': 2, 'bathrooms': 2}","[{'beds': [{'type': 'king_bed', 'quantity': 1}]}, {'beds': [{'type': 'double_bed', 'quantity': 1}]}]",apartment,Entire Home,[],"{'pets_allowed': False, 'smoking_allowed': False, 'events_allowed': False}",False,
4ee6a174-feb6-4d2c-bba2-45df62b0be07,Tamán 1208A,https://a0.muscache.com/im/pictures/miso/Hosting-1069981302025889597/original/0e528483-fab9-4318-bb11-73bacb47d975.jpeg?aki_policy=small,"{'street': 'Alfonso Reyes 53', 'city': 'Ciudad de México', 'state': 'Ciudad de México', 'postcode': '06170', 'country': 'MX', 'country_name': 'Mexico', 'coordinates': {'latitude': '19.40992400', 'longitude': '-99.17982990'}, 'display': 'Alfonso Reyes 53, Ciudad de México, Ciudad de México, 06170, MX'}",-0600,True,MXN,16:00,11:00,"['alfresco_dining', 'arcade_machine', 'bed_linens', 'board_games', 'books', 'carbon_monoxide_detector', 'childrens_books_and_toys', 'cleaning_products', 'coffee_maker', 'cooking_basics', 'dining_table', 'dishes_and_silverware', 'dryer', 'elevator', 'essentials', 'exercise_equipment', 'fire_pit', 'freezer', 'free_parking', 'garden_or_backyard', 'gym', 'hair_dryer', 'hangers', 'hot_water', 'iron', 'kitchen', 'laptop_friendly_workspace', 'long_term_stays_allowed', 'microwave', 'outdoor_seating', 'oven', 'patio', 'patio_or_belcony', 'pool', 'refrigerator', 'room_darkening_shades', 'shampoo', 'shower_gel', 'single_level_home', 'smoke_detector', 'street_parking', 'tv', 'wardrobe_or_closet', 'washer', 'wine_glasses', 'wireless_internet']","{'max': 3, 'bedrooms': 2, 'beds': 2, 'bathrooms': 2}","[{'beds': [{'type': 'king_bed', 'quantity': 1}]}, {'beds': [{'type': 'single_bed', 'quantity': 1}]}]",apartment,Entire Home,[],"{'pets_allowed': False, 'smoking_allowed': False, 'events_allowed': False}",False,
56321745-7a3f-4b5b-8c65-d274405903f3,Tamán 208A,https://a0.muscache.com/im/pictures/hosting/Hosting-U3RheVN1cHBseUxpc3Rpbmc6MTA2OTk4OTAwODcwMjQxMjUzNg%3D%3D/original/53914d47-277c-4422-8e50-d65515cc2a64.jpeg?aki_policy=small,"{'street': 'Alfonso Reyes 53', 'city': 'Ciudad de México', 'state': 'Ciudad de México', 'postcode': '06170', 'country': 'MX', 'country_name': 'Mexico', 'coordinates': {'latitude': '19.40992400', 'longitude': '-99.17982990'}, 'display': 'Alfonso Reyes 53, Ciudad de México, Ciudad de México, 06170, MX'}",-0600,True,MXN,16:00,11:00,"['alfresco_dining', 'arcade_machine', 'bed_linens', 'board_games', 'books', 'carbon_monoxide_detector', 'childrens_books_and_toys', 'cleaning_products', 'coffee_maker', 'cooking_basics', 'dining_table', 'dishes_and_silverware', 'dryer', 'elevator', 'essentials', 'exercise_equipment', 'fire_pit', 'freezer', 'free_parking', 'garden_or_backyard', 'gym', 'hair_dryer', 'hangers', 'hot_water', 'iron', 'kitchen', 'laptop_friendly_workspace', 'long_term_stays_allowed', 'microwave', 'outdoor_seating', 'oven', 'patio', 'patio_or_belcony', 'pool', 'refrigerator', 'room_darkening_shades', 'shampoo', 'shower_gel', 'single_level_home', 'smoke_detector', 'street_parking', 'tv', 'wardrobe_or_closet', 'washer', 'wine_glasses', 'wireless_internet']","{'max': 3, 'bedrooms': 2, 'beds': 2, 'bathrooms': 2}","[{'beds': [{'type': 'king_bed', 'quantity': 1}]}, {'beds': [{'type': 'single_bed', 'quantity': 1}]}]",apartment,Entire Home,[],"{'pets_allowed': False, 'smoking_allowed': False, 'events_allowed': False}",False,
9fb60d90-0cb5-403a-915c-096dd249f252,Tamán 505A,https://a0.muscache.com/im/pictures/miso/Hosting-1069996315851705953/original/816115ed-909c-4b2e-8745-7ba091f3c9bf.png?aki_policy=small,"{'street': 'Alfonso Reyes 53', 'city': 'Ciudad de México', 'state': 'Ciudad de México', 'postcode': '06170', 'country': 'MX', 'country_name': 'Mexico', 'coordinates': {'latitude': '19.40992400', 'longitude': '-99.17982990'}, 'display': 'Alfonso Reyes 53, Ciudad de México, Ciudad de México, 06170, MX'}",-0600,True,MXN,16:00,11:00,"['alfresco_dining', 'arcade_machine', 'bed_linens', 'board_games', 'books', 'carbon_monoxide_detector', 'childrens_books_and_toys', 'cleaning_products', 'coffee_maker', 'cooking_basics', 'dining_table', 'dishes_and_silverware', 'dryer', 'elevator', 'essentials', 'exercise_equipment', 'fire_pit', 'freezer', 'free_parking', 'garden_or_backyard', 'gym', 'hair_dryer', 'hangers', 'hot_water', 'iron', 'kitchen', 'laptop_friendly_workspace', 'long_term_stays_allowed', 'microwave', 'outdoor_seating', 'oven', 'patio', 'patio_or_belcony', 'pool', 'refrigerator', 'room_darkening_shades', 'shampoo', 'shower_gel', 'single_level_home', 'smoke_detector', 'street_parking', 'tv', 'wardrobe_or_closet', 'washer', 'wine_glasses', 'wireless_internet']","{'max': 3, 'bedrooms': 2, 'beds': 2, 'bathrooms': 2}","[{'beds': [{'type': 'queen_bed', 'quantity': 1}]}, {'beds': [{'type': 'single_bed', 'quantity': 1}]}]",apartment,Entire Home,[],"{'pets_allowed': False, 'smoking_allowed': False, 'events_allowed': False}",False,
6c6125b0-ee27-4b1d-9c6d-d27e16308330,Tamán 802A,https://a0.muscache.com/im/pictures/miso/Hosting-1069677731405728052/original/9cd7dec5-82d3-4a81-95fe-d25cc4dea752.png?aki_policy=small,"{'street': 'Alfonso Reyes 53', 'city': 'Ciudad de México', 'state': 'Ciudad de México', 'postcode': '06170', 'country': 'MX', 'country_name': 'Mexico', 'coordinates': {'latitude': '19.40992400', 'longitude': '-99.17982990'}, 'display': 'Alfonso Reyes 53, Ciudad de México, Ciudad de México, 06170, MX'}",-0600,False,MXN,16:00,11:00,"['alfresco_dining', 'arcade_machine', 'bed_linens', 'board_games', 'books', 'carbon_monoxide_detector', 'childrens_books_and_toys', 'cleaning_products', 'coffee_maker', 'cooking_basics', 'dining_table', 'dishes_and_silverware', 'dryer', 'elevator', 'essentials', 'exercise_equipment', 'fire_pit', 'freezer', 'free_parking', 'garden_or_backyard', 'gym', 'hair_dryer', 'hangers', 'hot_water', 'iron', 'kitchen', 'laptop_friendly_workspace', 'long_term_stays_allowed', 'microwave', 'outdoor_seating', 'oven', 'patio', 'patio_or_belcony', 'pool', 'refrigerator', 'room_darkening_shades', 'shampoo', 'shower_gel', 'single_level_home', 'smoke_detector', 'street_parking', 'tv', 'wardrobe_or_closet', 'washer', 'wine_glasses', 'wireless_internet']","{'max': 4, 'bedrooms': 2, 'beds': 2, 'bathrooms': 2}","[{'beds': [{'type': 'double_bed', 'quantity': 1}]}, {'beds': [{'type': 'double_bed', 'quantity': 1}]}]",apartment,Entire Home,[],"{'pets_allowed': False, 'smoking_allowed': False, 'events_allowed': False}",False,
e02d2c2c-9768-4093-bc53-bf0b942a6ef1,Tamán 1402A,https://a0.muscache.com/im/pictures/miso/Hosting-1069677731405728052/original/5f114d18-2355-46ec-8a11-ed2a27a8754e.png?aki_policy=small,"{'number': '1402A', 'street': 'Alfonso Reyes 53', 'city': 'Ciudad de México', 'state': 'Ciudad de México', 'postcode': '06170', 'country': 'MX', 'country_name': 'Mexico', 'coordinates': {'latitude': '19.40992400', 'longitude': '-99.17982990'}, 'display': '1402A, Alfonso Reyes 53, Ciudad de México, Ciudad de México, 06170, MX'}",-0600,True,MXN,16:00,11:00,"['alfresco_dining', 'arcade_machine', 'bed_linens', 'board_games', 'books', 'carbon_monoxide_detector', 'childrens_books_and_toys', 'cleaning_products', 'coffee_maker', 'cooking_basics', 'dining_table', 'dishes_and_silverware', 'dryer', 'elevator', 'essentials', 'exercise_equipment', 'fire_pit', 'freezer', 'free_parking', 'garden_or_backyard', 'gym', 'hair_dryer', 'hangers', 'hot_water', 'iron', 'kitchen', 'laptop_friendly_workspace', 'long_term_stays_allowed', 'microwave', 'outdoor_seating', 'oven', 'patio', 'patio_or_belcony', 'pool', 'refrigerator', 'room_darkening_shades', 'shampoo', 'shower_gel', 'single_level_home', 'smoke_detector', 'street_parking', 'tv', 'wardrobe_or_closet', 'washer', 'wine_glasses', 'wireless_internet']","{'max': 4, 'bedrooms': 2, 'beds': 2, 'bathrooms': 2}","[{'beds': [{'type': 'king_bed', 'quantity': 1}]}, {'beds': [{'type': 'double_bed', 'quantity': 1}]}]",apartment,Entire Home,[],"{'pets_allowed': False, 'smoking_allowed': False, 'events_allowed': False}",False,
d0cd5845-2bba-4f3d-9683-72032e655b4c,Sinaloa 200/3,https://a0.muscache.com/im/pictures/miso/Hosting-1071299106717242892/original/7021fba4-b17c-48b5-98b1-d0c737c42283.jpeg?aki_policy=small,"{'street': 'Sinaloa 200 int 3', 'city': 'Mexico City', 'state': 'Mexico City', 'postcode': '06700', 'country': 'MX', 'country_name': 'Mexico', 'coordinates': {'latitude': '19.42059896', 'longitude': '-99.16801743'}, 'display': 'Sinaloa 200 int 3, Mexico City, Mexico City, 06700, MX'}",-0600,False,MXN,16:00,11:00,"['bed_linens', 'blender', 'body_soap', 'cleaning_products', 'coffee', 'coffee_maker', 'cooking_basics', 'dining_table', 'dishes_and_silverware', 'dryer', 'elevator', 'essentials', 'freezer', 'free_parking', 'hangers', 'hot_water', 'iron', 'kitchen', 'long_term_stays_allowed', 'microwave', 'oven', 'refrigerator', 'room_darkening_shades', 'shampoo', 'stove', 'tv', 'wardrobe_or_closet', 'washer', 'wine_glasses', 'wireless_internet']","{'max': 4, 'bedrooms': 2, 'beds': 2, 'bathrooms': 2}","[{'beds': [{'type': 'queen_bed', 'quantity': 1}]}, {'beds': [{'type': 'double_bed', 'quantity': 1}]}]",apartment,Entire Home,[],"{'pets_allowed': False, 'smoking_allowed': False, 'events_allowed': False}",False,
4f1b0f77-9a79-424d-b030-b527382509e5,Table 402,https://a0.muscache.com/im/pictures/airflow/Hosting-1071587614122884391/original/0e228173-f0f2-4ca0-a00e-840f34769604.jpg?aki_policy=small,"{'number': '402', 'street': 'Antonio Enríquez Savignac', 'city': 'Cancún', 'state': 'Quintana Roo', 'postcode': '77500', 'country': 'MX', 'country_name': 'Mexico', 'coordinates': {'latitude': '21.15358430', 'longitude': '-86.81949780'}, 'display': '402, Antonio Enríquez Savignac, Cancún, Quintana Roo, 77500, MX'}",-0500,True,MXN,16:00,11:00,"['ac', 'alfresco_dining', 'bed_linens', 'blender', 'body_soap', 'carbon_monoxide_detector', 'cleaning_products', 'coffee_maker', 'cooking_basics', 'dining_table', 'dishes_and_silverware', 'dryer', 'elevator', 'essentials', 'free_parking', 'garden_or_backyard', 'hair_dryer', 'hangers', 'hot_water', 'iron', 'jacuzzi', 'kitchen', 'long_term_stays_allowed', 'outdoor_seating', 'patio', 'patio_or_belcony', 'pool', 'refrigerator', 'resort_access', 'room_darkening_shades', 'shampoo', 'shower_gel', 'sun_loungers', 'tv', 'wardrobe_or_closet', 'washer', 'wireless_internet']","{'max': 6, 'bedrooms': 2, 'beds': 5, 'bathrooms': 2}","[{'beds': [{'type': 'king_bed', 'quantity': 1}]}, {'beds': [{'type': 'double_bed', 'quantity': 2}]}, {'beds': [{'type': 'sofa_bed', 'quantity': 2}]}]",apartment,Entire Home,[],"{'pets_allowed': False, 'smoking_allowed': False, 'events_allowed': False}",False,
32232e1f-2c52-4fec-b521-79064699590f,Hamburgo 37/402,https://a0.muscache.com/im/pictures/airflow/Hosting-1073525115789315189/original/618111a9-9d82-4dcc-930a-c17e2dd08ee9.jpg?aki_policy=small,"{'number': 'int 402', 'street': 'Hamburgo 37', 'city': 'Ciudad de México', 'state': 'Ciudad de México', 'postcode': '06600', 'country': 'MX', 'country_name': 'Mexico', 'coordinates': {'latitude': '19.42857940', 'longitude': '-99.16025330'}, 'display': 'int 402, Hamburgo 37, Ciudad de México, Ciudad de México, 06600, MX'}",-0600,True,MXN,16:00,11:00,"['bed_linens', 'blender', 'body_soap', 'carbon_monoxide_detector', 'cleaning_products', 'coffee', 'coffee_maker', 'cooking_basics', 'dining_table', 'dishes_and_silverware', 'elevator', 'essentials', 'freezer', 'free_parking', 'hair_dryer', 'hangers', 'hot_water', 'iron', 'kitchen', 'long_term_stays_allowed', 'microwave', 'oven', 'refrigerator', 'shampoo', 'stove', 'tv', 'wardrobe_or_closet', 'washer', 'wine_glasses', 'wireless_internet']","{'max': 6, 'bedrooms': 3, 'beds': 3, 'bathrooms': 2}","[{'beds': [{'type': 'double_bed', 'quantity': 1}]}, {'beds': [{'type': 'double_bed', 'quantity': 1}]}, {'beds': [{'type': 'double_bed', 'quantity': 1}]}]",apartment,Entire Home,[],"{'pets_allowed': False, 'smoking_allowed': False, 'events_allowed': False}",False,
3896df8b-eb15-4a6d-a23d-7cb990a13113,Carolina 50/603,https://a0.muscache.com/im/pictures/airflow/Hosting-1077145087443101361/original/f0d912f0-19eb-4668-b50b-5fa1af7a7241.jpg?aki_policy=small,"{'street': 'Carolina 50', 'city': 'Ciudad de México', 'state': 'Ciudad de México', 'postcode': '03840', 'country': 'MX', 'country_name': 'Mexico', 'coordinates': {'latitude': '19.38576300', 'longitude': '-99.18004290'}, 'display': 'Carolina 50, Ciudad de México, Ciudad de México, 03840, MX'}",-0600,True,MXN,16:00,11:00,"['bed_linens', 'blender', 'body_soap', 'carbon_monoxide_detector', 'cleaning_before_checkout', 'cleaning_products', 'coffee', 'coffee_maker', 'cooking_basics', 'dining_table', 'dishes_and_silverware', 'dryer', 'elevator', 'essentials', 'free_parking', 'hair_dryer', 'hangers', 'hot_water', 'iron', 'kitchen', 'microwave', 'oven', 'patio_or_belcony', 'refrigerator', 'room_darkening_shades', 'stove', 'tv', 'washer', 'wine_glasses', 'wireless_internet']","{'max': 4, 'bedrooms': 2, 'beds': 2, 'bathrooms': 2}","[{'beds': [{'type': 'queen_bed', 'quantity': 1}]}, {'beds': [{'type': 'queen_bed', 'quantity': 1}]}]",apartment,Entire Home,[],"{'pets_allowed': False, 'smoking_allowed': False, 'events_allowed': False}",False,
5a5e3bbf-b4cf-438a-8ee5-6f9823844bcf,Álvaro Obregón 182/306,https://a0.muscache.com/im/pictures/miso/Hosting-1078897433088877248/original/d7d87b57-09d2-4409-a47d-1114faac8050.jpeg?aki_policy=small,"{'number': '307', 'street': 'Av. Álvaro Obregón 182', 'city': 'Ciudad de México', 'state': 'Ciudad de México', 'postcode': '06700', 'country': 'MX', 'country_name': 'Mexico', 'coordinates': {'latitude': '19.41735750', 'longitude': '-99.16302790'}, 'display': '307, Av. Álvaro Obregón 182, Ciudad de México, Ciudad de México, 06700, MX'}",-0600,True,MXN,16:00,11:00,"['bed_linens', 'blender', 'body_soap', 'carbon_monoxide_detector', 'cleaning_products', 'coffee', 'coffee_maker', 'cooking_basics', 'dining_table', 'dishes_and_silverware', 'essentials', 'freezer', 'hair_dryer', 'hot_water', 'iron', 'kitchen', 'kitchenette', 'laptop_friendly_workspace', 'laundromat_nearby', 'long_term_stays_allowed', 'microwave', 'paid_parking', 'patio_or_belcony', 'refrigerator', 'room_darkening_shades', 'shampoo', 'single_level_home', 'smoke_detector', 'stove', 'tv', 'wardrobe_or_closet', 'window_guards', 'wine_glasses', 'wireless_internet']","{'max': 2, 'bedrooms': 1, 'beds': 1, 'bathrooms': 1}","[{'beds': [{'type': 'queen_bed', 'quantity': 1}]}]",apartment,Entire Home,[],"{'pets_allowed': False, 'smoking_allowed': False, 'events_allowed': False}",False,
d6013d76-b939-4b85-aefb-2525903ba914,Eugenia 18/101,https://a0.muscache.com/im/pictures/miso/Hosting-1080269204645477201/original/60652052-fe63-4195-a297-3b2eff1d66ef.jpeg?aki_policy=small,"{'number': '101', 'street': 'Cerrada Eugenia 18', 'city': 'Ciudad de México', 'state': 'Ciudad de México', 'postcode': '03100', 'country': 'MX', 'country_name': 'Mexico', 'coordinates': {'latitude': '19.38875330', 'longitude': '-99.16583250'}, 'display': '101, Cerrada Eugenia 18, Ciudad de México, Ciudad de México, 03100, MX'}",-0600,True,MXN,16:00,11:00,"['bed_linens', 'blender', 'body_soap', 'carbon_monoxide_detector', 'cleaning_products', 'coffee', 'coffee_maker', 'cooking_basics', 'dining_table', 'dishes_and_silverware', 'dryer', 'essentials', 'freezer', 'free_parking', 'hair_dryer', 'hangers', 'heating', 'hot_water', 'iron', 'kitchen', 'laundromat_nearby', 'long_term_stays_allowed', 'microwave', 'oven', 'patio_or_belcony', 'portable_fans', 'refrigerator', 'room_darkening_shades', 'shampoo', 'single_level_home', 'smoke_detector', 'stove', 'tv', 'wardrobe_or_closet', 'washer', 'wine_glasses', 'wireless_internet']","{'max': 5, 'bedrooms': 2, 'beds': 3, 'bathrooms': 2}","[{'beds': [{'type': 'double_bed', 'quantity': 1}]}, {'beds': [{'type': 'double_bed', 'quantity': 1}]}, {'beds': [{'type': 'sofa_bed', 'quantity': 1}]}]",apartment,Entire Home,[],"{'pets_allowed': False, 'smoking_allowed': False, 'events_allowed': False}",False,
80245155-1a38-485c-bc12-6da1414e95e0,Bioparque 1505,https://a0.muscache.com/im/pictures/miso/Hosting-1080298807596015243/original/96cc9ebc-e29b-4d82-9b70-e93e4125bb39.jpeg?aki_policy=small,"{'number': 'piso 15 dep 1505', 'street': 'Privada Torres Bioparque 254', 'city': 'Ciudad de México', 'state': 'Ciudad de México', 'postcode': '01180', 'country': 'MX', 'country_name': 'Mexico', 'coordinates': {'latitude': '19.38762490', 'longitude': '-99.19574290'}, 'display': 'piso 15 dep 1505, Privada Torres Bioparque 254, Ciudad de México, Ciudad de México, 01180, MX'}",-0600,True,MXN,16:00,11:00,"['alfresco_dining', 'bed_linens', 'blender', 'body_soap', 'carbon_monoxide_detector', 'cleaning_products', 'coffee_maker', 'cooking_basics', 'dining_table', 'dishes_and_silverware', 'dryer', 'elevator', 'essentials', 'fire_extinguisher', 'fire_pit', 'first_aid_kit', 'freezer', 'free_parking', 'garden_or_backyard', 'hot_water', 'kitchen', 'laptop_friendly_workspace', 'laundromat_nearby', 'long_term_stays_allowed', 'microwave', 'outdoor_seating', 'oven', 'patio_or_belcony', 'refrigerator', 'shampoo', 'single_level_home', 'smoke_detector', 'stove', 'sun_loungers', 'tv', 'wardrobe_or_closet', 'washer', 'wireless_internet']","{'max': 4, 'bedrooms': 2, 'beds': 3, 'bathrooms': 2}","[{'beds': [{'type': 'double_bed', 'quantity': 1}]}, {'beds': [{'type': 'single_bed', 'quantity': 2}]}]",apartment,Entire Home,[],"{'pets_allowed': False, 'smoking_allowed': False, 'events_allowed': False}",False,
e458baef-951f-44e6-b8ba-1a28474625d8,San Cosme 58/303,https://a0.muscache.com/im/pictures/hosting/Hosting-U3RheVN1cHBseUxpc3Rpbmc6MTA4MTc2ODc1NDYyMDI1ODY4NQ%3D%3D/original/d71a43e1-2a1c-4e65-9084-2e9205e0f2ee.jpeg?aki_policy=small,"{'number': 'int 303', 'street': 'Avenida Ribera de San Cosme 58', 'city': 'Ciudad de México', 'state': 'Ciudad de México', 'postcode': '06470', 'country': 'MX', 'country_name': 'Mexico', 'coordinates': {'latitude': '19.4410775', 'longitude': '-99.1593778'}, 'display': 'int 303, Avenida Ribera de San Cosme 58, Ciudad de México, Ciudad de México, 06470, MX'}",-0600,True,MXN,16:00,11:00,"['bed_linens', 'blender', 'body_soap', 'carbon_monoxide_detector', 'cleaning_products', 'coffee', 'coffee_maker', 'cooking_basics', 'dining_table', 'dishes_and_silverware', 'essentials', 'freezer', 'hair_dryer', 'hangers', 'hot_water', 'iron', 'kitchen', 'laptop_friendly_workspace', 'long_term_stays_allowed', 'microwave', 'oven', 'refrigerator', 'room_darkening_shades', 'shampoo', 'stove', 'tv', 'wardrobe_or_closet', 'wine_glasses', 'wireless_internet']","{'max': 3, 'bedrooms': 1, 'beds': 1, 'bathrooms': 1}","[{'beds': [{'type': 'double_bed', 'quantity': 1}]}]",apartment,Entire Home,[],"{'pets_allowed': False, 'smoking_allowed': False, 'events_allowed': False}",False,
9935cb41-dd5a-4d90-90f1-8a6640f95a37,Toltecas 702J,https://a0.muscache.com/im/pictures/miso/Hosting-1082967584536939943/original/38c961cf-15c6-4332-bc7c-0a50e6ba2ab0.jpeg?aki_policy=small,"{'street': 'Toltecas', 'city': 'Álvaro Obregón', 'state': 'Ciudad de México', 'postcode': '01180', 'country': 'MX', 'country_name': 'Mexico', 'coordinates': {'latitude': '19.38886090', 'longitude': '-99.19220570'}, 'display': 'Toltecas, Álvaro Obregón, Ciudad de México, 01180, MX'}",-0600,True,MXN,16:00,11:00,"['bed_linens', 'cleaning_products', 'dining_table', 'dishes_and_silverware', 'elevator', 'essentials', 'freezer', 'free_parking', 'hangers', 'hot_water_kettle', 'iron', 'kitchen', 'laptop_friendly_workspace', 'long_term_stays_allowed', 'microwave', 'oven', 'room_darkening_shades', 'tv', 'wardrobe_or_closet', 'washer', 'wine_glasses', 'wireless_internet']","{'max': 6, 'bedrooms': 3, 'beds': 4, 'bathrooms': 2}","[{'beds': [{'type': 'double_bed', 'quantity': 1}, {'type': 'single_bed', 'quantity': 1}]}, {'beds': [{'type': 'double_bed', 'quantity': 1}]}, {'beds': [{'type': 'single_bed', 'quantity': 1}]}]",apartment,Entire Home,[],"{'pets_allowed': False, 'smoking_allowed': False, 'events_allowed': False}",False,
834fb2b9-1344-42ae-b527-b72be08f72ff,Tequis Suite 1,https://a0.muscache.com/im/pictures/miso/Hosting-1091993386703112973/original/61aefdc3-dd62-47d4-a5f1-4968241793f8.jpeg?aki_policy=small,"{'street': 'Privada Rancho Alegre 3 int 1, San Juan, 76750 Tequisquiapan, Qr', 'city': 'Tequisquiapan', 'state': 'Querétaro', 'postcode': '76750', 'country': 'MX', 'country_name': 'Mexico', 'coordinates': {'latitude': '20.51950264', 'longitude': '-99.88626706'}, 'display': 'Privada Rancho Alegre 3 int 1, San Juan, 76750 Tequisquiapan, Qr, Tequisquiapan, Querétaro, 76750, MX'}",-0600,False,MXN,16:00,11:00,"['bed_linens', 'body_soap', 'carbon_monoxide_detector', 'cleaning_before_checkout', 'cleaning_products', 'coffee', 'coffee_maker', 'cooking_basics', 'dining_table', 'dishes_and_silverware', 'essentials', 'extra_pillows_and_blankets', 'free_parking', 'hangers', 'hot_water', 'kitchen', 'mini_fridge', 'pool', 'room_darkening_shades', 'shampoo', 'stove', 'tv', 'wardrobe_or_closet', 'wireless_internet']","{'max': 4, 'bedrooms': 2, 'beds': 2, 'bathrooms': 1}","[{'beds': [{'type': 'queen_bed', 'quantity': 1}]}, {'beds': [{'type': 'queen_bed', 'quantity': 1}]}]",apartment,Entire Home,[],"{'pets_allowed': False, 'smoking_allowed': False, 'events_allowed': False}",False,
b8dd0684-606e-4e23-9bfa-c391e98b3ad1,Tequis loft 2,https://a0.muscache.com/im/pictures/miso/Hosting-1091993386703112973/original/caf10f99-856b-44c4-822c-afd83d542ceb.jpeg?aki_policy=small,"{'street': 'PRIVADA RANCHO ALEGRE 3 INT 2 COL BARRIO DE SAN JUAN, TEQUISQUIA', 'city': 'Tequisquiapan', 'state': 'Querétaro', 'postcode': '76750', 'country': 'MX', 'country_name': 'Mexico', 'coordinates': {'latitude': '20.51958761', 'longitude': '-99.88623591'}, 'display': 'PRIVADA RANCHO ALEGRE 3 INT 2 COL BARRIO DE SAN JUAN, TEQUISQUIA, Tequisquiapan, Querétaro, 76750, MX'}",-0600,False,MXN,16:00,11:00,"['bed_linens', 'body_soap', 'cleaning_before_checkout', 'cleaning_products', 'coffee', 'coffee_maker', 'cooking_basics', 'dining_table', 'dishes_and_silverware', 'essentials', 'extra_pillows_and_blankets', 'free_parking', 'hangers', 'hot_water', 'kitchen', 'mini_fridge', 'pool', 'room_darkening_shades', 'shampoo', 'stove', 'tv', 'wardrobe_or_closet', 'wireless_internet']","{'max': 4, 'bedrooms': 2, 'beds': 2, 'bathrooms': 1}","[{'beds': [{'type': 'queen_bed', 'quantity': 1}]}, {'beds': [{'type': 'queen_bed', 'quantity': 1}]}]",apartment,Entire Home,[],"{'pets_allowed': False, 'smoking_allowed': False, 'events_allowed': False}",False,
72b4b4b2-4608-4dbb-a124-a71fc9a1e160,Tlacoquemécatl 304/801,https://a0.muscache.com/im/pictures/airflow/Hosting-1095900448563171248/original/5b4f94ea-e973-4f15-9186-d222ebb26961.jpg?aki_policy=small,"{'number': '801', 'street': 'Calle Tlacoquemecatl 304', 'city': 'Ciudad de México', 'state': 'Ciudad de México', 'postcode': '03104', 'country': 'MX', 'country_name': 'Mexico', 'coordinates': {'latitude': '19.37773451', 'longitude': '-99.16929608'}, 'display': '801, Calle Tlacoquemecatl 304, Ciudad de México, Ciudad de México, 03104, MX'}",-0600,True,MXN,16:00,11:00,"['bed_linens', 'carbon_monoxide_detector', 'cleaning_products', 'coffee', 'coffee_maker', 'cooking_basics', 'dining_table', 'dishes_and_silverware', 'elevator', 'essentials', 'hair_dryer', 'hot_water', 'iron', 'kitchen', 'laptop_friendly_workspace', 'long_term_stays_allowed', 'microwave', 'oven', 'paid_parking', 'refrigerator', 'room_darkening_shades', 'tv', 'wardrobe_or_closet', 'wine_glasses', 'wireless_internet']","{'max': 4, 'bedrooms': 2, 'beds': 2, 'bathrooms': 1}","[{'beds': [{'type': 'queen_bed', 'quantity': 1}]}, {'beds': [{'type': 'double_bed', 'quantity': 1}]}]",apartment,Entire Home,[],"{'pets_allowed': True, 'smoking_allowed': False, 'events_allowed': False}",True,
fc40b6c0-9544-4b30-a7e1-e3fb8e8969b5,Tehuantepec 85/401A,https://a0.muscache.com/im/pictures/airflow/Hosting-1100325456952729180/original/3af2d027-8b30-47b7-8690-3966e7054952.jpg?aki_policy=small,"{'street': 'Tehuantepec 85', 'city': 'Ciudad de México', 'state': 'Ciudad de México', 'postcode': '06760', 'country': 'MX', 'country_name': 'Mexico', 'coordinates': {'latitude': '19.40562490', 'longitude': '-99.15986430'}, 'display': 'Tehuantepec 85, Ciudad de México, Ciudad de México, 06760, MX'}",-0600,True,MXN,16:00,11:00,"['bed_linens', 'blender', 'body_soap', 'cleaning_products', 'coffee', 'coffee_maker', 'cooking_basics', 'dining_table', 'dishes_and_silverware', 'essentials', 'extra_pillows_and_blankets', 'hair_dryer', 'hangers', 'hot_water', 'iron', 'long_term_stays_allowed', 'microwave', 'mini_fridge', 'oven', 'refrigerator', 'room_darkening_shades', 'stove', 'tv', 'wardrobe_or_closet', 'wine_glasses', 'wireless_internet']","{'max': 2, 'bedrooms': 1, 'beds': 1, 'bathrooms': 1}","[{'beds': [{'type': 'queen_bed', 'quantity': 1}]}]",apartment,Entire Home,[],"{'pets_allowed': False, 'smoking_allowed': False, 'events_allowed': False}",False,
f4ca52df-7323-45ab-8e08-0f38db7e5109,Tlalpan 1046 casa,https://a0.muscache.com/im/pictures/miso/Hosting-1100354555243245797/original/5764a758-7b56-4704-80e4-de4066a5e741.jpeg?aki_policy=small,"{'street': 'Calzada de Tlalpan 1046', 'city': 'Ciudad de México', 'state': 'Ciudad de México', 'postcode': '03610', 'country': 'MX', 'country_name': 'Mexico', 'coordinates': {'latitude': '19.38020780', 'longitude': '-99.13980110'}, 'display': 'Calzada de Tlalpan 1046, Ciudad de México, Ciudad de México, 03610, MX'}",-0600,True,MXN,16:00,11:00,"['bed_linens', 'blender', 'body_soap', 'cleaning_products', 'coffee', 'coffee_maker', 'dining_table', 'dishes_and_silverware', 'essentials', 'extra_pillows_and_blankets', 'free_parking', 'hangers', 'hot_water', 'kitchen', 'long_term_stays_allowed', 'microwave', 'mini_fridge', 'stove', 'wardrobe_or_closet', 'wireless_internet']","{'max': 4, 'bedrooms': 2, 'beds': 2, 'bathrooms': 1}","[{'beds': [{'type': 'queen_bed', 'quantity': 1}]}, {'beds': [{'type': 'queen_bed', 'quantity': 1}]}]",house,Private Room,[],"{'pets_allowed': False, 'smoking_allowed': False, 'events_allowed': False}",False,
360a75cc-aaae-4101-9593-a3a5254df4f7,Tlalpan 1046 loft,https://a0.muscache.com/im/pictures/airflow/Hosting-1100410578227737829/original/05059521-8a8b-48dd-afbc-69ea04da9566.jpg?aki_policy=small,"{'street': 'Calzada de Tlalpan 1046', 'city': 'Ciudad de México', 'state': 'Ciudad de México', 'postcode': '03610', 'country': 'MX', 'country_name': 'Mexico', 'coordinates': {'latitude': '19.38020780', 'longitude': '-99.13980110'}, 'display': 'Calzada de Tlalpan 1046, Ciudad de México, Ciudad de México, 03610, MX'}",-0600,True,MXN,16:00,11:00,"['bed_linens', 'blender', 'cleaning_products', 'cooking_basics', 'dishes_and_silverware', 'essentials', 'extra_pillows_and_blankets', 'free_parking', 'hangers', 'hot_water', 'kitchen', 'long_term_stays_allowed', 'microwave', 'mini_fridge', 'room_darkening_shades', 'stove', 'toaster', 'tv', 'wardrobe_or_closet', 'washer', 'wine_glasses', 'wireless_internet']","{'max': 2, 'bedrooms': 0, 'beds': 1, 'bathrooms': 1}","[{'beds': [{'type': 'queen_bed', 'quantity': 1}]}]",loft,Entire Home,[],"{'pets_allowed': False, 'smoking_allowed': False, 'events_allowed': False}",False,
f72bb111-8cad-4437-a4cc-030a5ddb344e,Río Guadalquivir 73/102,https://a0.muscache.com/im/pictures/airflow/Hosting-1111969165434941965/original/1f47cd30-06e8-4fed-a9e1-dca003cb8860.jpg?aki_policy=small,"{'street': 'Río Guadalquivir 73', 'city': 'Ciudad de México', 'state': 'Ciudad de México', 'postcode': '06500', 'country': 'MX', 'country_name': 'Mexico', 'coordinates': {'latitude': '19.42848810', 'longitude': '-99.17024420'}, 'display': 'Río Guadalquivir 73, Ciudad de México, Ciudad de México, 06500, MX'}",-0600,True,MXN,16:00,11:00,"['bed_linens', 'blender', 'body_soap', 'carbon_monoxide_detector', 'cleaning_products', 'clothes_drying_rack', 'coffee', 'coffee_maker', 'cooking_basics', 'dining_table', 'dishes_and_silverware', 'dryer', 'elevator', 'essentials', 'extra_pillows_and_blankets', 'freezer', 'hair_dryer', 'hangers', 'hot_water', 'hot_water_kettle', 'iron', 'kitchen', 'laptop_friendly_workspace', 'laundromat_nearby', 'long_term_stays_allowed', 'microwave', 'oven', 'paid_parking', 'patio_or_belcony', 'refrigerator', 'room_darkening_shades', 'shampoo', 'single_level_home', 'smoke_detector', 'stove', 'toaster', 'tv', 'wardrobe_or_closet', 'washer', 'window_guards', 'wine_glasses', 'wireless_internet']","{'max': 5, 'bedrooms': 2, 'beds': 3, 'bathrooms': 2}","[{'beds': [{'type': 'queen_bed', 'quantity': 1}]}, {'beds': [{'type': 'queen_bed', 'quantity': 1}]}, {'beds': [{'type': 'sofa_bed', 'quantity': 1}]}]",apartment,Entire Home,[],"{'pets_allowed': False, 'smoking_allowed': False, 'events_allowed': False}",False,
7644e197-5de3-47dd-996f-15685145b9bf,Lucerna 60/402,https://a0.muscache.com/im/pictures/airflow/Hosting-1112535932010339316/original/83a1b67c-d39b-44c4-85be-6724d47ea4d4.jpg?aki_policy=small,"{'street': 'Calle Lucerna 60', 'city': 'Ciudad de México', 'state': 'Ciudad de México', 'postcode': '06600', 'country': 'MX', 'country_name': 'Mexico', 'coordinates': {'latitude': '19.42982850', 'longitude': '-99.15649080'}, 'display': 'Calle Lucerna 60, Ciudad de México, Ciudad de México, 06600, MX'}",-0600,True,MXN,16:00,11:00,"['bed_linens', 'blender', 'board_games', 'body_soap', 'books', 'carbon_monoxide_detector', 'cleaning_products', 'coffee', 'coffee_maker', 'conditioner', 'cooking_basics', 'dining_table', 'dishes_and_silverware', 'dryer', 'elevator', 'essentials', 'extra_pillows_and_blankets', 'freezer', 'gym', 'hair_dryer', 'hangers', 'hot_water', 'hot_water_kettle', 'iron', 'kitchen', 'laptop_friendly_workspace', 'long_term_stays_allowed', 'microwave', 'paid_parking', 'portable_fans', 'refrigerator', 'room_darkening_shades', 'shampoo', 'smoke_detector', 'stove', 'toaster', 'tv', 'wardrobe_or_closet', 'washer', 'wine_glasses', 'wireless_internet']","{'max': 3, 'bedrooms': 1, 'beds': 2, 'bathrooms': 1}",[],apartment,Entire Home,[],"{'pets_allowed': False, 'smoking_allowed': False, 'events_allowed': False}",False,
bab40c7c-0301-44ee-a006-cca52b62cac4,Cuauhtémoc 118/505,https://a0.muscache.com/im/pictures/airflow/Hosting-1121695419178894981/original/2f6de7ce-efde-40f2-b275-9e4ef947aa4d.jpg?aki_policy=small,"{'street': 'Avenida Cuauhtémoc 118', 'city': 'Ciudad de México', 'state': 'Ciudad de México', 'postcode': '06720', 'country': 'MX', 'country_name': 'Mexico', 'coordinates': {'latitude': '19.42006600', 'longitude': '-99.15380970'}, 'display': 'Avenida Cuauhtémoc 118, Ciudad de México, Ciudad de México, 06720, MX'}",-0600,True,MXN,16:00,11:00,"['bed_linens', 'carbon_monoxide_detector', 'cleaning_before_checkout', 'cleaning_products', 'clothes_drying_rack', 'coffee', 'coffee_maker', 'cooking_basics', 'dishes_and_silverware', 'dryer', 'elevator', 'essentials', 'freezer', 'free_parking', 'hair_dryer', 'hangers', 'hot_water', 'iron', 'kitchen', 'microwave', 'patio_or_belcony', 'portable_fans', 'refrigerator', 'smoke_detector', 'stove', 'tv', 'wardrobe_or_closet', 'washer', 'wireless_internet']","{'max': 4, 'bedrooms': 2, 'beds': 2, 'bathrooms': 2}","[{'beds': [{'type': 'queen_bed', 'quantity': 1}]}, {'beds': [{'type': 'queen_bed', 'quantity': 1}]}]",apartment,Entire Home,[],"{'pets_allowed': False, 'smoking_allowed': False, 'events_allowed': False}",False,
17760c4f-bc99-4256-b7af-c9fcb212d745,Soberanna 804,https://a0.muscache.com/im/pictures/airflow/Hosting-1127404920977529713/original/57d84047-f417-492f-86e8-f573319f7b42.jpg?aki_policy=small,"{'number': '804', 'street': 'Avenida Insurgentes Sur 383', 'city': 'Ciudad de México', 'state': 'Ciudad de México', 'postcode': '06100', 'country': 'MX', 'country_name': 'Mexico', 'coordinates': {'latitude': '19.40997720', 'longitude': '-99.16760580'}, 'display': '804, Avenida Insurgentes Sur 383, Ciudad de México, Ciudad de México, 06100, MX'}",-0600,True,MXN,16:00,11:00,"['bed_linens', 'blender', 'body_soap', 'carbon_monoxide_detector', 'cleaning_products', 'coffee', 'coffee_maker', 'cooking_basics', 'dining_table', 'dishes_and_silverware', 'elevator', 'essentials', 'exercise_equipment', 'freezer', 'free_parking', 'garden_or_backyard', 'gym', 'hair_dryer', 'hangers', 'hot_water', 'iron', 'kitchen', 'long_term_stays_allowed', 'microwave', 'pool', 'refrigerator', 'room_darkening_shades', 'sauna', 'smoke_detector', 'stove', 'tv', 'wardrobe_or_closet', 'washer', 'wine_glasses', 'wireless_internet']","{'max': 5, 'bedrooms': 3, 'beds': 3, 'bathrooms': 2}","[{'beds': [{'type': 'king_bed', 'quantity': 1}]}, {'beds': [{'type': 'queen_bed', 'quantity': 1}]}, {'beds': [{'type': 'double_bed', 'quantity': 1}]}]",apartment,Entire Home,[],"{'pets_allowed': False, 'smoking_allowed': False, 'events_allowed': False}",False,
aa837e23-fc75-41a5-b34a-dfbe27d5ecce,Icon 1004,https://a0.muscache.com/im/pictures/miso/Hosting-1132754618610318278/original/ee604c2d-47bd-4d92-8695-19979c367378.jpeg?aki_policy=small,"{'street': 'Chicontepec 57', 'city': 'Ciudad de México', 'state': 'Ciudad de México', 'postcode': '06170', 'country': 'MX', 'country_name': 'Mexico', 'coordinates': {'latitude': '19.40973910', 'longitude': '-99.18072320'}, 'display': 'Chicontepec 57, Ciudad de México, Ciudad de México, 06170, MX'}",-0600,True,MXN,16:00,11:00,"['alfresco_dining', 'bed_linens', 'blender', 'body_soap', 'carbon_monoxide_detector', 'cleaning_products', 'coffee', 'coffee_maker', 'cooking_basics', 'crib', 'dining_table', 'dishes_and_silverware', 'elevator', 'essentials', 'extra_pillows_and_blankets', 'freezer', 'free_parking', 'garden_or_backyard', 'gym', 'hair_dryer', 'hangers', 'hot_water', 'iron', 'kitchen', 'laptop_friendly_workspace', 'laundromat_nearby', 'long_term_stays_allowed', 'microwave', 'outdoor_kitchen', 'outdoor_seating', 'oven', 'patio_or_belcony', 'pool', 'refrigerator', 'single_level_home', 'smoke_detector', 'stove', 'sun_loungers', 'tv', 'wardrobe_or_closet', 'wine_glasses', 'wireless_internet']","{'max': 4, 'bedrooms': 2, 'beds': 2, 'bathrooms': 2}","[{'beds': [{'type': 'king_bed', 'quantity': 1}]}, {'beds': [{'type': 'queen_bed', 'quantity': 1}]}]",apartment,Entire Home,[],"{'pets_allowed': False, 'smoking_allowed': False, 'events_allowed': False}",False,
69c5eb75-15c4-4e23-afe0-c324774308d9,Vasconcelos 300/707,https://a0.muscache.com/im/pictures/miso/Hosting-1134737527552643461/original/54fba93e-9a9c-4a17-a86b-872a0be00ab7.jpeg?aki_policy=small,"{'street': 'Cto. Interior Mtro. José Vasconcelos 300', 'city': 'Ciudad de México', 'state': 'Ciudad de México', 'postcode': '06170', 'country': 'MX', 'country_name': 'Mexico', 'coordinates': {'latitude': '19.41069950', 'longitude': '-99.18214920'}, 'display': 'Cto. Interior Mtro. José Vasconcelos 300, Ciudad de México, Ciudad de México, 06170, MX'}",-0600,False,MXN,16:00,11:00,"['bed_linens', 'blender', 'body_soap', 'carbon_monoxide_detector', 'cleaning_products', 'coffee', 'coffee_maker', 'cooking_basics', 'dishes_and_silverware', 'dryer', 'elevator', 'essentials', 'extra_pillows_and_blankets', 'freezer', 'free_parking', 'gym', 'hair_dryer', 'hangers', 'hot_water', 'iron', 'kitchen', 'laptop_friendly_workspace', 'long_term_stays_allowed', 'microwave', 'oven', 'patio_or_belcony', 'portable_fans', 'room_darkening_shades', 'smoke_detector', 'stove', 'tv', 'wardrobe_or_closet', 'washer', 'wine_glasses', 'wireless_internet']","{'max': 4, 'bedrooms': 2, 'beds': 2, 'bathrooms': 2}","[{'beds': [{'type': 'queen_bed', 'quantity': 1}]}, {'beds': [{'type': 'double_bed', 'quantity': 1}]}]",apartment,Entire Home,[],"{'pets_allowed': False, 'smoking_allowed': False, 'events_allowed': False}",False,
b80adbb0-a615-406f-bba0-6de02e468278,Chapultepec 282/102b,https://a0.muscache.com/im/pictures/miso/Hosting-1139810090425891963/original/e4c88cc1-f1da-4ddc-8059-ccce8fcb46c0.png?aki_policy=small,"{'street': 'Avenida Chapultepec 282', 'city': 'Ciudad de México', 'state': 'Ciudad de México', 'postcode': '06700', 'country': 'MX', 'country_name': 'Mexico', 'coordinates': {'latitude': '19.42345410', 'longitude': '-99.16191840'}, 'display': 'Avenida Chapultepec 282, Ciudad de México, Ciudad de México, 06700, MX'}",-0600,True,MXN,16:00,11:00,"['bed_linens', 'body_soap', 'cleaning_products', 'coffee', 'coffee_maker', 'cooking_basics', 'dining_table', 'dishes_and_silverware', 'essentials', 'exercise_equipment', 'extra_pillows_and_blankets', 'freezer', 'gym', 'hair_dryer', 'hangers', 'iron', 'kitchen', 'laptop_friendly_workspace', 'long_term_stays_allowed', 'microwave', 'oven', 'portable_fans', 'refrigerator', 'room_darkening_shades', 'stove', 'tv', 'wardrobe_or_closet', 'washer', 'wireless_internet']","{'max': 6, 'bedrooms': 2, 'beds': 3, 'bathrooms': 1}","[{'beds': [{'type': 'queen_bed', 'quantity': 1}]}, {'beds': [{'type': 'queen_bed', 'quantity': 1}]}, {'beds': [{'type': 'sofa_bed', 'quantity': 1}]}]",apartment,Entire Home,[],"{'pets_allowed': False, 'smoking_allowed': False, 'events_allowed': False}",False,
6b524f30-1da3-4e7f-9818-4d54223b21e8,Sinaloa 60/1B,https://a0.muscache.com/im/pictures/airflow/Hosting-1139961479483610646/original/ecec8bd7-9c8e-4a82-bcbe-7a580f5de416.jpg?aki_policy=small,"{'number': '1', 'street': 'Sinaloa 60', 'city': 'Ciudad de México', 'state': 'Ciudad de México', 'postcode': '06700', 'country': 'MX', 'country_name': 'Mexico', 'coordinates': {'latitude': '19.42083490', 'longitude': '-99.16648390'}, 'display': '1, Sinaloa 60, Ciudad de México, Ciudad de México, 06700, MX'}",-0600,False,MXN,16:00,11:00,"['bed_linens', 'body_soap', 'carbon_monoxide_detector', 'cleaning_before_checkout', 'cleaning_products', 'cooking_basics', 'dining_table', 'dishes_and_silverware', 'dryer', 'essentials', 'garden_or_backyard', 'hair_dryer', 'hot_water', 'iron', 'kitchen', 'microwave', 'patio', 'patio_or_belcony', 'refrigerator', 'shampoo', 'stove', 'tv', 'washer', 'wireless_internet']","{'max': 2, 'bedrooms': 1, 'beds': 1, 'bathrooms': 1}",[],apartment,Entire Home,[],"{'pets_allowed': False, 'smoking_allowed': False, 'events_allowed': False}",True,
723318e3-a411-4c6e-af86-625a21c08a74,Lerma 65/509A,https://a0.muscache.com/im/pictures/airflow/Hosting-1143146621542930419/original/ef859492-6675-495d-9700-00550d6dd388.jpg?aki_policy=small,"{'street': 'Calle Río Lerma 65', 'city': 'Ciudad de México', 'state': 'Ciudad de México', 'postcode': '06500', 'country': 'MX', 'country_name': 'Mexico', 'coordinates': {'latitude': '19.43047470', 'longitude': '-99.16490280'}, 'display': 'Calle Río Lerma 65, Ciudad de México, Ciudad de México, 06500, MX'}",-0600,True,MXN,16:00,11:00,"['blender', 'body_soap', 'cleaning_products', 'coffee', 'coffee_maker', 'cooking_basics', 'dining_table', 'dishes_and_silverware', 'elevator', 'essentials', 'freezer', 'hair_dryer', 'hangers', 'iron', 'kitchen', 'long_term_stays_allowed', 'microwave', 'oven', 'refrigerator', 'room_darkening_shades', 'stove', 'tv', 'wardrobe_or_closet', 'wine_glasses', 'wireless_internet']","{'max': 4, 'bedrooms': 2, 'beds': 2, 'bathrooms': 1}","[{'beds': [{'type': 'king_bed', 'quantity': 1}]}, {'beds': [{'type': 'queen_bed', 'quantity': 1}]}]",apartment,Entire Home,[],"{'pets_allowed': False, 'smoking_allowed': False, 'events_allowed': False}",False,
8bf06ae4-40a1-4e45-adc7-c5f694a7cc18,Toltecas 201J,https://a0.muscache.com/im/pictures/miso/Hosting-1144513733211978181/original/582ef676-875b-4c43-8ce8-ef847ebc9497.jpeg?aki_policy=small,"{'street': 'Toltecas 166', 'city': 'Ciudad de México', 'state': 'Ciudad de México', 'postcode': '01180', 'country': 'MX', 'country_name': 'Mexico', 'coordinates': {'latitude': '19.38676230', 'longitude': '-99.19356570'}, 'display': 'Toltecas 166, Ciudad de México, Ciudad de México, 01180, MX'}",-0600,True,MXN,16:00,11:00,"['blender', 'cleaning_products', 'coffee', 'coffee_maker', 'cooking_basics', 'dining_table', 'dishes_and_silverware', 'dryer', 'elevator', 'essentials', 'freezer', 'hair_dryer', 'iron', 'kitchen', 'long_term_stays_allowed', 'microwave', 'oven', 'room_darkening_shades', 'stove', 'tv', 'wardrobe_or_closet', 'washer', 'wine_glasses', 'wireless_internet']","{'max': 5, 'bedrooms': 3, 'beds': 3, 'bathrooms': 2}","[{'beds': [{'type': 'double_bed', 'quantity': 1}]}, {'beds': [{'type': 'double_bed', 'quantity': 1}]}, {'beds': [{'type': 'single_bed', 'quantity': 1}]}]",apartment,Entire Home,[],"{'pets_allowed': False, 'smoking_allowed': False, 'events_allowed': False}",False,
c0f99db5-d45d-4b4c-b256-806d2844a216,Unnamed Property,https://assets.smartbnb.io/sorry-image-not-available.png,"{'street': 'Calle Nogal 233', 'city': 'Ciudad de México', 'state': 'Ciudad de México', 'postcode': '06400', 'country': 'MX', 'country_name': 'Mexico', 'coordinates': {'latitude': '19.45246470', 'longitude': '-99.16315100'}, 'display': 'Calle Nogal 233, Ciudad de México, Ciudad de México, 06400, MX'}",-0600,False,MXN,15:00,11:00,"['kitchen', 'tv', 'wireless_internet']","{'max': 4, 'bedrooms': 2, 'beds': 2, 'bathrooms': 2}",[],apartment,Entire Home,[],"{'pets_allowed': None, 'smoking_allowed': None, 'events_allowed': None}",False,
ae823154-3d6f-4376-ab0c-301eefc3a816,Nogal 233/008,https://a0.muscache.com/im/pictures/miso/Hosting-1147182926039070322/original/1179ce8f-430b-4ef3-abcd-a16cf3c9fb1e.jpeg?aki_policy=small,"{'street': 'Calle Nogal 233', 'city': 'Ciudad de México', 'state': 'Ciudad de México', 'postcode': '06400', 'country': 'MX', 'country_name': 'Mexico', 'coordinates': {'latitude': '19.45246470', 'longitude': '-99.16315100'}, 'display': 'Calle Nogal 233, Ciudad de México, Ciudad de México, 06400, MX'}",-0600,False,MXN,16:00,11:00,"['bed_linens', 'blender', 'carbon_monoxide_detector', 'coffee', 'coffee_maker', 'free_parking', 'hair_dryer', 'hot_water', 'iron', 'kitchen', 'laptop_friendly_workspace', 'portable_fans', 'refrigerator', 'room_darkening_shades', 'smoke_detector', 'stove', 'tv', 'wardrobe_or_closet', 'wireless_internet']","{'max': 4, 'bedrooms': 2, 'beds': 2, 'bathrooms': 2}",[],apartment,Entire Home,[],"{'pets_allowed': False, 'smoking_allowed': False, 'events_allowed': False}",False,
3c356b42-7b04-4958-af71-78f0c999ed85,Unnamed Property,https://assets.smartbnb.io/sorry-image-not-available.png,"{'street': 'Calle Nogal 233', 'city': 'Ciudad de México', 'state': 'Ciudad de México', 'postcode': '06400', 'country': 'MX', 'country_name': 'Mexico', 'coordinates': {'latitude': '19.4524647', 'longitude': '-99.163151'}, 'display': 'Calle Nogal 233, Ciudad de México, Ciudad de México, 06400, MX'}",-0600,False,MXN,15:00,11:00,"['kitchen', 'tv', 'wireless_internet']","{'max': 4, 'bedrooms': 2, 'beds': 2, 'bathrooms': 2}",[],apartment,Entire Home,[],"{'pets_allowed': None, 'smoking_allowed': None, 'events_allowed': None}",False,
bc46cd10-45fa-4635-844c-b4880a33c397,Room 1 in Piña Disco House CDMX,https://a0.muscache.com/im/pictures/hosting/Hosting-1000252289830715574/original/f33d155f-fb7a-4c59-b547-1fe08b91e50b.jpeg?aki_policy=small,"{'number': 'Interior 008', 'street': 'Calle Nogal 233', 'city': 'Ciudad de México', 'state': 'Ciudad de México', 'postcode': '06400', 'country': 'MX', 'country_name': 'Mexico', 'coordinates': {'latitude': '19.4524647', 'longitude': '-99.163151'}, 'display': 'Interior 008, Calle Nogal 233, Ciudad de México, Ciudad de México, 06400, MX'}",-0600,False,MXN,15:00,11:00,"['ac', 'alfresco_dining', 'alfresco_shower', 'baking_sheet', 'bed_linens', 'blender', 'board_games', 'body_soap', 'books', 'bread_maker', 'carbon_monoxide_detector', 'ceiling_fan', 'childrens_books_and_toys', 'cleaning_products', 'clothes_drying_rack', 'coffee_maker', 'conditioner', 'cooking_basics', 'dining_table', 'dishes_and_silverware', 'dryer', 'ethernet_connection', 'exercise_equipment', 'extra_pillows_and_blankets', 'fire_extinguisher', 'first_aid_kit', 'freezer', 'free_parking', 'garden_or_backyard', 'hair_dryer', 'hammock', 'hangers', 'hot_water', 'hot_water_kettle', 'iron', 'kitchen', 'kitchenette', 'laptop_friendly_workspace', 'laundromat_nearby', 'life_size_games', 'luggage_dropoff_allowed', 'microwave', 'mosquito_net', 'outdoor_seating', 'oven', 'patio', 'patio_or_belcony', 'portable_fans', 'refrigerator', 'room_darkening_shades', 'safe', 'shampoo', 'shower_gel', 'sound_system', 'stove', 'street_parking', 'toaster', 'tv', 'wardrobe_or_closet', 'washer', 'window_guards', 'wine_glasses', 'wireless_internet']","{'max': 3, 'bedrooms': 1, 'beds': 2, 'bathrooms': 1}","[{'beds': [{'type': 'sofa_bed', 'quantity': 1}]}, {'beds': [{'type': 'double_bed', 'quantity': 1}, {'type': 'hammock_bed', 'quantity': 1}]}]",serviced_apartment,Private Room,[],"{'pets_allowed': True, 'smoking_allowed': True, 'events_allowed': True}",False,
12cb74a3-1c58-49c2-8734-66a52d257875,Room 2 in Piña Disco House CDMX,https://a0.muscache.com/im/pictures/miso/Hosting-1000252289830715574/original/5976d31c-d818-443f-a9a9-92a02651a088.jpeg?aki_policy=small,"{'number': 'Interior 008', 'street': 'Calle Nogal 233', 'city': 'Ciudad de México', 'state': 'Ciudad de México', 'postcode': '06400', 'country': 'MX', 'country_name': 'Mexico', 'coordinates': {'latitude': '19.4524647', 'longitude': '-99.163151'}, 'display': 'Interior 008, Calle Nogal 233, Ciudad de México, Ciudad de México, 06400, MX'}",-0600,False,MXN,15:00,11:00,"['ac', 'alfresco_dining', 'alfresco_shower', 'baking_sheet', 'bed_linens', 'blender', 'body_soap', 'books', 'bread_maker', 'carbon_monoxide_detector', 'childrens_books_and_toys', 'cleaning_products', 'clothes_drying_rack', 'coffee_maker', 'conditioner', 'cooking_basics', 'dining_table', 'dishes_and_silverware', 'dryer', 'essentials', 'ethernet_connection', 'exercise_equipment', 'extra_pillows_and_blankets', 'fire_extinguisher', 'freezer', 'free_parking', 'garden_or_backyard', 'hair_dryer', 'hammock', 'hangers', 'hot_water', 'hot_water_kettle', 'iron', 'kitchen', 'kitchenette', 'laptop_friendly_workspace', 'laundromat_nearby', 'life_size_games', 'luggage_dropoff_allowed', 'microwave', 'outdoor_seating', 'oven', 'paid_parking', 'path_to_entrance_lit_at_night', 'patio', 'patio_or_belcony', 'portable_fans', 'refrigerator', 'room_darkening_shades', 'safe', 'shampoo', 'shower_gel', 'sound_system', 'stove', 'street_parking', 'theme_room', 'toaster', 'tv', 'wardrobe_or_closet', 'washer', 'wine_glasses', 'wireless_internet']","{'max': 3, 'bedrooms': 1, 'beds': 1, 'bathrooms': 1}","[{'beds': [{'type': 'double_bed', 'quantity': 1}]}]",apartment,Private Room,[],"{'pets_allowed': True, 'smoking_allowed': True, 'events_allowed': True}",False,
bd805a8d-19cd-46f0-b840-10e98097ed22,Piña Disco House CDMX,https://a0.muscache.com/im/pictures/6e077063-849b-4d49-855b-7e6becbb18cc.jpg?aki_policy=small,"{'number': 'Interior 008', 'street': 'Calle Nogal 233', 'city': 'Ciudad de México', 'state': 'Ciudad de México', 'postcode': '06400', 'country': 'MX', 'country_name': 'Mexico', 'coordinates': {'latitude': '19.45246464', 'longitude': '-99.16315086'}, 'display': 'Interior 008, Calle Nogal 233, Ciudad de México, Ciudad de México, 06400, MX'}",-0600,False,MXN,15:00,11:00,"['ac', 'alfresco_dining', 'baking_sheet', 'bed_linens', 'blender', 'body_soap', 'books', 'bread_maker', 'carbon_monoxide_detector', 'childrens_books_and_toys', 'cleaning_products', 'clothes_drying_rack', 'coffee_maker', 'conditioner', 'cooking_basics', 'dining_table', 'dishes_and_silverware', 'dryer', 'essentials', 'ethernet_connection', 'exercise_equipment', 'extra_pillows_and_blankets', 'fire_extinguisher', 'first_aid_kit', 'freezer', 'free_parking', 'garden_or_backyard', 'hair_dryer', 'hammock', 'hangers', 'hot_water', 'hot_water_kettle', 'iron', 'kitchen', 'kitchenette', 'laptop_friendly_workspace', 'laundromat_nearby', 'life_size_games', 'long_term_stays_allowed', 'luggage_dropoff_allowed', 'microwave', 'mosquito_net', 'outdoor_seating', 'oven', 'paid_parking', 'path_to_entrance_lit_at_night', 'patio', 'patio_or_belcony', 'portable_fans', 'private_living_room', 'refrigerator', 'room_darkening_shades', 'safe', 'shampoo', 'shower_gel', 'sound_system', 'stove', 'street_parking', 'toaster', 'tv', 'wardrobe_or_closet', 'washer', 'wine_glasses', 'wireless_internet']","{'max': 5, 'bedrooms': 2, 'beds': 3, 'bathrooms': 2}","[{'beds': [{'type': 'double_bed', 'quantity': 1}]}, {'beds': [{'type': 'sofa_bed', 'quantity': 1}]}, {'beds': [{'type': 'double_bed', 'quantity': 1}]}]",apartment,Entire Home,[],"{'pets_allowed': True, 'smoking_allowed': True, 'events_allowed': True}",False,
387c39d8-1cb3-4ffb-8cf5-c176e9ad14e8,Minería 18/B002,https://a0.muscache.com/im/pictures/miso/Hosting-1155533727503843384/original/c4cfc462-bd24-4b47-90ef-948e451f9a01.png?aki_policy=small,"{'number': 'B002', 'street': 'Minería 18', 'city': 'Ciudad de México', 'state': 'Ciudad de México', 'postcode': '11800', 'country': 'MX', 'country_name': 'Mexico', 'coordinates': {'latitude': '19.40402794', 'longitude': '-99.17576599'}, 'display': 'B002, Minería 18, Ciudad de México, Ciudad de México, 11800, MX'}",-0600,True,MXN,16:00,11:00,"['bed_linens', 'blender', 'body_soap', 'bread_maker', 'carbon_monoxide_detector', 'cleaning_products', 'coffee_maker', 'cooking_basics', 'dining_table', 'dishes_and_silverware', 'essentials', 'ethernet_connection', 'extra_pillows_and_blankets', 'freezer', 'free_parking', 'hair_dryer', 'hangers', 'heating', 'hot_water', 'iron', 'kitchen', 'laptop_friendly_workspace', 'laundromat_nearby', 'long_term_stays_allowed', 'microwave', 'oven', 'paid_parking', 'refrigerator', 'room_darkening_shades', 'safe', 'shampoo', 'single_level_home', 'smoke_detector', 'stove', 'toaster', 'tv', 'wardrobe_or_closet', 'window_guards', 'wine_glasses', 'wireless_internet']","{'max': 4, 'bedrooms': 2, 'beds': 2, 'bathrooms': 1}","[{'beds': [{'type': 'double_bed', 'quantity': 1}]}, {'beds': [{'type': 'double_bed', 'quantity': 1}]}]",apartment,Entire Home,[],"{'pets_allowed': None, 'smoking_allowed': False, 'events_allowed': False}",False,
e77d053e-b64e-4ac5-8fc6-ab719349794e,Unnamed Property,https://a0.muscache.com/im/pictures/miso/Hosting-1161718845213650036/original/26cbe312-07d5-4f11-81c5-079af83ec2d4.png?aki_policy=small,"{'street': 'Calle Nogal 233', 'city': 'Ciudad de México', 'state': 'Ciudad de México', 'postcode': '06400', 'country': 'MX', 'country_name': 'Mexico', 'coordinates': {'latitude': '19.4524647', 'longitude': '-99.163151'}, 'display': 'Calle Nogal 233, Ciudad de México, Ciudad de México, 06400, MX'}",-0600,False,MXN,15:00,11:00,"['tv', 'wireless_internet']","{'max': 4, 'bedrooms': 3, 'beds': 2, 'bathrooms': 2}",[],apartment,Entire Home,[],"{'pets_allowed': None, 'smoking_allowed': None, 'events_allowed': None}",False,
0e54669c-ef09-41cb-a618-a3dfaec3d338,Distum 1616B,https://a0.muscache.com/im/pictures/miso/Hosting-1162595415732849006/original/2fedb8f1-ff6a-4153-ad81-989b97e45ce3.jpeg?aki_policy=small,"{'street': 'Avenida Marina Nacional 385', 'city': 'Ciudad de México', 'state': 'Ciudad de México', 'postcode': '11300', 'country': 'MX', 'country_name': 'Mexico', 'coordinates': {'latitude': '19.4376516', 'longitude': '-99.1724718'}, 'display': 'Avenida Marina Nacional 385, Ciudad de México, Ciudad de México, 11300, MX'}",-0600,True,MXN,16:00,11:00,"['blender', 'carbon_monoxide_detector', 'coffee_maker', 'dishes_and_silverware', 'dryer', 'hair_dryer', 'hot_water', 'iron', 'microwave', 'portable_fans', 'smoke_detector', 'stove', 'tv', 'washer', 'wireless_internet']","{'max': 3, 'bedrooms': 1, 'beds': 1, 'bathrooms': 1}",[],loft,Entire Home,[],"{'pets_allowed': False, 'smoking_allowed': False, 'events_allowed': False}",False,
666f876a-0996-4789-ab42-84072001035f,Forma Reforma 1003,https://a0.muscache.com/im/pictures/miso/Hosting-1167661926673722309/original/7f28175d-0ad8-47fc-8383-e8620fbaefba.jpeg?aki_policy=small,"{'street': 'Londres 256', 'city': 'Juárez', 'state': 'Ciudad de México', 'postcode': '06600', 'country': 'MX', 'country_name': 'Mexico', 'coordinates': {'latitude': '19.4225118', 'longitude': '-99.1698839'}, 'display': 'Londres 256, Juárez, Ciudad de México, 06600, MX'}",-0600,True,MXN,16:00,11:00,"['blender', 'coffee', 'coffee_maker', 'cooking_basics', 'elevator', 'essentials', 'free_parking', 'gym', 'hair_dryer', 'heating', 'hot_water', 'iron', 'kitchen', 'laundromat_nearby', 'microwave', 'patio_or_belcony', 'refrigerator', 'stove', 'tv', 'wardrobe_or_closet', 'washer', 'wireless_internet']","{'max': 4, 'bedrooms': 2, 'beds': 2, 'bathrooms': 2}",[],apartment,Entire Home,[],"{'pets_allowed': False, 'smoking_allowed': False, 'events_allowed': False}",False,
7de011b2-a504-4068-9cba-f679d5bcbc55,Lluvia 256 Casa,https://a0.muscache.com/im/pictures/miso/Hosting-1168248199400010606/original/6510ea38-ed89-4a58-89ab-5b1ccf091929.jpeg?aki_policy=small,"{'street': 'Lluvia 256', 'city': 'Ciudad de México', 'state': 'Ciudad de México', 'postcode': '01900', 'country': 'MX', 'country_name': 'Mexico', 'coordinates': {'latitude': '19.3179355', 'longitude': '-99.2075696'}, 'display': 'Lluvia 256, Ciudad de México, Ciudad de México, 01900, MX'}",-0600,True,MXN,16:00,11:00,"['ac', 'blender', 'carbon_monoxide_detector', 'coffee', 'coffee_maker', 'dryer', 'hair_dryer', 'hot_water', 'iron', 'microwave', 'refrigerator', 'room_darkening_shades', 'smoke_detector', 'stove', 'tv', 'washer', 'wireless_internet']","{'max': 6, 'bedrooms': 3, 'beds': 3, 'bathrooms': 2}","[{'beds': [{'type': 'queen_bed', 'quantity': 1}]}, {'beds': [{'type': 'king_bed', 'quantity': 1}]}, {'beds': [{'type': 'king_bed', 'quantity': 1}]}]",house,Entire Home,[],"{'pets_allowed': False, 'smoking_allowed': False, 'events_allowed': False}",False,
855137db-d468-4904-8004-aff9f2f6a93f,Lluvia 256 Loft,https://a0.muscache.com/im/pictures/miso/Hosting-1168434725463651851/original/1dcb5d52-cbab-4e64-b9e2-424fc09387d1.jpeg?aki_policy=small,"{'street': 'Lluvia 256', 'city': 'Ciudad de México', 'state': 'Ciudad de México', 'postcode': '01900', 'country': 'MX', 'country_name': 'Mexico', 'coordinates': {'latitude': '19.3179355', 'longitude': '-99.2075696'}, 'display': 'Lluvia 256, Ciudad de México, Ciudad de México, 01900, MX'}",-0600,False,MXN,15:00,11:00,"['tv', 'wireless_internet']","{'max': 2, 'bedrooms': 1, 'beds': 1, 'bathrooms': 1}","[{'beds': [{'type': 'double_bed', 'quantity': 1}]}]",apartment,Entire Home,[],"{'pets_allowed': False, 'smoking_allowed': False, 'events_allowed': False}",False,
e95d80d1-b989-4e4a-93c8-47ce486da74c,Tamaulipas 224/9,https://a0.muscache.com/im/pictures/hosting/Hosting-U3RheVN1cHBseUxpc3Rpbmc6MTE3NzE2MzE4Mjg0NTU4NjcwNQ%3D%3D/original/8e958729-4772-49cf-a8b0-cc5786ccfe03.jpeg?aki_policy=small,"{'street': 'Avenida Tamaulipas 224', 'city': 'Ciudad de México', 'state': 'Ciudad de México', 'postcode': '06100', 'country': 'MX', 'country_name': 'Mexico', 'coordinates': {'latitude': '19.4071694', 'longitude': '-99.1780593'}, 'display': 'Avenida Tamaulipas 224, Ciudad de México, Ciudad de México, 06100, MX'}",-0600,False,MXN,16:00,11:00,"['blender', 'carbon_monoxide_detector', 'coffee', 'coffee_maker', 'hair_dryer', 'hot_water', 'iron', 'kitchen', 'laptop_friendly_workspace', 'microwave', 'patio_or_belcony', 'portable_fans', 'refrigerator', 'room_darkening_shades', 'smoke_detector', 'stove', 'tv', 'washer', 'wireless_internet']","{'max': 6, 'bedrooms': 2, 'beds': 2, 'bathrooms': 1}","[{'beds': [{'type': 'king_bed', 'quantity': 1}]}, {'beds': [{'type': 'queen_bed', 'quantity': 1}]}]",apartment,Entire Home,[],"{'pets_allowed': False, 'smoking_allowed': False, 'events_allowed': False}",False,
02fdf72a-be96-44bd-b595-e33cad4635f6,Kepler 117/101,https://a0.muscache.com/im/pictures/miso/Hosting-1182164693226671574/original/37a741cd-f9bb-47e1-88c8-80bc08baeb0b.jpeg?aki_policy=small,"{'street': 'Calle Kepler 117', 'city': 'Ciudad de México', 'state': 'Ciudad de México', 'postcode': '11590', 'country': 'MX', 'country_name': 'Mexico', 'coordinates': {'latitude': '19.4337007', 'longitude': '-99.180468'}, 'display': 'Calle Kepler 117, Ciudad de México, Ciudad de México, 11590, MX'}",-0600,True,MXN,16:00,11:00,"['blender', 'carbon_monoxide_detector', 'coffee', 'coffee_maker', 'dryer', 'essentials', 'extra_pillows_and_blankets', 'hot_water', 'iron', 'kitchen', 'microwave', 'portable_fans', 'refrigerator', 'smoke_detector', 'stove', 'tv', 'wardrobe_or_closet', 'washer', 'wireless_internet']","{'max': 4, 'bedrooms': 2, 'beds': 2, 'bathrooms': 1}","[{'beds': [{'type': 'queen_bed', 'quantity': 1}]}, {'beds': [{'type': 'queen_bed', 'quantity': 1}]}]",apartment,Entire Home,[],"{'pets_allowed': False, 'smoking_allowed': False, 'events_allowed': False}",False,
8d3674c9-2f6c-4532-90b5-bebd8828d29b,Monterrey 225/6,https://a0.muscache.com/im/pictures/hosting/Hosting-U3RheVN1cHBseUxpc3Rpbmc6MTE4MDc2MzYyNTE1MTY0Mjg4OQ%3D%3D/original/6b362550-e243-42ef-ba26-be9fdac70afc.jpeg?aki_policy=small,"{'number': '6 Bajos', 'street': 'Monterrey 225', 'city': 'Ciudad de México', 'state': 'Ciudad de México', 'postcode': '06700', 'country': 'MX', 'country_name': 'Mexico', 'coordinates': {'latitude': '19.41149398', 'longitude': '-99.1639001'}, 'display': '6 Bajos, Monterrey 225, Ciudad de México, Ciudad de México, 06700, MX'}",-0600,True,MXN,16:00,11:00,"['bed_linens', 'blender', 'body_soap', 'books', 'coffee', 'coffee_maker', 'cooking_basics', 'dining_table', 'dishes_and_silverware', 'dryer', 'essentials', 'first_aid_kit', 'hair_dryer', 'hangers', 'home_theater', 'hot_water', 'hot_water_kettle', 'iron', 'kitchen', 'laptop_friendly_workspace', 'microwave', 'mini_fridge', 'portable_fans', 'shampoo', 'shower_gel', 'smoke_detector', 'stove', 'toaster', 'trash_compacter', 'tv', 'wardrobe_or_closet', 'washer', 'wine_glasses', 'wireless_internet']","{'max': 2, 'bedrooms': 1, 'beds': 1, 'bathrooms': 1}","[{'beds': [{'type': 'double_bed', 'quantity': 1}]}]",apartment,Entire Home,[],"{'pets_allowed': False, 'smoking_allowed': False, 'events_allowed': False}",False,
4d370347-5bb8-4eb6-afe2-9f3ec59304c2,Mesones 32,https://a0.muscache.com/im/pictures/miso/Hosting-51603721/original/b645a4ff-9852-4daa-bbaf-4420addc2c39.jpeg?aki_policy=small,"{'street': 'Calle de Mesones 32', 'city': 'Ciudad de México', 'state': 'Ciudad de México', 'postcode': '06080', 'country': 'MX', 'country_name': 'Mexico', 'coordinates': {'latitude': '19.4289635', 'longitude': '-99.1380702'}, 'display': 'Calle de Mesones 32, Ciudad de México, Ciudad de México, 06080, MX'}",-0600,True,MXN,16:00,11:00,"['bed_linens', 'body_soap', 'carbon_monoxide_detector', 'cleaning_products', 'coffee', 'coffee_maker', 'cooking_basics', 'dishes_and_silverware', 'dryer', 'essentials', 'ethernet_connection', 'extra_pillows_and_blankets', 'fire_extinguisher', 'freezer', 'hangers', 'hot_water', 'hot_water_kettle', 'kitchen', 'lock_on_bedroom_door', 'long_term_stays_allowed', 'luggage_dropoff_allowed', 'microwave', 'mini_fridge', 'paid_parking', 'patio', 'pocket_wifi', 'room_darkening_shades', 'shampoo', 'shower_gel', 'single_level_home', 'smoke_detector', 'stove', 'tv', 'washer', 'wine_glasses', 'wireless_internet']","{'max': 8, 'bedrooms': 4, 'beds': 5, 'bathrooms': 4}","[{'beds': [{'type': 'double_bed', 'quantity': 1}]}, {'beds': [{'type': 'double_bed', 'quantity': 1}]}, {'beds': [{'type': 'single_bed', 'quantity': 2}]}, {'beds': [{'type': 'double_bed', 'quantity': 1}]}]",house,Entire Home,[],"{'pets_allowed': False, 'smoking_allowed': False, 'events_allowed': False}",False,"{'type': 'parent', 'parent': None, 'children': ['a7f4281d-c63c-4b35-9524-5d017e7fee45', 'd632f2cf-dc94-4189-819d-30af721bf4e1', '30a27384-8757-4dd6-bf6a-a0160639bb87', '2d0e502c-11b9-4c51-95f8-dae90e27c863'], 'siblings': []}"
dfe53381-8867-4548-9571-98c8f4f65c3a,Bolsena 22/3,https://a0.muscache.com/im/pictures/hosting/Hosting-U3RheVN1cHBseUxpc3Rpbmc6MTE4NTUyMTMxMDAyNDMyMTMxMg%3D%3D/original/92c82560-49c2-4a06-a9ab-c2ae59a6d21f.jpeg?aki_policy=small,"{'street': 'Privada Lago Bolsena 22', 'city': 'Ciudad de México', 'state': 'Ciudad de México', 'postcode': '11460', 'country': 'MX', 'country_name': 'Mexico', 'coordinates': {'latitude': '19.4450444', 'longitude': '-99.1880138'}, 'display': 'Privada Lago Bolsena 22, Ciudad de México, Ciudad de México, 11460, MX'}",-0600,True,MXN,16:00,11:00,"['ac', 'blender', 'coffee', 'coffee_maker', 'cooking_basics', 'dryer', 'essentials', 'free_parking', 'hair_dryer', 'hot_water', 'iron', 'kitchen', 'patio_or_belcony', 'refrigerator', 'room_darkening_shades', 'stove', 'tv', 'wireless_internet']","{'max': 4, 'bedrooms': 2, 'beds': 2, 'bathrooms': 1}","[{'beds': [{'type': 'king_bed', 'quantity': 1}]}, {'beds': [{'type': 'queen_bed', 'quantity': 1}]}]",apartment,Entire Home,[],"{'pets_allowed': False, 'smoking_allowed': False, 'events_allowed': False}",False,
5369ad52-face-47ae-bf45-6a65e538b918,Distum 1318A,https://a0.muscache.com/im/pictures/hosting/Hosting-U3RheVN1cHBseUxpc3Rpbmc6MTE4NTk4NjYyODkyMzM5MjY0Ng%3D%3D/original/3698bcf8-6040-4b1a-af53-c1a5170aa470.jpeg?aki_policy=small,"{'street': 'Avenida Marina Nacional 385', 'city': 'Ciudad de México', 'state': 'Ciudad de México', 'postcode': '11300', 'country': 'MX', 'country_name': 'Mexico', 'coordinates': {'latitude': '19.4376516', 'longitude': '-99.1724718'}, 'display': 'Avenida Marina Nacional 385, Ciudad de México, Ciudad de México, 11300, MX'}",-0600,True,MXN,16:00,11:00,"['ac', 'alfresco_dining', 'bed_linens', 'carbon_monoxide_detector', 'coffee_maker', 'cooking_basics', 'crib', 'dryer', 'elevator', 'essentials', 'exercise_equipment', 'freezer', 'garden_or_backyard', 'gym', 'hair_dryer', 'hangers', 'hot_water', 'iron', 'kitchen', 'laptop_friendly_workspace', 'microwave', 'outdoor_seating', 'oven', 'pack_n_play_travel_crib', 'patio_or_belcony', 'playroom', 'pour_over_coffee', 'room_darkening_shades', 'shampoo', 'single_level_home', 'smoke_detector', 'tv', 'wardrobe_or_closet', 'washer', 'window_guards', 'wireless_internet']","{'max': 2, 'bedrooms': 1, 'beds': 1, 'bathrooms': 1}","[{'beds': [{'type': 'king_bed', 'quantity': 1}]}]",apartment,Entire Home,[],"{'pets_allowed': None, 'smoking_allowed': None, 'events_allowed': None}",False,
3d44d6d3-72f0-488a-b640-14dde2fccde2,Bucareli 58/205,https://a0.muscache.com/im/pictures/hosting/Hosting-U3RheVN1cHBseUxpc3Rpbmc6MTE5MzA3ODA2NzgzMTYwMjU1Mg%3D%3D/original/65476eac-516a-46cb-bc1f-6079997b4f18.png?aki_policy=small,"{'street': 'Bucareli 58', 'city': 'Ciudad de México', 'state': 'Ciudad de México', 'postcode': '06040', 'country': 'MX', 'country_name': 'Mexico', 'coordinates': {'latitude': '19.4318918', 'longitude': '-99.1509664'}, 'display': 'Bucareli 58, Ciudad de México, Ciudad de México, 06040, MX'}",-0600,True,MXN,16:00,11:00,"['ac', 'blender', 'body_soap', 'cleaning_products', 'coffee', 'coffee_maker', 'cooking_basics', 'dishes_and_silverware', 'essentials', 'extra_pillows_and_blankets', 'hangers', 'kitchen', 'microwave', 'paid_parking', 'refrigerator', 'room_darkening_shades', 'shampoo', 'stove', 'tv', 'wardrobe_or_closet', 'wireless_internet']","{'max': 2, 'bedrooms': 1, 'beds': 1, 'bathrooms': 1}","[{'beds': [{'type': 'king_bed', 'quantity': 1}]}]",apartment,Entire Home,[],"{'pets_allowed': False, 'smoking_allowed': False, 'events_allowed': False}",False,
f19d1994-28ca-4361-aa75-5ba81aaf08e2,Unnamed Property,https://assets.smartbnb.io/sorry-image-not-available.png,"{'country': 'MX', 'country_name': 'Mexico', 'coordinates': {'latitude': '', 'longitude': ''}, 'display': 'MX'}",+0000,False,MXN,15:00,11:00,,"{'max': 0, 'bedrooms': None, 'beds': None, 'bathrooms': 1}",[],,Entire Home,[],"{'pets_allowed': None, 'smoking_allowed': None, 'events_allowed': None}",False,
22dc1d32-5450-4919-b5a9-780ed8cfea2a,Bucareli 58/4,https://a0.muscache.com/im/pictures/hosting/Hosting-U3RheVN1cHBseUxpc3Rpbmc6MTE5MzA3ODA2NzgzMTYwMjU1Mg%3D%3D/original/65476eac-516a-46cb-bc1f-6079997b4f18.png?aki_policy=small,"{'number': '4', 'street': 'Bucareli 58', 'city': 'Ciudad de México', 'state': 'Ciudad de México', 'postcode': '06040', 'country': 'MX', 'country_name': 'Mexico', 'coordinates': {'latitude': '19.4318918', 'longitude': '-99.1509664'}, 'display': '4, Bucareli 58, Ciudad de México, Ciudad de México, 06040, MX'}",-0600,True,MXN,16:00,11:00,"['blender', 'body_soap', 'cleaning_products', 'coffee', 'coffee_maker', 'conditioner', 'cooking_basics', 'dining_table', 'dishes_and_silverware', 'essentials', 'extra_pillows_and_blankets', 'freezer', 'hair_dryer', 'hangers', 'hot_water', 'kitchen', 'microwave', 'oven', 'refrigerator', 'room_darkening_shades', 'shampoo', 'shower_gel', 'stove', 'tv', 'wardrobe_or_closet', 'wine_glasses', 'wireless_internet']","{'max': 4, 'bedrooms': 1, 'beds': 2, 'bathrooms': 1}","[{'beds': [{'type': 'queen_bed', 'quantity': 1}]}, {'beds': [{'type': 'sofa_bed', 'quantity': 1}]}]",apartment,Entire Home,[],"{'pets_allowed': False, 'smoking_allowed': False, 'events_allowed': False}",False,
71967fdc-32d2-4c4a-a93b-825781ea2f4d,Río Lerma 69/206,https://a0.muscache.com/im/pictures/hosting/Hosting-U3RheVN1cHBseUxpc3Rpbmc6MTE5NjAwODk4MTY3OTA4MTA1NA%3D%3D/original/a8e4c119-8c5f-4814-94c6-2b36537d7101.jpeg?aki_policy=small,"{'street': 'Calle Río Lerma 69', 'city': 'Ciudad de México', 'state': 'Ciudad de México', 'postcode': '06500', 'country': 'MX', 'country_name': 'Mexico', 'coordinates': {'latitude': '19.4304827', 'longitude': '-99.1654'}, 'display': 'Calle Río Lerma 69, Ciudad de México, Ciudad de México, 06500, MX'}",-0600,True,MXN,16:00,11:00,"['cooking_basics', 'elevator', 'essentials', 'free_parking', 'kitchen', 'room_darkening_shades', 'shampoo', 'tv', 'wine_glasses', 'wireless_internet']","{'max': 6, 'bedrooms': 3, 'beds': 3, 'bathrooms': 2}","[{'beds': [{'type': 'king_bed', 'quantity': 1}]}, {'beds': [{'type': 'queen_bed', 'quantity': 1}]}, {'beds': [{'type': 'double_bed', 'quantity': 1}]}]",apartment,Entire Home,[],"{'pets_allowed': False, 'smoking_allowed': False, 'events_allowed': False}",False,
c3e5771d-74c9-457c-ac85-ff3d1a7ee492,Bioparque 102A,https://a0.muscache.com/im/pictures/hosting/Hosting-U3RheVN1cHBseUxpc3Rpbmc6MTE5NjQ3NzMxOTkyNTM3MTI4NA%3D%3D/original/051b2be9-033a-4811-9e20-3a9607ecb67b.jpeg?aki_policy=small,"{'number': '102a', 'street': 'Calle 18 254', 'city': 'Ciudad de México', 'state': 'Ciudad de México', 'postcode': '01180', 'country': 'MX', 'country_name': 'Mexico', 'coordinates': {'latitude': '19.3877073', 'longitude': '-99.1951403'}, 'display': '102a, Calle 18 254, Ciudad de México, Ciudad de México, 01180, MX'}",-0600,True,MXN,16:00,11:00,"['ac', 'blender', 'carbon_monoxide_detector', 'cooking_basics', 'crib', 'elevator', 'essentials', 'free_parking', 'hair_dryer', 'hot_water', 'iron', 'kitchen', 'microwave', 'refrigerator', 'room_darkening_shades', 'smoke_detector', 'stove', 'tv', 'wardrobe_or_closet', 'washer', 'wine_glasses', 'wireless_internet']","{'max': 4, 'bedrooms': 2, 'beds': 2, 'bathrooms': 2}","[{'beds': [{'type': 'double_bed', 'quantity': 1}]}, {'beds': [{'type': 'queen_bed', 'quantity': 1}]}]",apartment,Entire Home,[],"{'pets_allowed': False, 'smoking_allowed': False, 'events_allowed': False}",False,
88161afc-9672-48c6-b91d-c28090f2449d,Toltecas 104K,https://a0.muscache.com/im/pictures/hosting/Hosting-U3RheVN1cHBseUxpc3Rpbmc6MTIwMDA1NDMwMjQ5NjQyNTc5OA%3D%3D/original/6fe47811-59cc-48e5-b693-d1436e98f7e5.jpeg?aki_policy=small,"{'street': 'Toltecas 166', 'city': 'Ciudad de México', 'state': 'Ciudad de México', 'postcode': '01180', 'country': 'MX', 'country_name': 'Mexico', 'coordinates': {'latitude': '19.3868219', 'longitude': '-99.1937888'}, 'display': 'Toltecas 166, Ciudad de México, Ciudad de México, 01180, MX'}",-0600,True,MXN,16:00,11:00,"['bed_linens', 'blender', 'body_soap', 'carbon_monoxide_detector', 'cleaning_products', 'coffee', 'coffee_maker', 'conditioner', 'cooking_basics', 'crib', 'dining_table', 'essentials', 'extra_pillows_and_blankets', 'freezer', 'hair_dryer', 'hangers', 'hot_water', 'iron', 'kitchen', 'microwave', 'oven', 'refrigerator', 'room_darkening_shades', 'shampoo', 'shower_gel', 'smoke_detector', 'stove', 'sun_loungers', 'tv', 'wardrobe_or_closet', 'wine_glasses', 'wireless_internet']","{'max': 5, 'bedrooms': 3, 'beds': 3, 'bathrooms': 2}","[{'beds': [{'type': 'double_bed', 'quantity': 1}]}, {'beds': [{'type': 'double_bed', 'quantity': 1}]}, {'beds': [{'type': 'single_bed', 'quantity': 1}]}]",apartment,Entire Home,[],"{'pets_allowed': False, 'smoking_allowed': False, 'events_allowed': False}",False,
c9ce7cb3-1785-43f2-bb7c-cb36493c9c2a,Bucareli 58/205,https://a0.muscache.com/im/pictures/miso/Hosting-1188743641237080836/original/f381b32d-5207-49b1-a526-0bdbdd46060e.jpeg?aki_policy=small,"{'street': 'Bucareli 58', 'city': 'Ciudad de México', 'state': 'Ciudad de México', 'postcode': '06040', 'country': 'MX', 'country_name': 'Mexico', 'coordinates': {'latitude': '19.4318918', 'longitude': '-99.1509664'}, 'display': 'Bucareli 58, Ciudad de México, Ciudad de México, 06040, MX'}",-0600,False,MXN,16:00,11:00,"['ac', 'blender', 'coffee', 'coffee_maker', 'cooking_basics', 'essentials', 'hair_dryer', 'hangers', 'iron', 'kitchen', 'laptop_friendly_workspace', 'microwave', 'paid_parking', 'refrigerator', 'shampoo', 'stove', 'tv', 'wardrobe_or_closet', 'wireless_internet']","{'max': 2, 'bedrooms': 1, 'beds': 1, 'bathrooms': 1}","[{'beds': [{'type': 'king_bed', 'quantity': 1}]}]",apartment,Entire Home,[],"{'pets_allowed': False, 'smoking_allowed': False, 'events_allowed': False}",False,
94271cef-053d-4609-a23b-0f55dced6335,Chilpancingo 39/101,https://a0.muscache.com/im/pictures/miso/Hosting-1210704745160547116/original/0a23ad3a-433c-4ecc-bd09-016ae89b5edd.jpeg?aki_policy=small,"{'number': '101', 'street': 'Calle Chilpancingo 39', 'city': 'Ciudad de México', 'state': 'Ciudad de México', 'postcode': '06100', 'country': 'MX', 'country_name': 'Mexico', 'coordinates': {'latitude': '19.4081331', 'longitude': '-99.1699514'}, 'display': '101, Calle Chilpancingo 39, Ciudad de México, Ciudad de México, 06100, MX'}",-0600,True,MXN,16:00,11:00,"['bed_linens', 'body_soap', 'carbon_monoxide_detector', 'cleaning_before_checkout', 'coffee', 'coffee_maker', 'cooking_basics', 'dishes_and_silverware', 'dryer', 'freezer', 'hair_dryer', 'hangers', 'heating', 'hot_water', 'iron', 'kitchen', 'microwave', 'outdoor_seating', 'oven', 'paid_parking', 'patio_or_belcony', 'refrigerator', 'room_darkening_shades', 'safe', 'shampoo', 'smoke_detector', 'stove', 'tv', 'wardrobe_or_closet', 'washer', 'wine_glasses', 'wireless_internet']","{'max': 4, 'bedrooms': 2, 'beds': 2, 'bathrooms': 1}","[{'beds': [{'type': 'king_bed', 'quantity': 1}]}, {'beds': [{'type': 'queen_bed', 'quantity': 1}]}]",apartment,Entire Home,[],"{'pets_allowed': False, 'smoking_allowed': False, 'events_allowed': False}",False,
fe13a8cb-4b7d-4770-8360-862d8ec30927,Chilpancingo 39/PH2,https://a0.muscache.com/im/pictures/miso/Hosting-1211263798030591083/original/d7f47182-a18a-43e6-8dc0-949ddbaf2a97.jpeg?aki_policy=small,"{'number': 'PH2', 'street': 'Calle Chilpancingo 39', 'city': 'Ciudad de México', 'state': 'Ciudad de México', 'postcode': '06100', 'country': 'MX', 'country_name': 'Mexico', 'coordinates': {'latitude': '19.4081331', 'longitude': '-99.1699514'}, 'display': 'PH2, Calle Chilpancingo 39, Ciudad de México, Ciudad de México, 06100, MX'}",-0600,True,MXN,16:00,11:00,"['bed_linens', 'body_soap', 'carbon_monoxide_detector', 'cleaning_before_checkout', 'coffee', 'coffee_maker', 'cooking_basics', 'dishes_and_silverware', 'dryer', 'freezer', 'hair_dryer', 'hangers', 'heating', 'hot_water', 'iron', 'kitchen', 'microwave', 'outdoor_seating', 'oven', 'pack_n_play_travel_crib', 'paid_parking', 'patio_or_belcony', 'refrigerator', 'room_darkening_shades', 'safe', 'shampoo', 'smoke_detector', 'stove', 'tv', 'wardrobe_or_closet', 'washer', 'wine_glasses', 'wireless_internet']","{'max': 4, 'bedrooms': 2, 'beds': 2, 'bathrooms': 2}","[{'beds': [{'type': 'king_bed', 'quantity': 1}]}, {'beds': [{'type': 'queen_bed', 'quantity': 1}]}]",apartment,Entire Home,[],"{'pets_allowed': False, 'smoking_allowed': False, 'events_allowed': False}",False,
911a0141-58e4-47d0-83a6-f93357a52302,Chilpancingo 39/PH1,https://a0.muscache.com/im/pictures/miso/Hosting-1211827082290931095/original/510295f5-3596-4b86-8095-d8b107ecbacb.jpeg?aki_policy=small,"{'number': 'PH1', 'street': 'Calle Chilpancingo 39', 'city': 'Ciudad de México', 'state': 'Ciudad de México', 'postcode': '06100', 'country': 'MX', 'country_name': 'Mexico', 'coordinates': {'latitude': '19.4081331', 'longitude': '-99.1699514'}, 'display': 'PH1, Calle Chilpancingo 39, Ciudad de México, Ciudad de México, 06100, MX'}",-0600,True,MXN,16:00,11:00,"['bed_linens', 'body_soap', 'carbon_monoxide_detector', 'cleaning_before_checkout', 'coffee', 'coffee_maker', 'cooking_basics', 'dishes_and_silverware', 'dryer', 'freezer', 'hair_dryer', 'hangers', 'heating', 'hot_water', 'iron', 'kitchen', 'microwave', 'outdoor_seating', 'oven', 'pack_n_play_travel_crib', 'paid_parking', 'patio_or_belcony', 'refrigerator', 'safe', 'shampoo', 'smoke_detector', 'stove', 'tv', 'wardrobe_or_closet', 'washer', 'wine_glasses', 'wireless_internet']","{'max': 2, 'bedrooms': 1, 'beds': 1, 'bathrooms': 1}","[{'beds': [{'type': 'king_bed', 'quantity': 1}]}]",apartment,Entire Home,[],"{'pets_allowed': False, 'smoking_allowed': False, 'events_allowed': False}",False,
8a923d49-0d93-4bae-8df5-1a381d0b2018,Chilpancingo 39/301,https://a0.muscache.com/im/pictures/miso/Hosting-1211861077165785472/original/2fa35568-2c31-401f-9338-f2e51c0f57fd.jpeg?aki_policy=small,"{'number': '301', 'street': 'Calle Chilpancingo 39', 'city': 'Ciudad de México', 'state': 'Ciudad de México', 'postcode': '06100', 'country': 'MX', 'country_name': 'Mexico', 'coordinates': {'latitude': '19.4081331', 'longitude': '-99.1699514'}, 'display': '301, Calle Chilpancingo 39, Ciudad de México, Ciudad de México, 06100, MX'}",-0600,True,MXN,16:00,11:00,"['bed_linens', 'body_soap', 'carbon_monoxide_detector', 'cleaning_before_checkout', 'coffee', 'coffee_maker', 'cooking_basics', 'dishes_and_silverware', 'dryer', 'freezer', 'hair_dryer', 'hangers', 'heating', 'hot_water', 'iron', 'kitchen', 'laptop_friendly_workspace', 'microwave', 'outdoor_seating', 'oven', 'pack_n_play_travel_crib', 'paid_parking', 'patio_or_belcony', 'refrigerator', 'room_darkening_shades', 'safe', 'shampoo', 'smoke_detector', 'stove', 'tv', 'wardrobe_or_closet', 'washer', 'wine_glasses', 'wireless_internet']","{'max': 4, 'bedrooms': 2, 'beds': 2, 'bathrooms': 1}","[{'beds': [{'type': 'king_bed', 'quantity': 1}]}, {'beds': [{'type': 'queen_bed', 'quantity': 1}]}]",apartment,Entire Home,[],"{'pets_allowed': False, 'smoking_allowed': False, 'events_allowed': False}",False,
88078db9-f63f-4cea-b406-d6c3a2ca0d5c,Chilpancingo 39/102,https://a0.muscache.com/im/pictures/miso/Hosting-1211886647473627847/original/38efa0c1-7e4a-4ae8-9ac5-9e0bffa0b499.jpeg?aki_policy=small,"{'number': '102', 'street': 'Calle Chilpancingo 39', 'city': 'Ciudad de México', 'state': 'Ciudad de México', 'postcode': '06100', 'country': 'MX', 'country_name': 'Mexico', 'coordinates': {'latitude': '19.4081331', 'longitude': '-99.1699514'}, 'display': '102, Calle Chilpancingo 39, Ciudad de México, Ciudad de México, 06100, MX'}",-0600,True,MXN,16:00,11:00,"['bed_linens', 'body_soap', 'carbon_monoxide_detector', 'cleaning_before_checkout', 'coffee', 'coffee_maker', 'cooking_basics', 'dishes_and_silverware', 'dryer', 'freezer', 'hair_dryer', 'hammock', 'hangers', 'heating', 'hot_water', 'iron', 'kitchen', 'microwave', 'outdoor_seating', 'oven', 'pack_n_play_travel_crib', 'paid_parking', 'patio_or_belcony', 'refrigerator', 'room_darkening_shades', 'safe', 'shampoo', 'smoke_detector', 'stove', 'tv', 'wardrobe_or_closet', 'washer', 'wine_glasses', 'wireless_internet']","{'max': 4, 'bedrooms': 2, 'beds': 2, 'bathrooms': 1}","[{'beds': [{'type': 'queen_bed', 'quantity': 1}]}, {'beds': [{'type': 'king_bed', 'quantity': 1}]}]",apartment,Entire Home,[],"{'pets_allowed': False, 'smoking_allowed': False, 'events_allowed': False}",False,
4c43c168-d232-42f0-b44e-e8604e035781,Chilpancingo 39/302,https://a0.muscache.com/im/pictures/miso/Hosting-1211907317695718899/original/7ee298cc-18d0-4221-8b62-5cd58f26291a.jpeg?aki_policy=small,"{'number': '302', 'street': 'Calle Chilpancingo 39', 'city': 'Ciudad de México', 'state': 'Ciudad de México', 'postcode': '06100', 'country': 'MX', 'country_name': 'Mexico', 'coordinates': {'latitude': '19.4081331', 'longitude': '-99.1699514'}, 'display': '302, Calle Chilpancingo 39, Ciudad de México, Ciudad de México, 06100, MX'}",-0600,True,MXN,16:00,11:00,"['bed_linens', 'body_soap', 'carbon_monoxide_detector', 'cleaning_before_checkout', 'coffee', 'coffee_maker', 'cooking_basics', 'dishes_and_silverware', 'dryer', 'freezer', 'hair_dryer', 'hangers', 'heating', 'hot_water', 'iron', 'kitchen', 'microwave', 'outdoor_seating', 'oven', 'pack_n_play_travel_crib', 'paid_parking', 'refrigerator', 'room_darkening_shades', 'safe', 'shampoo', 'smoke_detector', 'stove', 'tv', 'wardrobe_or_closet', 'washer', 'wine_glasses', 'wireless_internet']","{'max': 4, 'bedrooms': 2, 'beds': 2, 'bathrooms': 1}",[],apartment,Entire Home,[],"{'pets_allowed': False, 'smoking_allowed': False, 'events_allowed': False}",False,
b0425199-f982-4dc7-9f87-f1e28e0b46ee,Chilpancingo 39/201,https://a0.muscache.com/im/pictures/miso/Hosting-1211937223886847641/original/05ca038a-1bd1-498f-9655-2a917ca18c83.jpeg?aki_policy=small,"{'number': '201', 'street': 'Calle Chilpancingo 39', 'city': 'Ciudad de México', 'state': 'Ciudad de México', 'postcode': '06100', 'country': 'MX', 'country_name': 'Mexico', 'coordinates': {'latitude': '19.4081331', 'longitude': '-99.1699514'}, 'display': '201, Calle Chilpancingo 39, Ciudad de México, Ciudad de México, 06100, MX'}",-0600,True,MXN,16:00,11:00,"['bed_linens', 'body_soap', 'carbon_monoxide_detector', 'cleaning_before_checkout', 'coffee', 'coffee_maker', 'cooking_basics', 'dishes_and_silverware', 'dryer', 'freezer', 'hair_dryer', 'hangers', 'heating', 'hot_water', 'iron', 'kitchen', 'laptop_friendly_workspace', 'microwave', 'outdoor_seating', 'oven', 'pack_n_play_travel_crib', 'paid_parking', 'patio_or_belcony', 'refrigerator', 'room_darkening_shades', 'safe', 'shampoo', 'smoke_detector', 'stove', 'tv', 'wardrobe_or_closet', 'washer', 'wine_glasses', 'wireless_internet']","{'max': 4, 'bedrooms': 2, 'beds': 2, 'bathrooms': 1}",[],apartment,Entire Home,[],"{'pets_allowed': False, 'smoking_allowed': False, 'events_allowed': False}",False,
f3facc41-e1fb-4d0c-b20b-60e573a2ed49,Chilpancingo 39/202,https://a0.muscache.com/im/pictures/miso/Hosting-1211964168352239992/original/2a8583be-3d22-4771-a0c2-ec7bfe0cf8ec.jpeg?aki_policy=small,"{'number': '202', 'street': 'Calle Chilpancingo 39', 'city': 'Ciudad de México', 'state': 'Ciudad de México', 'postcode': '06100', 'country': 'MX', 'country_name': 'Mexico', 'coordinates': {'latitude': '19.4081331', 'longitude': '-99.1699514'}, 'display': '202, Calle Chilpancingo 39, Ciudad de México, Ciudad de México, 06100, MX'}",-0600,True,MXN,16:00,11:00,"['bed_linens', 'body_soap', 'carbon_monoxide_detector', 'cleaning_before_checkout', 'coffee', 'coffee_maker', 'cooking_basics', 'dishes_and_silverware', 'dryer', 'freezer', 'hair_dryer', 'hangers', 'heating', 'hot_water', 'iron', 'kitchen', 'microwave', 'outdoor_seating', 'oven', 'pack_n_play_travel_crib', 'paid_parking', 'refrigerator', 'room_darkening_shades', 'safe', 'shampoo', 'smoke_detector', 'stove', 'tv', 'wardrobe_or_closet', 'washer', 'wine_glasses', 'wireless_internet']","{'max': 4, 'bedrooms': 2, 'beds': 2, 'bathrooms': 1}",[],apartment,Entire Home,[],"{'pets_allowed': False, 'smoking_allowed': False, 'events_allowed': False}",False,
307d9a5f-ee17-4519-90c8-6d8c399c60ab,Zamora 71/201,https://a0.muscache.com/im/pictures/miso/Hosting-1212645149836166289/original/9e38b80d-3b8d-4c7c-8eaa-ce0ff34403fb.jpeg?aki_policy=small,"{'number': '201', 'street': 'Zamora 71', 'city': 'Ciudad de México', 'state': 'Ciudad de México', 'postcode': '06140', 'country': 'MX', 'country_name': 'Mexico', 'coordinates': {'latitude': '19.417193', 'longitude': '-99.1779894'}, 'display': '201, Zamora 71, Ciudad de México, Ciudad de México, 06140, MX'}",-0600,True,MXN,16:00,11:00,"['bed_linens', 'blender', 'carbon_monoxide_detector', 'cleaning_before_checkout', 'coffee_maker', 'cooking_basics', 'dishes_and_silverware', 'dryer', 'elevator', 'exercise_equipment', 'freezer', 'hangers', 'heating', 'iron', 'kitchen', 'laptop_friendly_workspace', 'long_term_stays_allowed', 'microwave', 'outdoor_seating', 'pack_n_play_travel_crib', 'patio_or_belcony', 'portable_fans', 'refrigerator', 'room_darkening_shades', 'safe', 'smoke_detector', 'stove', 'tv', 'wardrobe_or_closet', 'washer', 'wireless_internet']","{'max': 2, 'bedrooms': 1, 'beds': 1, 'bathrooms': 1}","[{'beds': [{'type': 'king_bed', 'quantity': 1}]}]",apartment,Entire Home,[],"{'pets_allowed': False, 'smoking_allowed': False, 'events_allowed': False}",False,
45478178-c2be-4f2c-b4a5-e1aaa5377f16,Zamora 71/305,https://a0.muscache.com/im/pictures/miso/Hosting-1212662980846759975/original/d023db64-14a3-4fb5-9695-de820abf12a9.jpeg?aki_policy=small,"{'number': '305', 'street': 'Zamora 71', 'city': 'Ciudad de México', 'state': 'Ciudad de México', 'postcode': '06140', 'country': 'MX', 'country_name': 'Mexico', 'coordinates': {'latitude': '19.417193', 'longitude': '-99.1779894'}, 'display': '305, Zamora 71, Ciudad de México, Ciudad de México, 06140, MX'}",-0600,True,MXN,16:00,11:00,"['bed_linens', 'blender', 'carbon_monoxide_detector', 'cleaning_before_checkout', 'coffee_maker', 'cooking_basics', 'dishes_and_silverware', 'dryer', 'elevator', 'exercise_equipment', 'freezer', 'hangers', 'heating', 'iron', 'kitchen', 'laptop_friendly_workspace', 'long_term_stays_allowed', 'microwave', 'outdoor_seating', 'pack_n_play_travel_crib', 'patio_or_belcony', 'portable_fans', 'refrigerator', 'room_darkening_shades', 'safe', 'smoke_detector', 'stove', 'tv', 'wardrobe_or_closet', 'washer', 'wireless_internet']","{'max': 2, 'bedrooms': 1, 'beds': 1, 'bathrooms': 1}","[{'beds': [{'type': 'king_bed', 'quantity': 1}]}]",apartment,Entire Home,[],"{'pets_allowed': False, 'smoking_allowed': False, 'events_allowed': False}",False,
58d62ff6-f4d7-44ed-9480-60808c261697,Zamora 71/402,https://a0.muscache.com/im/pictures/miso/Hosting-1212694465900729055/original/14eb2986-485d-442b-abb8-ab08179e3a89.jpeg?aki_policy=small,"{'number': '402', 'street': 'Zamora 71', 'city': 'Ciudad de México', 'state': 'Ciudad de México', 'postcode': '06140', 'country': 'MX', 'country_name': 'Mexico', 'coordinates': {'latitude': '19.417193', 'longitude': '-99.1779894'}, 'display': '402, Zamora 71, Ciudad de México, Ciudad de México, 06140, MX'}",-0600,True,MXN,16:00,11:00,"['bed_linens', 'blender', 'carbon_monoxide_detector', 'cleaning_before_checkout', 'coffee_maker', 'cooking_basics', 'dishes_and_silverware', 'dryer', 'elevator', 'exercise_equipment', 'freezer', 'hangers', 'heating', 'iron', 'kitchen', 'laptop_friendly_workspace', 'long_term_stays_allowed', 'microwave', 'outdoor_seating', 'pack_n_play_travel_crib', 'patio_or_belcony', 'portable_fans', 'refrigerator', 'room_darkening_shades', 'safe', 'smoke_detector', 'stove', 'tv', 'wardrobe_or_closet', 'washer', 'wireless_internet']","{'max': 2, 'bedrooms': 1, 'beds': 1, 'bathrooms': 1}","[{'beds': [{'type': 'king_bed', 'quantity': 1}]}]",apartment,Entire Home,[],"{'pets_allowed': False, 'smoking_allowed': False, 'events_allowed': False}",False,
0a32b80d-f239-453e-9080-dd42fbb9ab93,Zamora 71/202,https://a0.muscache.com/im/pictures/miso/Hosting-1212714103785658889/original/65088b5b-4e7a-4afc-a485-a47aeef31dea.jpeg?aki_policy=small,"{'number': '202', 'street': 'Zamora 71', 'city': 'Ciudad de México', 'state': 'Ciudad de México', 'postcode': '06140', 'country': 'MX', 'country_name': 'Mexico', 'coordinates': {'latitude': '19.417193', 'longitude': '-99.1779894'}, 'display': '202, Zamora 71, Ciudad de México, Ciudad de México, 06140, MX'}",-0600,True,MXN,16:00,11:00,"['bed_linens', 'blender', 'carbon_monoxide_detector', 'cleaning_before_checkout', 'coffee_maker', 'cooking_basics', 'dishes_and_silverware', 'dryer', 'elevator', 'exercise_equipment', 'freezer', 'hangers', 'heating', 'iron', 'kitchen', 'laptop_friendly_workspace', 'long_term_stays_allowed', 'microwave', 'outdoor_seating', 'pack_n_play_travel_crib', 'patio_or_belcony', 'portable_fans', 'refrigerator', 'room_darkening_shades', 'safe', 'smoke_detector', 'stove', 'tv', 'wardrobe_or_closet', 'washer', 'wireless_internet']","{'max': 2, 'bedrooms': 1, 'beds': 1, 'bathrooms': 1}","[{'beds': [{'type': 'king_bed', 'quantity': 1}]}]",apartment,Entire Home,[],"{'pets_allowed': False, 'smoking_allowed': False, 'events_allowed': False}",False,
54afe50b-4281-4515-988d-924af7efe809,Zamora 71/2,https://a0.muscache.com/im/pictures/hosting/Hosting-U3RheVN1cHBseUxpc3Rpbmc6MTIxMzQ1NTYyNjQxNDAzNDcxMw%3D%3D/original/b03f3776-9d01-4a74-aec7-814058c69963.jpeg?aki_policy=small,"{'number': '2', 'street': 'Zamora 71', 'city': 'Ciudad de México', 'state': 'Ciudad de México', 'postcode': '06140', 'country': 'MX', 'country_name': 'Mexico', 'coordinates': {'latitude': '19.417193', 'longitude': '-99.1779894'}, 'display': '2, Zamora 71, Ciudad de México, Ciudad de México, 06140, MX'}",-0600,True,MXN,16:00,11:00,"['bed_linens', 'blender', 'carbon_monoxide_detector', 'cleaning_before_checkout', 'coffee_maker', 'cooking_basics', 'dishes_and_silverware', 'dryer', 'elevator', 'exercise_equipment', 'fire_extinguisher', 'freezer', 'hangers', 'heating', 'iron', 'kitchen', 'laptop_friendly_workspace', 'long_term_stays_allowed', 'microwave', 'outdoor_seating', 'pack_n_play_travel_crib', 'patio_or_belcony', 'portable_fans', 'refrigerator', 'room_darkening_shades', 'safe', 'smoke_detector', 'stove', 'tv', 'wardrobe_or_closet', 'washer', 'wireless_internet']","{'max': 2, 'bedrooms': 1, 'beds': 1, 'bathrooms': 1}","[{'beds': [{'type': 'king_bed', 'quantity': 1}]}]",apartment,Entire Home,[],"{'pets_allowed': False, 'smoking_allowed': False, 'events_allowed': False}",False,
87856c15-a772-4a1d-a5ab-272494a01d7b,Zamora 71/302,https://a0.muscache.com/im/pictures/miso/Hosting-1213485063321354312/original/a0ff382c-1d8f-4f99-9083-8665d6e1e716.jpeg?aki_policy=small,"{'number': '302', 'street': 'Zamora 71', 'city': 'Ciudad de México', 'state': 'Ciudad de México', 'postcode': '06140', 'country': 'MX', 'country_name': 'Mexico', 'coordinates': {'latitude': '19.417193', 'longitude': '-99.1779894'}, 'display': '302, Zamora 71, Ciudad de México, Ciudad de México, 06140, MX'}",-0600,True,MXN,16:00,11:00,"['bed_linens', 'blender', 'carbon_monoxide_detector', 'cleaning_before_checkout', 'coffee_maker', 'cooking_basics', 'dishes_and_silverware', 'dryer', 'elevator', 'exercise_equipment', 'fire_extinguisher', 'freezer', 'hangers', 'heating', 'iron', 'kitchen', 'laptop_friendly_workspace', 'long_term_stays_allowed', 'microwave', 'outdoor_seating', 'pack_n_play_travel_crib', 'patio_or_belcony', 'portable_fans', 'refrigerator', 'room_darkening_shades', 'safe', 'smoke_detector', 'stove', 'tv', 'wardrobe_or_closet', 'washer', 'wireless_internet']","{'max': 2, 'bedrooms': 1, 'beds': 1, 'bathrooms': 1}","[{'beds': [{'type': 'king_bed', 'quantity': 1}]}]",apartment,Entire Home,[],"{'pets_allowed': False, 'smoking_allowed': False, 'events_allowed': False}",False,
8f6b71d5-597f-4030-bc2b-a61cdbba7bfd,Zamora 71/304,https://a0.muscache.com/im/pictures/miso/Hosting-1213500442715629319/original/8eda6678-5f8c-4b7e-840f-5d104edc53b6.jpeg?aki_policy=small,"{'number': '304', 'street': 'Zamora 71', 'city': 'Ciudad de México', 'state': 'Ciudad de México', 'postcode': '06140', 'country': 'MX', 'country_name': 'Mexico', 'coordinates': {'latitude': '19.417193', 'longitude': '-99.1779894'}, 'display': '304, Zamora 71, Ciudad de México, Ciudad de México, 06140, MX'}",-0600,True,MXN,16:00,11:00,"['bed_linens', 'blender', 'carbon_monoxide_detector', 'cleaning_before_checkout', 'coffee_maker', 'cooking_basics', 'dishes_and_silverware', 'dryer', 'elevator', 'exercise_equipment', 'fire_extinguisher', 'freezer', 'hangers', 'heating', 'iron', 'kitchen', 'laptop_friendly_workspace', 'long_term_stays_allowed', 'microwave', 'outdoor_seating', 'pack_n_play_travel_crib', 'patio_or_belcony', 'portable_fans', 'refrigerator', 'room_darkening_shades', 'safe', 'smoke_detector', 'stove', 'tv', 'wardrobe_or_closet', 'washer', 'wireless_internet']","{'max': 2, 'bedrooms': 1, 'beds': 1, 'bathrooms': 1}","[{'beds': [{'type': 'queen_bed', 'quantity': 1}]}]",apartment,Entire Home,[],"{'pets_allowed': False, 'smoking_allowed': False, 'events_allowed': False}",False,
6f8265ae-9420-4264-b1b3-a2855027652c,Zamora 71/303,https://a0.muscache.com/im/pictures/hosting/Hosting-U3RheVN1cHBseUxpc3Rpbmc6MTIwODUyMDk2ODU1MjU1NDkzOA%3D%3D/original/387e0aaa-f74f-4098-af16-74269d74343f.jpeg?aki_policy=small,"{'number': '303', 'street': 'Zamora 71', 'city': 'Ciudad de México', 'state': 'Ciudad de México', 'postcode': '06140', 'country': 'MX', 'country_name': 'Mexico', 'coordinates': {'latitude': '19.417193', 'longitude': '-99.1779894'}, 'display': '303, Zamora 71, Ciudad de México, Ciudad de México, 06140, MX'}",-0600,True,MXN,16:00,11:00,"['bed_linens', 'carbon_monoxide_detector', 'cleaning_before_checkout', 'coffee_maker', 'dryer', 'elevator', 'exercise_equipment', 'fire_extinguisher', 'hangers', 'heating', 'iron', 'laptop_friendly_workspace', 'long_term_stays_allowed', 'outdoor_seating', 'pack_n_play_travel_crib', 'portable_fans', 'room_darkening_shades', 'safe', 'smoke_detector', 'tv', 'wardrobe_or_closet', 'washer', 'wireless_internet']","{'max': 2, 'bedrooms': 1, 'beds': 1, 'bathrooms': 1}",[],apartment,Entire Home,[],"{'pets_allowed': False, 'smoking_allowed': False, 'events_allowed': False}",False,
5d7328fd-df37-4c49-ad5a-16f11f19e1a7,Zamora 71/401,https://a0.muscache.com/im/pictures/hosting/Hosting-U3RheVN1cHBseUxpc3Rpbmc6MTIwODUyMDk2ODU1MjU1NDkzOA%3D%3D/original/0589ae27-e267-44c5-bae2-885b2462c7ab.jpeg?aki_policy=small,"{'number': '401', 'street': 'Zamora 71', 'city': 'Ciudad de México', 'state': 'Ciudad de México', 'postcode': '06140', 'country': 'MX', 'country_name': 'Mexico', 'coordinates': {'latitude': '19.417193', 'longitude': '-99.1779894'}, 'display': '401, Zamora 71, Ciudad de México, Ciudad de México, 06140, MX'}",-0600,True,MXN,16:00,11:00,"['bed_linens', 'blender', 'carbon_monoxide_detector', 'cleaning_before_checkout', 'coffee_maker', 'cooking_basics', 'dishes_and_silverware', 'dryer', 'elevator', 'exercise_equipment', 'fire_extinguisher', 'freezer', 'hangers', 'heating', 'iron', 'laptop_friendly_workspace', 'long_term_stays_allowed', 'microwave', 'outdoor_seating', 'pack_n_play_travel_crib', 'portable_fans', 'refrigerator', 'room_darkening_shades', 'safe', 'smoke_detector', 'stove', 'tv', 'wardrobe_or_closet', 'washer', 'wireless_internet']","{'max': 2, 'bedrooms': 1, 'beds': 1, 'bathrooms': 1}","[{'beds': [{'type': 'king_bed', 'quantity': 1}]}]",apartment,Entire Home,[],"{'pets_allowed': False, 'smoking_allowed': False, 'events_allowed': False}",False,
57738f0d-6f0b-4446-be51-76d592be61fd,Zamora 71/1,https://a0.muscache.com/im/pictures/hosting/Hosting-U3RheVN1cHBseUxpc3Rpbmc6MTIxMzk2MzA5OTE1NzEyOTAxMg%3D%3D/original/0fcc6b51-e295-4451-8fe1-48f3473833d3.jpeg?aki_policy=small,"{'number': '1', 'street': 'Zamora 71', 'city': 'Ciudad de México', 'state': 'Ciudad de México', 'postcode': '06140', 'country': 'MX', 'country_name': 'Mexico', 'coordinates': {'latitude': '19.417193', 'longitude': '-99.1779894'}, 'display': '1, Zamora 71, Ciudad de México, Ciudad de México, 06140, MX'}",-0600,True,MXN,16:00,11:00,"['bed_linens', 'blender', 'carbon_monoxide_detector', 'cleaning_before_checkout', 'coffee_maker', 'cooking_basics', 'dishes_and_silverware', 'dryer', 'elevator', 'exercise_equipment', 'fire_extinguisher', 'freezer', 'garden_or_backyard', 'hangers', 'heating', 'iron', 'kitchen', 'laptop_friendly_workspace', 'long_term_stays_allowed', 'microwave', 'outdoor_seating', 'pack_n_play_travel_crib', 'patio_or_belcony', 'portable_fans', 'refrigerator', 'room_darkening_shades', 'safe', 'smoke_detector', 'stove', 'tv', 'wardrobe_or_closet', 'washer', 'wireless_internet']","{'max': 2, 'bedrooms': 1, 'beds': 1, 'bathrooms': 1}","[{'beds': [{'type': 'king_bed', 'quantity': 1}]}]",apartment,Entire Home,[],"{'pets_allowed': False, 'smoking_allowed': False, 'events_allowed': False}",False,
42101c7c-1471-44af-a1ef-601cb186344b,Zamora 71/301,https://a0.muscache.com/im/pictures/miso/Hosting-1213978037902067520/original/a6db28ac-28b5-468d-853d-5afcbd752a89.jpeg?aki_policy=small,"{'number': '301', 'street': 'Zamora 71', 'city': 'Ciudad de México', 'state': 'Ciudad de México', 'postcode': '06140', 'country': 'MX', 'country_name': 'Mexico', 'coordinates': {'latitude': '19.417193', 'longitude': '-99.1779894'}, 'display': '301, Zamora 71, Ciudad de México, Ciudad de México, 06140, MX'}",-0600,True,MXN,16:00,11:00,"['bed_linens', 'blender', 'carbon_monoxide_detector', 'cleaning_before_checkout', 'coffee_maker', 'cooking_basics', 'dishes_and_silverware', 'dryer', 'elevator', 'exercise_equipment', 'fire_extinguisher', 'freezer', 'hangers', 'heating', 'hot_water', 'iron', 'kitchen', 'laptop_friendly_workspace', 'long_term_stays_allowed', 'microwave', 'outdoor_seating', 'pack_n_play_travel_crib', 'patio_or_belcony', 'portable_fans', 'refrigerator', 'room_darkening_shades', 'safe', 'smoke_detector', 'stove', 'tv', 'wardrobe_or_closet', 'washer', 'wireless_internet']","{'max': 2, 'bedrooms': 1, 'beds': 1, 'bathrooms': 1}","[{'beds': [{'type': 'king_bed', 'quantity': 1}]}]",apartment,Entire Home,[],"{'pets_allowed': False, 'smoking_allowed': False, 'events_allowed': False}",False,
ba66a4a3-e5ba-49c1-bff3-e0380cd05c0c,Zamora 71/205,https://a0.muscache.com/im/pictures/hosting/Hosting-U3RheVN1cHBseUxpc3Rpbmc6MTIwODUyMDk2ODU1MjU1NDkzOA%3D%3D/original/906454a5-e929-4ec4-86f4-48e82e1f43b0.jpeg?aki_policy=small,"{'number': '205', 'street': 'Zamora 71', 'city': 'Ciudad de México', 'state': 'Ciudad de México', 'postcode': '06140', 'country': 'MX', 'country_name': 'Mexico', 'coordinates': {'latitude': '19.417193', 'longitude': '-99.1779894'}, 'display': '205, Zamora 71, Ciudad de México, Ciudad de México, 06140, MX'}",-0600,True,MXN,16:00,11:00,"['bed_linens', 'blender', 'carbon_monoxide_detector', 'cleaning_before_checkout', 'coffee_maker', 'cooking_basics', 'dishes_and_silverware', 'dryer', 'elevator', 'exercise_equipment', 'fire_extinguisher', 'freezer', 'hangers', 'heating', 'iron', 'kitchen', 'laptop_friendly_workspace', 'long_term_stays_allowed', 'microwave', 'outdoor_seating', 'pack_n_play_travel_crib', 'patio_or_belcony', 'portable_fans', 'refrigerator', 'room_darkening_shades', 'safe', 'smoke_detector', 'stove', 'tv', 'wardrobe_or_closet', 'washer', 'wireless_internet']","{'max': 2, 'bedrooms': 1, 'beds': 1, 'bathrooms': 1}","[{'beds': [{'type': 'king_bed', 'quantity': 1}]}]",apartment,Entire Home,[],"{'pets_allowed': False, 'smoking_allowed': False, 'events_allowed': False}",False,
68dd650f-937c-41d2-b10d-0733899a1f72,Zamora 71/104,https://a0.muscache.com/im/pictures/miso/Hosting-1214105002470590435/original/ef7bbac8-1184-4a48-9f1b-bc2c96a4eb89.jpeg?aki_policy=small,"{'number': '104', 'street': 'Zamora 71', 'city': 'Ciudad de México', 'state': 'Ciudad de México', 'postcode': '06140', 'country': 'MX', 'country_name': 'Mexico', 'coordinates': {'latitude': '19.417193', 'longitude': '-99.1779894'}, 'display': '104, Zamora 71, Ciudad de México, Ciudad de México, 06140, MX'}",-0600,True,MXN,16:00,11:00,"['bed_linens', 'blender', 'carbon_monoxide_detector', 'cleaning_before_checkout', 'coffee_maker', 'cooking_basics', 'dishes_and_silverware', 'dryer', 'elevator', 'exercise_equipment', 'fire_extinguisher', 'freezer', 'hangers', 'heating', 'iron', 'kitchen', 'laptop_friendly_workspace', 'long_term_stays_allowed', 'microwave', 'outdoor_seating', 'pack_n_play_travel_crib', 'patio_or_belcony', 'portable_fans', 'refrigerator', 'room_darkening_shades', 'safe', 'smoke_detector', 'stove', 'tv', 'wardrobe_or_closet', 'washer', 'wireless_internet']","{'max': 2, 'bedrooms': 1, 'beds': 1, 'bathrooms': 1}","[{'beds': [{'type': 'queen_bed', 'quantity': 1}]}]",apartment,Entire Home,[],"{'pets_allowed': False, 'smoking_allowed': False, 'events_allowed': False}",False,
d0392644-f50e-4c26-b934-c5ff18abe5ba,Unnamed Property,https://a0.muscache.com/im/pictures/miso/Hosting-1213963099157129012/original/f3f1d736-5f28-47c7-a129-a709f2cc4869.jpeg?aki_policy=small,"{'number': '1', 'street': 'Zamora 71', 'city': 'Ciudad de México', 'state': 'Ciudad de México', 'postcode': '06140', 'country': 'MX', 'country_name': 'Mexico', 'coordinates': {'latitude': '19.417193', 'longitude': '-99.1779894'}, 'display': '1, Zamora 71, Ciudad de México, Ciudad de México, 06140, MX'}",-0600,False,MXN,16:00,11:00,"['bed_linens', 'blender', 'carbon_monoxide_detector', 'cleaning_before_checkout', 'coffee_maker', 'cooking_basics', 'dishes_and_silverware', 'dryer', 'elevator', 'exercise_equipment', 'fire_extinguisher', 'freezer', 'hangers', 'heating', 'iron', 'kitchen', 'laptop_friendly_workspace', 'long_term_stays_allowed', 'microwave', 'outdoor_seating', 'pack_n_play_travel_crib', 'portable_fans', 'refrigerator', 'room_darkening_shades', 'safe', 'smoke_detector', 'stove', 'tv', 'wardrobe_or_closet', 'washer', 'wireless_internet']","{'max': 2, 'bedrooms': 1, 'beds': 1, 'bathrooms': 1}",[],apartment,Entire Home,[],"{'pets_allowed': None, 'smoking_allowed': None, 'events_allowed': None}",False,
9fbb4752-23d1-454c-913f-6b63144578ea,Unnamed Property,https://assets.smartbnb.io/sorry-image-not-available.png,"{'street': 'Zamora 71', 'city': 'Ciudad de México', 'state': 'Ciudad de México', 'postcode': '06140', 'country': 'MX', 'country_name': 'Mexico', 'coordinates': {'latitude': '19.417193', 'longitude': '-99.1779894'}, 'display': 'Zamora 71, Ciudad de México, Ciudad de México, 06140, MX'}",-0600,False,MXN,16:00,11:00,"['bed_linens', 'blender', 'carbon_monoxide_detector', 'cleaning_before_checkout', 'coffee_maker', 'cooking_basics', 'dishes_and_silverware', 'dryer', 'elevator', 'exercise_equipment', 'fire_extinguisher', 'freezer', 'hangers', 'heating', 'iron', 'kitchen', 'laptop_friendly_workspace', 'long_term_stays_allowed', 'microwave', 'outdoor_seating', 'pack_n_play_travel_crib', 'portable_fans', 'refrigerator', 'room_darkening_shades', 'safe', 'smoke_detector', 'stove', 'tv', 'wardrobe_or_closet', 'washer', 'wireless_internet']","{'max': 2, 'bedrooms': 1, 'beds': 1, 'bathrooms': 1}",[],apartment,Entire Home,[],"{'pets_allowed': None, 'smoking_allowed': None, 'events_allowed': None}",False,
5d8d10de-f0f8-4e29-8270-6010e55dd9ca,Zamora 71/101,https://a0.muscache.com/im/pictures/hosting/Hosting-U3RheVN1cHBseUxpc3Rpbmc6MTIwODUyMDk2ODU1MjU1NDkzOA%3D%3D/original/906454a5-e929-4ec4-86f4-48e82e1f43b0.jpeg?aki_policy=small,"{'number': '101', 'street': 'Zamora 71', 'city': 'Ciudad de México', 'state': 'Ciudad de México', 'postcode': '06140', 'country': 'MX', 'country_name': 'Mexico', 'coordinates': {'latitude': '19.417193', 'longitude': '-99.1779894'}, 'display': '101, Zamora 71, Ciudad de México, Ciudad de México, 06140, MX'}",-0600,True,MXN,16:00,11:00,"['bed_linens', 'blender', 'carbon_monoxide_detector', 'cleaning_before_checkout', 'coffee_maker', 'cooking_basics', 'dining_table', 'dishes_and_silverware', 'dryer', 'elevator', 'exercise_equipment', 'extra_pillows_and_blankets', 'fire_extinguisher', 'freezer', 'hangers', 'heating', 'iron', 'kitchen', 'laptop_friendly_workspace', 'long_term_stays_allowed', 'microwave', 'outdoor_seating', 'pack_n_play_travel_crib', 'patio_or_belcony', 'portable_fans', 'refrigerator', 'room_darkening_shades', 'safe', 'smoke_detector', 'stove', 'tv', 'wardrobe_or_closet', 'washer', 'wireless_internet']","{'max': 2, 'bedrooms': 1, 'beds': 1, 'bathrooms': 1}","[{'beds': [{'type': 'king_bed', 'quantity': 1}]}]",apartment,Entire Home,[],"{'pets_allowed': False, 'smoking_allowed': False, 'events_allowed': False}",False,
a46ad974-ced9-44ea-ac65-d224c7257633,Zamora 71/102,https://a0.muscache.com/im/pictures/hosting/Hosting-U3RheVN1cHBseUxpc3Rpbmc6MTIwODUyMDk2ODU1MjU1NDkzOA%3D%3D/original/1d69fc9c-06d9-4f1a-bdc5-1de1aa208a92.jpeg?aki_policy=small,"{'number': '102', 'street': 'Zamora 71', 'city': 'Ciudad de México', 'state': 'Ciudad de México', 'postcode': '06140', 'country': 'MX', 'country_name': 'Mexico', 'coordinates': {'latitude': '19.417193', 'longitude': '-99.1779894'}, 'display': '102, Zamora 71, Ciudad de México, Ciudad de México, 06140, MX'}",-0600,True,MXN,16:00,11:00,"['bed_linens', 'blender', 'carbon_monoxide_detector', 'cleaning_before_checkout', 'coffee_maker', 'cooking_basics', 'dishes_and_silverware', 'dryer', 'elevator', 'exercise_equipment', 'fire_extinguisher', 'freezer', 'hangers', 'heating', 'iron', 'kitchen', 'laptop_friendly_workspace', 'long_term_stays_allowed', 'microwave', 'outdoor_seating', 'pack_n_play_travel_crib', 'patio_or_belcony', 'portable_fans', 'refrigerator', 'room_darkening_shades', 'safe', 'smoke_detector', 'stove', 'tv', 'wardrobe_or_closet', 'washer', 'wireless_internet']","{'max': 2, 'bedrooms': 1, 'beds': 1, 'bathrooms': 1}","[{'beds': [{'type': 'king_bed', 'quantity': 1}]}]",apartment,Entire Home,[],"{'pets_allowed': False, 'smoking_allowed': False, 'events_allowed': False}",False,
3f4e1a4b-430e-48da-865f-6f62ebb71be5,Zamora 71/105,https://a0.muscache.com/im/pictures/hosting/Hosting-U3RheVN1cHBseUxpc3Rpbmc6MTIwODUyMDk2ODU1MjU1NDkzOA%3D%3D/original/4399420b-94b7-46df-828e-c50099e92a6c.jpeg?aki_policy=small,"{'number': '105', 'street': 'Zamora 71', 'city': 'Ciudad de México', 'state': 'Ciudad de México', 'postcode': '06140', 'country': 'MX', 'country_name': 'Mexico', 'coordinates': {'latitude': '19.417193', 'longitude': '-99.1779894'}, 'display': '105, Zamora 71, Ciudad de México, Ciudad de México, 06140, MX'}",-0600,True,MXN,16:00,11:00,"['bed_linens', 'blender', 'carbon_monoxide_detector', 'cleaning_before_checkout', 'coffee_maker', 'cooking_basics', 'dishes_and_silverware', 'dryer', 'elevator', 'exercise_equipment', 'fire_extinguisher', 'freezer', 'hangers', 'heating', 'iron', 'kitchen', 'laptop_friendly_workspace', 'long_term_stays_allowed', 'microwave', 'outdoor_seating', 'pack_n_play_travel_crib', 'patio_or_belcony', 'portable_fans', 'refrigerator', 'room_darkening_shades', 'safe', 'smoke_detector', 'stove', 'tv', 'wardrobe_or_closet', 'washer', 'wireless_internet']","{'max': 2, 'bedrooms': 1, 'beds': 1, 'bathrooms': 1}","[{'beds': [{'type': 'king_bed', 'quantity': 1}]}]",apartment,Entire Home,[],"{'pets_allowed': False, 'smoking_allowed': False, 'events_allowed': False}",False,
89e691e2-2af6-4b4b-a273-5d35d9d4baf6,Zamora 71/203,https://a0.muscache.com/im/pictures/hosting/Hosting-U3RheVN1cHBseUxpc3Rpbmc6MTIwODUyMDk2ODU1MjU1NDkzOA%3D%3D/original/906454a5-e929-4ec4-86f4-48e82e1f43b0.jpeg?aki_policy=small,"{'number': '203', 'street': 'Zamora 71', 'city': 'Ciudad de México', 'state': 'Ciudad de México', 'postcode': '06140', 'country': 'MX', 'country_name': 'Mexico', 'coordinates': {'latitude': '19.417193', 'longitude': '-99.1779894'}, 'display': '203, Zamora 71, Ciudad de México, Ciudad de México, 06140, MX'}",-0600,True,MXN,16:00,11:00,"['bed_linens', 'carbon_monoxide_detector', 'cleaning_before_checkout', 'dryer', 'elevator', 'exercise_equipment', 'fire_extinguisher', 'hangers', 'heating', 'iron', 'laptop_friendly_workspace', 'long_term_stays_allowed', 'outdoor_seating', 'pack_n_play_travel_crib', 'portable_fans', 'refrigerator', 'room_darkening_shades', 'safe', 'smoke_detector', 'tv', 'wardrobe_or_closet', 'washer', 'wireless_internet']","{'max': 2, 'bedrooms': 1, 'beds': 1, 'bathrooms': 1}","[{'beds': [{'type': 'queen_bed', 'quantity': 1}]}]",apartment,Entire Home,[],"{'pets_allowed': False, 'smoking_allowed': False, 'events_allowed': False}",False,
27c210a3-f384-43ae-a358-594bed1e4dbb,Zamora 71/204,https://a0.muscache.com/im/pictures/hosting/Hosting-U3RheVN1cHBseUxpc3Rpbmc6MTIxNDk2OTczMTE3MjQwODY3NA%3D%3D/original/0e26b60d-73bb-49fe-94c0-de9f00e65783.jpeg?aki_policy=small,"{'number': '204', 'street': 'Zamora 71', 'city': 'Ciudad de México', 'state': 'Ciudad de México', 'postcode': '06140', 'country': 'MX', 'country_name': 'Mexico', 'coordinates': {'latitude': '19.417193', 'longitude': '-99.1779894'}, 'display': '204, Zamora 71, Ciudad de México, Ciudad de México, 06140, MX'}",-0600,True,MXN,16:00,11:00,"['bed_linens', 'blender', 'carbon_monoxide_detector', 'cleaning_before_checkout', 'coffee_maker', 'cooking_basics', 'dishes_and_silverware', 'dryer', 'elevator', 'exercise_equipment', 'fire_extinguisher', 'freezer', 'hangers', 'heating', 'iron', 'kitchen', 'laptop_friendly_workspace', 'long_term_stays_allowed', 'microwave', 'outdoor_seating', 'pack_n_play_travel_crib', 'patio_or_belcony', 'portable_fans', 'refrigerator', 'room_darkening_shades', 'safe', 'smoke_detector', 'stove', 'tv', 'wardrobe_or_closet', 'washer', 'wireless_internet']","{'max': 2, 'bedrooms': 1, 'beds': 1, 'bathrooms': 1}","[{'beds': [{'type': 'queen_bed', 'quantity': 1}]}]",apartment,Entire Home,[],"{'pets_allowed': False, 'smoking_allowed': False, 'events_allowed': False}",False,
9b9de98b-34db-4e85-8bd5-9d763e55718b,Zamora 71/404,https://a0.muscache.com/im/pictures/hosting/Hosting-U3RheVN1cHBseUxpc3Rpbmc6MTIxNzc0ODg2MTUzMTM0MzYzOA%3D%3D/original/c61124f4-2be7-42dc-b460-b0c1334cbce2.jpeg?aki_policy=small,"{'number': '404', 'street': 'Zamora 71', 'city': 'Ciudad de México', 'state': 'Ciudad de México', 'postcode': '06140', 'country': 'MX', 'country_name': 'Mexico', 'coordinates': {'latitude': '19.417193', 'longitude': '-99.1779894'}, 'display': '404, Zamora 71, Ciudad de México, Ciudad de México, 06140, MX'}",-0600,True,MXN,16:00,11:00,"['bed_linens', 'blender', 'carbon_monoxide_detector', 'cleaning_before_checkout', 'coffee_maker', 'cooking_basics', 'dishes_and_silverware', 'dryer', 'elevator', 'exercise_equipment', 'fire_extinguisher', 'freezer', 'hangers', 'heating', 'iron', 'kitchen', 'laptop_friendly_workspace', 'long_term_stays_allowed', 'microwave', 'outdoor_seating', 'pack_n_play_travel_crib', 'patio_or_belcony', 'portable_fans', 'refrigerator', 'room_darkening_shades', 'safe', 'smoke_detector', 'stove', 'tv', 'wardrobe_or_closet', 'washer', 'wireless_internet']","{'max': 2, 'bedrooms': 1, 'beds': 1, 'bathrooms': 1}","[{'beds': [{'type': 'king_bed', 'quantity': 1}]}]",apartment,Entire Home,[],"{'pets_allowed': False, 'smoking_allowed': False, 'events_allowed': False}",False,
26c4fc84-4258-4e05-a250-b06d3f2a07e9,Álvaro Obregón 182/401,https://a0.muscache.com/im/pictures/hosting/Hosting-U3RheVN1cHBseUxpc3Rpbmc6MTIzNDQ0NjI0OTM2OTY4MTc4OA%3D%3D/original/15538946-c2c0-4b11-be9e-f2c2f32e99c9.jpeg?aki_policy=small,"{'street': 'Av. Álvaro Obregón 182', 'city': 'Ciudad de México', 'state': 'Ciudad de México', 'postcode': '06700', 'country': 'MX', 'country_name': 'Mexico', 'coordinates': {'latitude': '19.4173575', 'longitude': '-99.1630279'}, 'display': 'Av. Álvaro Obregón 182, Ciudad de México, Ciudad de México, 06700, MX'}",-0600,True,MXN,16:00,11:00,"['blender', 'carbon_monoxide_detector', 'coffee_maker', 'elevator', 'essentials', 'extra_pillows_and_blankets', 'hair_dryer', 'hangers', 'hot_water', 'iron', 'kitchen', 'microwave', 'record_player', 'refrigerator', 'room_darkening_shades', 'smoke_detector', 'sound_system', 'stove', 'toaster', 'wardrobe_or_closet', 'wireless_internet']","{'max': 2, 'bedrooms': 1, 'beds': 1, 'bathrooms': 1}","[{'beds': [{'type': 'queen_bed', 'quantity': 1}]}]",apartment,Entire Home,[],"{'pets_allowed': False, 'smoking_allowed': False, 'events_allowed': False}",False,
6e163e11-2f97-41c1-b13e-61e6088d14b2,Forma Reforma 904,https://a0.muscache.com/im/pictures/hosting/Hosting-U3RheVN1cHBseUxpc3Rpbmc6MTIzODczODE4MDgwNzU5MTYxMw%3D%3D/original/77c2d710-09ee-4e8a-bfd2-5cf2f9bedb48.jpeg?aki_policy=small,"{'street': 'Londres 256', 'city': 'Ciudad de México', 'state': 'Ciudad de México', 'postcode': '06600', 'country': 'MX', 'country_name': 'Mexico', 'coordinates': {'latitude': '19.4224818', 'longitude': '-99.1698744'}, 'display': 'Londres 256, Ciudad de México, Ciudad de México, 06600, MX'}",-0600,True,MXN,16:00,11:00,"['blender', 'carbon_monoxide_detector', 'coffee', 'coffee_maker', 'dining_table', 'gym', 'hair_dryer', 'heating', 'iron', 'kitchen', 'laptop_friendly_workspace', 'microwave', 'outdoor_seating', 'portable_fans', 'refrigerator', 'room_darkening_shades', 'smoke_detector', 'stove', 'tv', 'washer', 'wireless_internet']","{'max': 4, 'bedrooms': 2, 'beds': 2, 'bathrooms': 2}","[{'beds': [{'type': 'double_bed', 'quantity': 1}]}, {'beds': [{'type': 'double_bed', 'quantity': 1}]}]",apartment,Entire Home,[],"{'pets_allowed': False, 'smoking_allowed': False, 'events_allowed': False}",False,
481cde41-0b27-4125-ae3f-c641ac8cdb61,Cruz Blanca 9,https://a0.muscache.com/im/pictures/hosting/Hosting-U3RheVN1cHBseUxpc3Rpbmc6MTI0MzYyOTgyNTY3NDU0ODYyNA%3D%3D/original/2851a3d5-5c38-4be5-80a3-3ee8c874e963.jpeg?aki_policy=small,"{'street': 'Cruz Blanca 9', 'city': 'Ciudad de México', 'state': 'Ciudad de México', 'postcode': '04100', 'country': 'MX', 'country_name': 'Mexico', 'coordinates': {'latitude': '19.3516302', 'longitude': '-99.1529975'}, 'display': 'Cruz Blanca 9, Ciudad de México, Ciudad de México, 04100, MX'}",-0600,True,MXN,16:00,11:00,"['bed_linens', 'blender', 'board_games', 'body_soap', 'cleaning_products', 'coffee', 'coffee_maker', 'conditioner', 'cooking_basics', 'dining_table', 'dryer', 'essentials', 'ev_charger', 'exercise_equipment', 'freezer', 'free_parking', 'garden_or_backyard', 'gym', 'hair_dryer', 'hangers', 'hot_water', 'iron', 'kitchen', 'laptop_friendly_workspace', 'microwave', 'patio_or_belcony', 'playroom', 'pool_table', 'refrigerator', 'shampoo', 'shower_gel', 'stove', 'tv', 'wardrobe_or_closet', 'washer', 'wine_glasses', 'wireless_internet']","{'max': 8, 'bedrooms': 3, 'beds': 4, 'bathrooms': 3}","[{'beds': [{'type': 'queen_bed', 'quantity': 1}]}, {'beds': [{'type': 'double_bed', 'quantity': 2}]}, {'beds': [{'type': 'queen_bed', 'quantity': 1}]}]",house,Entire Home,[],"{'pets_allowed': True, 'smoking_allowed': True, 'events_allowed': False}",False,
b2655920-2570-437f-bdbe-0fa7acb357d6,Icon Roma 504,https://a0.muscache.com/im/pictures/hosting/Hosting-U3RheVN1cHBseUxpc3Rpbmc6MTI0NDEyMDg4MzQ4NjgxMDUzNw%3D%3D/original/91f0ab8b-be6f-48b3-a354-164ac44aa4a3.jpeg?aki_policy=small,"{'street': 'Avenida Insurgentes Sur 179', 'city': 'Ciudad de México', 'state': 'Ciudad de México', 'postcode': '06700', 'country': 'MX', 'country_name': 'Mexico', 'coordinates': {'latitude': '19.4218675', 'longitude': '-99.1636483'}, 'display': 'Avenida Insurgentes Sur 179, Ciudad de México, Ciudad de México, 06700, MX'}",-0600,True,MXN,16:00,11:00,"['barbeque_utensils', 'bbq_area', 'body_soap', 'carbon_monoxide_detector', 'cleaning_products', 'coffee', 'coffee_maker', 'cooking_basics', 'dining_table', 'dishes_and_silverware', 'dryer', 'elevator', 'essentials', 'exercise_equipment', 'extra_pillows_and_blankets', 'freezer', 'free_parking', 'garden_or_backyard', 'gym', 'hair_dryer', 'hangers', 'hot_water', 'iron', 'kitchen', 'laptop_friendly_workspace', 'microwave', 'outdoor_seating', 'oven', 'patio_or_belcony', 'pool', 'refrigerator', 'room_darkening_shades', 'shampoo', 'shower_gel', 'smoke_detector', 'stove', 'sun_loungers', 'tv', 'wardrobe_or_closet', 'washer', 'wine_glasses', 'wireless_internet']","{'max': 2, 'bedrooms': 1, 'beds': 1, 'bathrooms': 1}","[{'beds': [{'type': 'double_bed', 'quantity': 1}]}]",apartment,Entire Home,[],"{'pets_allowed': False, 'smoking_allowed': False, 'events_allowed': False}",False,
723cea41-6c61-4438-a7b7-358fc82cf34f,Tamán prueba,https://a0.muscache.com/im/pictures/miso/Hosting-1245338483908015924/original/76551529-74c1-4eb5-bf63-1c2410faa860.jpeg?aki_policy=small,"{'street': 'Alfonso Reyes 53', 'city': 'Ciudad de México', 'state': 'Ciudad de México', 'postcode': '06170', 'country': 'MX', 'country_name': 'Mexico', 'coordinates': {'latitude': '19.4102026', 'longitude': '-99.1800712'}, 'display': 'Alfonso Reyes 53, Ciudad de México, Ciudad de México, 06170, MX'}",-0600,False,MXN,15:00,11:00,"['kitchen', 'tv', 'wireless_internet']","{'max': 4, 'bedrooms': 2, 'beds': 2, 'bathrooms': 2}",[],apartment,Entire Home,[],"{'pets_allowed': None, 'smoking_allowed': None, 'events_allowed': None}",False,
59d18a72-9f17-4800-ab73-3cee0ec0bb30,Tamán 403,https://a0.muscache.com/im/pictures/hosting/Hosting-U3RheVN1cHBseUxpc3Rpbmc6MTI0NTk3NDY2NTcwNDE2NTI1NA%3D%3D/original/2b50e800-1c85-4be2-a650-11dff9b0d586.png?aki_policy=small,"{'number': '403', 'street': 'Alfonso Reyes 53', 'city': 'Ciudad de México', 'state': 'Ciudad de México', 'postcode': '06170', 'country': 'MX', 'country_name': 'Mexico', 'coordinates': {'latitude': '19.4102026', 'longitude': '-99.1800712'}, 'display': '403, Alfonso Reyes 53, Ciudad de México, Ciudad de México, 06170, MX'}",-0600,False,MXN,16:00,11:00,"['alfresco_dining', 'arcade_machine', 'bed_linens', 'board_games', 'body_soap', 'carbon_monoxide_detector', 'cleaning_products', 'coffee', 'coffee_maker', 'cooking_basics', 'crib', 'dining_table', 'dishes_and_silverware', 'elevator', 'essentials', 'ethernet_connection', 'exercise_equipment', 'fire_pit', 'freezer', 'free_parking', 'garden_or_backyard', 'gym', 'hair_dryer', 'hangers', 'hot_water', 'iron', 'kitchen', 'laptop_friendly_workspace', 'laundromat_nearby', 'long_term_stays_allowed', 'microwave', 'outdoor_kitchen', 'outdoor_seating', 'oven', 'pack_n_play_travel_crib', 'paid_parking', 'patio', 'patio_or_belcony', 'pool', 'refrigerator', 'room_darkening_shades', 'shampoo', 'shower_gel', 'single_level_home', 'smoke_detector', 'tv', 'wardrobe_or_closet', 'window_guards', 'wine_glasses', 'wireless_internet']","{'max': 4, 'bedrooms': 2, 'beds': 2, 'bathrooms': 2}","[{'beds': [{'type': 'king_bed', 'quantity': 1}]}, {'beds': [{'type': 'double_bed', 'quantity': 1}]}]",apartment,Entire Home,[],"{'pets_allowed': False, 'smoking_allowed': False, 'events_allowed': False}",False,
42b334f3-b0b9-4b2e-a82c-e170486375de,Tamán 503A,https://a0.muscache.com/im/pictures/hosting/Hosting-U3RheVN1cHBseUxpc3Rpbmc6MTI0NTk4NjIxNjYxOTUxNzgwOQ%3D%3D/original/80291716-f7f1-48e4-a5bc-a8067a3f40ab.jpeg?aki_policy=small,"{'number': '503A', 'street': 'Alfonso Reyes 53', 'city': 'Ciudad de México', 'state': 'Ciudad de México', 'postcode': '06170', 'country': 'MX', 'country_name': 'Mexico', 'coordinates': {'latitude': '19.4102026', 'longitude': '-99.1800712'}, 'display': '503A, Alfonso Reyes 53, Ciudad de México, Ciudad de México, 06170, MX'}",-0600,True,MXN,16:00,11:00,"['alfresco_dining', 'arcade_machine', 'bed_linens', 'board_games', 'body_soap', 'carbon_monoxide_detector', 'cleaning_products', 'coffee', 'coffee_maker', 'cooking_basics', 'crib', 'dining_table', 'dishes_and_silverware', 'elevator', 'essentials', 'ethernet_connection', 'exercise_equipment', 'fire_pit', 'freezer', 'free_parking', 'garden_or_backyard', 'gym', 'hair_dryer', 'hangers', 'hot_water', 'iron', 'kitchen', 'laptop_friendly_workspace', 'laundromat_nearby', 'long_term_stays_allowed', 'microwave', 'outdoor_kitchen', 'outdoor_seating', 'oven', 'pack_n_play_travel_crib', 'patio', 'patio_or_belcony', 'pool', 'refrigerator', 'room_darkening_shades', 'shampoo', 'shower_gel', 'single_level_home', 'smoke_detector', 'street_parking', 'tv', 'wardrobe_or_closet', 'window_guards', 'wine_glasses', 'wireless_internet']","{'max': 4, 'bedrooms': 2, 'beds': 2, 'bathrooms': 2}","[{'beds': [{'type': 'king_bed', 'quantity': 1}]}, {'beds': [{'type': 'double_bed', 'quantity': 1}]}]",apartment,Entire Home,[],"{'pets_allowed': False, 'smoking_allowed': False, 'events_allowed': False}",False,
322e5d77-6a51-4d88-9e17-eb95fbb98a40,Tamán 601A,https://a0.muscache.com/im/pictures/hosting/Hosting-U3RheVN1cHBseUxpc3Rpbmc6MTI0NTk5NDk5NjQ3NjY1NDI0OQ%3D%3D/original/bdc8ff96-481c-40ec-9450-485b085dd1be.jpeg?aki_policy=small,"{'number': '601A', 'street': 'Alfonso Reyes 53', 'city': 'Ciudad de México', 'state': 'Ciudad de México', 'postcode': '06170', 'country': 'MX', 'country_name': 'Mexico', 'coordinates': {'latitude': '19.4102026', 'longitude': '-99.1800712'}, 'display': '601A, Alfonso Reyes 53, Ciudad de México, Ciudad de México, 06170, MX'}",-0600,True,MXN,16:00,11:00,"['alfresco_dining', 'arcade_machine', 'bed_linens', 'board_games', 'body_soap', 'carbon_monoxide_detector', 'cleaning_products', 'coffee', 'coffee_maker', 'cooking_basics', 'crib', 'dining_table', 'dishes_and_silverware', 'elevator', 'essentials', 'ethernet_connection', 'exercise_equipment', 'fire_pit', 'freezer', 'free_parking', 'garden_or_backyard', 'gym', 'hair_dryer', 'hangers', 'hot_water', 'iron', 'kitchen', 'laptop_friendly_workspace', 'laundromat_nearby', 'long_term_stays_allowed', 'microwave', 'outdoor_kitchen', 'outdoor_seating', 'oven', 'pack_n_play_travel_crib', 'patio', 'patio_or_belcony', 'pool', 'refrigerator', 'room_darkening_shades', 'shampoo', 'shower_gel', 'single_level_home', 'smoke_detector', 'street_parking', 'tv', 'wardrobe_or_closet', 'window_guards', 'wine_glasses', 'wireless_internet']","{'max': 4, 'bedrooms': 2, 'beds': 2, 'bathrooms': 2}","[{'beds': [{'type': 'king_bed', 'quantity': 1}]}, {'beds': [{'type': 'double_bed', 'quantity': 1}]}]",apartment,Entire Home,[],"{'pets_allowed': False, 'smoking_allowed': False, 'events_allowed': False}",False,
103eb1e6-be32-4cdf-9828-4232c2e8f3e0,Tamán 603A,https://a0.muscache.com/im/pictures/hosting/Hosting-U3RheVN1cHBseUxpc3Rpbmc6MTI0NjAwMDQ2NzcxMDEwMDIyNQ%3D%3D/original/865c3e1b-bcd5-4807-a347-581c045943b9.png?aki_policy=small,"{'number': '605A', 'street': 'Alfonso Reyes 53', 'city': 'Ciudad de México', 'state': 'Ciudad de México', 'postcode': '06170', 'country': 'MX', 'country_name': 'Mexico', 'coordinates': {'latitude': '19.4102026', 'longitude': '-99.1800712'}, 'display': '605A, Alfonso Reyes 53, Ciudad de México, Ciudad de México, 06170, MX'}",-0600,True,MXN,16:00,11:00,"['alfresco_dining', 'arcade_machine', 'bed_linens', 'blender', 'board_games', 'body_soap', 'carbon_monoxide_detector', 'cleaning_products', 'coffee', 'coffee_maker', 'conditioner', 'cooking_basics', 'crib', 'dining_table', 'dishes_and_silverware', 'elevator', 'essentials', 'ethernet_connection', 'exercise_equipment', 'fire_pit', 'freezer', 'free_parking', 'garden_or_backyard', 'gym', 'hair_dryer', 'hangers', 'hot_water', 'iron', 'kitchen', 'laptop_friendly_workspace', 'laundromat_nearby', 'long_term_stays_allowed', 'microwave', 'outdoor_kitchen', 'outdoor_seating', 'oven', 'pack_n_play_travel_crib', 'patio', 'patio_or_belcony', 'pool', 'refrigerator', 'room_darkening_shades', 'shampoo', 'shower_gel', 'single_level_home', 'smoke_detector', 'stove', 'street_parking', 'tv', 'wardrobe_or_closet', 'window_guards', 'wine_glasses', 'wireless_internet']","{'max': 4, 'bedrooms': 2, 'beds': 2, 'bathrooms': 2}","[{'beds': [{'type': 'king_bed', 'quantity': 1}]}, {'beds': [{'type': 'double_bed', 'quantity': 1}]}]",apartment,Entire Home,[],"{'pets_allowed': False, 'smoking_allowed': False, 'events_allowed': False}",False,
ecd778a9-496e-4521-8a2e-071ae08516e0,Tamán 701A,https://a0.muscache.com/im/pictures/hosting/Hosting-U3RheVN1cHBseUxpc3Rpbmc6MTI0NjAwODM5NzM3ODM3NTM3OQ%3D%3D/original/a518f7fc-5615-4974-ba07-3bea60fe8ad2.png?aki_policy=small,"{'number': '701A', 'street': 'Alfonso Reyes 53', 'city': 'Ciudad de México', 'state': 'Ciudad de México', 'postcode': '06170', 'country': 'MX', 'country_name': 'Mexico', 'coordinates': {'latitude': '19.4102026', 'longitude': '-99.1800712'}, 'display': '701A, Alfonso Reyes 53, Ciudad de México, Ciudad de México, 06170, MX'}",-0600,True,MXN,16:00,11:00,"['alfresco_dining', 'arcade_machine', 'bed_linens', 'blender', 'board_games', 'body_soap', 'carbon_monoxide_detector', 'cleaning_products', 'coffee', 'coffee_maker', 'conditioner', 'cooking_basics', 'crib', 'dining_table', 'dishes_and_silverware', 'elevator', 'essentials', 'ethernet_connection', 'exercise_equipment', 'fire_pit', 'freezer', 'free_parking', 'garden_or_backyard', 'gym', 'hair_dryer', 'hangers', 'hot_water', 'iron', 'kitchen', 'laptop_friendly_workspace', 'laundromat_nearby', 'long_term_stays_allowed', 'microwave', 'outdoor_kitchen', 'outdoor_seating', 'oven', 'pack_n_play_travel_crib', 'patio', 'patio_or_belcony', 'pool', 'refrigerator', 'room_darkening_shades', 'shampoo', 'shower_gel', 'single_level_home', 'smoke_detector', 'stove', 'street_parking', 'tv', 'wardrobe_or_closet', 'window_guards', 'wine_glasses', 'wireless_internet']","{'max': 4, 'bedrooms': 2, 'beds': 2, 'bathrooms': 2}","[{'beds': [{'type': 'king_bed', 'quantity': 1}]}, {'beds': [{'type': 'double_bed', 'quantity': 1}]}]",apartment,Entire Home,[],"{'pets_allowed': False, 'smoking_allowed': False, 'events_allowed': False}",False,
194bd980-bf39-43b1-94af-85d97825eed6,Tamán 703A,https://a0.muscache.com/im/pictures/hosting/Hosting-U3RheVN1cHBseUxpc3Rpbmc6MTI0NjAzMzExNzQwNzY5ODgwMw%3D%3D/original/26c11d1c-90fe-497f-8036-ea7386ed508b.png?aki_policy=small,"{'number': '703A', 'street': 'Alfonso Reyes 53', 'city': 'Ciudad de México', 'state': 'Ciudad de México', 'postcode': '06170', 'country': 'MX', 'country_name': 'Mexico', 'coordinates': {'latitude': '19.4102026', 'longitude': '-99.1800712'}, 'display': '703A, Alfonso Reyes 53, Ciudad de México, Ciudad de México, 06170, MX'}",-0600,True,MXN,16:00,11:00,"['alfresco_dining', 'arcade_machine', 'bed_linens', 'blender', 'board_games', 'body_soap', 'books', 'carbon_monoxide_detector', 'childrens_books_and_toys', 'cleaning_products', 'coffee', 'coffee_maker', 'conditioner', 'cooking_basics', 'crib', 'dining_table', 'dishes_and_silverware', 'elevator', 'essentials', 'ethernet_connection', 'exercise_equipment', 'extra_pillows_and_blankets', 'fire_pit', 'freezer', 'free_parking', 'garden_or_backyard', 'gym', 'hair_dryer', 'hangers', 'hot_water', 'iron', 'kitchen', 'laptop_friendly_workspace', 'long_term_stays_allowed', 'microwave', 'outdoor_kitchen', 'outdoor_seating', 'oven', 'pack_n_play_travel_crib', 'patio', 'patio_or_belcony', 'pool', 'refrigerator', 'room_darkening_shades', 'shampoo', 'shower_gel', 'single_level_home', 'smoke_detector', 'stove', 'street_parking', 'tv', 'wardrobe_or_closet', 'washer', 'window_guards', 'wine_glasses', 'wireless_internet']","{'max': 4, 'bedrooms': 2, 'beds': 2, 'bathrooms': 2}","[{'beds': [{'type': 'double_bed', 'quantity': 1}]}, {'beds': [{'type': 'king_bed', 'quantity': 1}]}]",apartment,Entire Home,[],"{'pets_allowed': False, 'smoking_allowed': False, 'events_allowed': False}",False,
e4a7fc31-7524-4214-86f0-23e8ea530977,Tamán 1002A,https://a0.muscache.com/im/pictures/miso/Hosting-888788665130617131/original/22cd3869-cb6d-4f59-b198-15f3c132a67a.jpeg?aki_policy=small,"{'number': '1002A', 'street': 'Alfonso Reyes 53', 'city': 'Ciudad de México', 'state': 'Ciudad de México', 'postcode': '06170', 'country': 'MX', 'country_name': 'Mexico', 'coordinates': {'latitude': '19.4102026', 'longitude': '-99.1800712'}, 'display': '1002A, Alfonso Reyes 53, Ciudad de México, Ciudad de México, 06170, MX'}",-0600,True,MXN,16:00,11:00,"['alfresco_dining', 'arcade_machine', 'bed_linens', 'board_games', 'body_soap', 'books', 'carbon_monoxide_detector', 'childrens_books_and_toys', 'cleaning_products', 'coffee', 'coffee_maker', 'cooking_basics', 'crib', 'dining_table', 'dishes_and_silverware', 'elevator', 'essentials', 'ethernet_connection', 'exercise_equipment', 'fire_pit', 'freezer', 'free_parking', 'garden_or_backyard', 'gym', 'hair_dryer', 'hangers', 'hot_water', 'iron', 'kitchen', 'laptop_friendly_workspace', 'laundromat_nearby', 'long_term_stays_allowed', 'microwave', 'outdoor_kitchen', 'outdoor_seating', 'oven', 'pack_n_play_travel_crib', 'paid_parking', 'patio', 'patio_or_belcony', 'pool', 'refrigerator', 'room_darkening_shades', 'shampoo', 'shower_gel', 'single_level_home', 'smoke_detector', 'tv', 'wardrobe_or_closet', 'window_guards', 'wine_glasses', 'wireless_internet']","{'max': 4, 'bedrooms': 2, 'beds': 2, 'bathrooms': 2}","[{'beds': [{'type': 'double_bed', 'quantity': 1}]}, {'beds': [{'type': 'king_bed', 'quantity': 1}]}]",apartment,Entire Home,[],"{'pets_allowed': False, 'smoking_allowed': False, 'events_allowed': False}",False,
4119a984-4456-41fb-a9b4-3c0d64465ae5,Tamán 1108A,https://a0.muscache.com/im/pictures/hosting/Hosting-U3RheVN1cHBseUxpc3Rpbmc6MTI0NjA0Mzc0NzgwOTc3NTU2Nw%3D%3D/original/cf83c3b5-725e-42eb-beec-f28ced588436.jpeg?aki_policy=small,"{'number': '1108A', 'street': 'Alfonso Reyes 53', 'city': 'Ciudad de México', 'state': 'Ciudad de México', 'postcode': '06170', 'country': 'MX', 'country_name': 'Mexico', 'coordinates': {'latitude': '19.4102026', 'longitude': '-99.1800712'}, 'display': '1108A, Alfonso Reyes 53, Ciudad de México, Ciudad de México, 06170, MX'}",-0600,True,MXN,16:00,11:00,"['alfresco_dining', 'arcade_machine', 'bed_linens', 'blender', 'board_games', 'body_soap', 'carbon_monoxide_detector', 'cleaning_products', 'coffee', 'coffee_maker', 'conditioner', 'cooking_basics', 'dining_table', 'dishes_and_silverware', 'dryer', 'elevator', 'essentials', 'ethernet_connection', 'exercise_equipment', 'fire_pit', 'freezer', 'free_parking', 'garden_or_backyard', 'gym', 'hair_dryer', 'hangers', 'hot_water', 'iron', 'kitchen', 'laptop_friendly_workspace', 'laundromat_nearby', 'long_term_stays_allowed', 'microwave', 'outdoor_kitchen', 'outdoor_seating', 'oven', 'pack_n_play_travel_crib', 'paid_parking', 'patio', 'patio_or_belcony', 'pool', 'refrigerator', 'room_darkening_shades', 'shampoo', 'shower_gel', 'single_level_home', 'smoke_detector', 'stove', 'sun_loungers', 'tv', 'wardrobe_or_closet', 'washer', 'window_guards', 'wine_glasses', 'wireless_internet']","{'max': 3, 'bedrooms': 2, 'beds': 2, 'bathrooms': 2}","[{'beds': [{'type': 'king_bed', 'quantity': 1}]}, {'beds': [{'type': 'single_bed', 'quantity': 1}]}]",apartment,Entire Home,[],"{'pets_allowed': False, 'smoking_allowed': False, 'events_allowed': False}",False,
941c3797-7d2a-474a-a862-5fec80a70dab,Tamán 1403A,https://a0.muscache.com/im/pictures/hosting/Hosting-U3RheVN1cHBseUxpc3Rpbmc6MTI0NjA0ODA2MzE5MzM5MzA2OQ%3D%3D/original/3560b520-6ef6-4aa1-95bf-87c392a92aaa.png?aki_policy=small,"{'number': '1403A', 'street': 'Alfonso Reyes 53', 'city': 'Ciudad de México', 'state': 'Ciudad de México', 'postcode': '06170', 'country': 'MX', 'country_name': 'Mexico', 'coordinates': {'latitude': '19.4102026', 'longitude': '-99.1800712'}, 'display': '1403A, Alfonso Reyes 53, Ciudad de México, Ciudad de México, 06170, MX'}",-0600,True,MXN,16:00,11:00,"['alfresco_dining', 'arcade_machine', 'bed_linens', 'board_games', 'body_soap', 'carbon_monoxide_detector', 'cleaning_products', 'coffee', 'coffee_maker', 'conditioner', 'cooking_basics', 'crib', 'dining_table', 'dishes_and_silverware', 'elevator', 'essentials', 'ethernet_connection', 'exercise_equipment', 'fire_pit', 'freezer', 'free_parking', 'garden_or_backyard', 'gym', 'hair_dryer', 'hangers', 'hot_water', 'iron', 'kitchen', 'laptop_friendly_workspace', 'laundromat_nearby', 'long_term_stays_allowed', 'microwave', 'outdoor_kitchen', 'outdoor_seating', 'oven', 'pack_n_play_travel_crib', 'patio', 'patio_or_belcony', 'pool', 'refrigerator', 'room_darkening_shades', 'shampoo', 'shower_gel', 'single_level_home', 'smoke_detector', 'street_parking', 'sun_loungers', 'tv', 'wardrobe_or_closet', 'window_guards', 'wine_glasses', 'wireless_internet']","{'max': 4, 'bedrooms': 2, 'beds': 2, 'bathrooms': 2}","[{'beds': [{'type': 'king_bed', 'quantity': 1}]}, {'beds': [{'type': 'double_bed', 'quantity': 1}]}]",apartment,Entire Home,[],"{'pets_allowed': False, 'smoking_allowed': False, 'events_allowed': False}",False,
2d38242a-9735-40c0-9b7e-a4b73e82bbe6,Tamán 1408A,https://a0.muscache.com/im/pictures/hosting/Hosting-U3RheVN1cHBseUxpc3Rpbmc6MTI0NjA1MTgwNzQwOTk1NTI4NA%3D%3D/original/beba846d-c9f5-482a-84ce-64b571e5cd8e.png?aki_policy=small,"{'number': '1408A', 'street': 'Alfonso Reyes 53', 'city': 'Ciudad de México', 'state': 'Ciudad de México', 'postcode': '06170', 'country': 'MX', 'country_name': 'Mexico', 'coordinates': {'latitude': '19.4102026', 'longitude': '-99.1800712'}, 'display': '1408A, Alfonso Reyes 53, Ciudad de México, Ciudad de México, 06170, MX'}",-0600,True,MXN,16:00,11:00,"['alfresco_dining', 'arcade_machine', 'bed_linens', 'blender', 'body_soap', 'carbon_monoxide_detector', 'cleaning_products', 'coffee', 'coffee_maker', 'conditioner', 'cooking_basics', 'crib', 'dining_table', 'dishes_and_silverware', 'elevator', 'essentials', 'ethernet_connection', 'exercise_equipment', 'fire_pit', 'freezer', 'free_parking', 'garden_or_backyard', 'gym', 'hair_dryer', 'hangers', 'hot_water', 'iron', 'kitchen', 'laptop_friendly_workspace', 'laundromat_nearby', 'long_term_stays_allowed', 'microwave', 'outdoor_kitchen', 'outdoor_seating', 'oven', 'pack_n_play_travel_crib', 'paid_parking', 'patio', 'patio_or_belcony', 'pool', 'refrigerator', 'room_darkening_shades', 'shampoo', 'shower_gel', 'single_level_home', 'smoke_detector', 'stove', 'tv', 'wardrobe_or_closet', 'window_guards', 'wine_glasses', 'wireless_internet']","{'max': 3, 'bedrooms': 2, 'beds': 1, 'bathrooms': 2}","[{'beds': [{'type': 'king_bed', 'quantity': 1}]}]",apartment,Entire Home,[],"{'pets_allowed': False, 'smoking_allowed': False, 'events_allowed': False}",False,
51fe2d2f-ad17-4412-a0e8-b17edf9c420c,Skygarden 2203,https://a0.muscache.com/im/pictures/hosting/Hosting-U3RheVN1cHBseUxpc3Rpbmc6MTI0ODUxODk0ODY4NjI4NzExNQ%3D%3D/original/a91115c4-1e8f-446a-9b6f-d81b9c320ad9.png?aki_policy=small,"{'street': 'Calle 78', 'city': 'San José', 'state': 'San José', 'postcode': '10108', 'country': 'CR', 'country_name': 'Costa Rica', 'coordinates': {'latitude': '9.9409064', 'longitude': '-84.11311033'}, 'display': 'Calle 78, San José, San José, 10108, CR'}",-0600,True,CRC,16:00,11:00,"['ac', 'blender', 'board_games', 'body_soap', 'carbon_monoxide_detector', 'cleaning_products', 'clothes_drying_rack', 'coffee', 'coffee_maker', 'conditioner', 'cooking_basics', 'dishes_and_silverware', 'dryer', 'essentials', 'exercise_equipment', 'extra_pillows_and_blankets', 'freezer', 'free_parking', 'gym', 'hair_dryer', 'hangers', 'hot_water', 'hot_water_kettle', 'iron', 'jacuzzi', 'kitchen', 'laptop_friendly_workspace', 'laundromat_nearby', 'microwave', 'outdoor_seating', 'patio_or_belcony', 'playroom', 'pool', 'pool_table', 'refrigerator', 'room_darkening_shades', 'shampoo', 'smoke_detector', 'stove', 'sun_loungers', 'tv', 'wardrobe_or_closet', 'washer', 'wine_glasses', 'wireless_internet']","{'max': 3, 'bedrooms': 2, 'beds': 3, 'bathrooms': 1}","[{'beds': [{'type': 'queen_bed', 'quantity': 1}]}, {'beds': [{'type': 'double_bed', 'quantity': 1}]}, {'beds': [{'type': 'sofa_bed', 'quantity': 1}]}]",apartment,Entire Home,[],"{'pets_allowed': False, 'smoking_allowed': False, 'events_allowed': False}",False,
713c33e8-a199-4247-9e44-f03e1454cfc5,Tamán 1103A,https://a0.muscache.com/im/pictures/hosting/Hosting-U3RheVN1cHBseUxpc3Rpbmc6MTI0NjA0ODA2MzE5MzM5MzA2OQ%3D%3D/original/26fb4866-7073-45d6-9d60-5abdc3e1fa3d.png?aki_policy=small,"{'number': '1103A', 'street': 'Alfonso Reyes 53', 'city': 'Ciudad de México', 'state': 'Ciudad de México', 'postcode': '06170', 'country': 'MX', 'country_name': 'Mexico', 'coordinates': {'latitude': '19.4102026', 'longitude': '-99.1800712'}, 'display': '1103A, Alfonso Reyes 53, Ciudad de México, Ciudad de México, 06170, MX'}",-0600,True,MXN,16:00,11:00,"['alfresco_dining', 'arcade_machine', 'bed_linens', 'blender', 'board_games', 'body_soap', 'carbon_monoxide_detector', 'cleaning_products', 'coffee', 'coffee_maker', 'conditioner', 'cooking_basics', 'crib', 'dining_table', 'dishes_and_silverware', 'elevator', 'essentials', 'ethernet_connection', 'exercise_equipment', 'extra_pillows_and_blankets', 'fire_pit', 'freezer', 'free_parking', 'garden_or_backyard', 'gym', 'hair_dryer', 'hangers', 'hot_water', 'iron', 'kitchen', 'laptop_friendly_workspace', 'laundromat_nearby', 'long_term_stays_allowed', 'microwave', 'outdoor_kitchen', 'outdoor_seating', 'oven', 'pack_n_play_travel_crib', 'patio', 'patio_or_belcony', 'pool', 'refrigerator', 'room_darkening_shades', 'shampoo', 'shower_gel', 'single_level_home', 'smoke_detector', 'stove', 'street_parking', 'sun_loungers', 'tv', 'wardrobe_or_closet', 'window_guards', 'wine_glasses', 'wireless_internet']","{'max': 4, 'bedrooms': 2, 'beds': 2, 'bathrooms': 2}","[{'beds': [{'type': 'double_bed', 'quantity': 1}]}, {'beds': [{'type': 'king_bed', 'quantity': 1}]}]",apartment,Entire Home,[],"{'pets_allowed': False, 'smoking_allowed': False, 'events_allowed': False}",False,
0819e2ee-7a1e-4ac0-b62d-85ccb4501ec9,San Luis Potosí 113/201,https://a0.muscache.com/im/pictures/miso/Hosting-1251048487674737940/original/96f1d55b-8ad4-4ac5-822a-50aaec5f2d2b.jpeg?aki_policy=small,"{'number': 'int 201', 'street': 'San Luis Potosí 113', 'city': 'Ciudad de México', 'state': 'Ciudad de México', 'postcode': '06700', 'country': 'MX', 'country_name': 'Mexico', 'coordinates': {'latitude': '19.4142432', 'longitude': '-99.1597471'}, 'display': 'int 201, San Luis Potosí 113, Ciudad de México, Ciudad de México, 06700, MX'}",-0600,True,MXN,16:00,11:00,"['body_soap', 'cleaning_products', 'clothes_drying_rack', 'coffee', 'coffee_maker', 'cooking_basics', 'dining_table', 'dishes_and_silverware', 'essentials', 'extra_pillows_and_blankets', 'freezer', 'hangers', 'heating', 'hot_water', 'kitchen', 'laptop_friendly_workspace', 'microwave', 'oven', 'portable_fans', 'refrigerator', 'room_darkening_shades', 'shampoo', 'shower_gel', 'stove', 'toaster', 'tv', 'wardrobe_or_closet', 'washer', 'wine_glasses', 'wireless_internet']","{'max': 5, 'bedrooms': 3, 'beds': 3, 'bathrooms': 2}","[{'beds': [{'type': 'queen_bed', 'quantity': 1}]}, {'beds': [{'type': 'single_bed', 'quantity': 2}]}, {'beds': [{'type': 'toddler_bed', 'quantity': 1}]}]",apartment,Entire Home,[],"{'pets_allowed': False, 'smoking_allowed': False, 'events_allowed': False}",True,
e64e61d2-f616-40ba-bbdc-a6c6ab2a2af2,Tabasco 298A,https://a0.muscache.com/im/pictures/hosting/Hosting-U3RheVN1cHBseUxpc3Rpbmc6MTI1MzIxNDA0MjcwNDcxMzc0Ng%3D%3D/original/8314b92f-2c07-4b1d-82bb-0a1030085dee.jpeg?aki_policy=small,"{'street': 'Tabasco 298', 'city': 'Ciudad de México', 'state': 'Ciudad de México', 'postcode': '06700', 'country': 'MX', 'country_name': 'Mexico', 'coordinates': {'latitude': '19.4174786', 'longitude': '-99.1666601'}, 'display': 'Tabasco 298, Ciudad de México, Ciudad de México, 06700, MX'}",-0600,True,MXN,16:00,11:00,"['blender', 'body_soap', 'cleaning_products', 'coffee', 'coffee_maker', 'conditioner', 'cooking_basics', 'dining_table', 'dishes_and_silverware', 'essentials', 'freezer', 'hair_dryer', 'hangers', 'kitchen', 'microwave', 'oven', 'refrigerator', 'room_darkening_shades', 'shampoo', 'shower_gel', 'stove', 'tv', 'wardrobe_or_closet', 'wine_glasses', 'wireless_internet']","{'max': 6, 'bedrooms': 2, 'beds': 3, 'bathrooms': 2}","[{'beds': [{'type': 'queen_bed', 'quantity': 1}]}, {'beds': [{'type': 'double_bed', 'quantity': 2}]}]",house,Entire Home,[],"{'pets_allowed': False, 'smoking_allowed': False, 'events_allowed': False}",False,
ed3807aa-e38d-4a94-983b-9dbd2c79a239,Carlos B Zetina 80/E,https://a0.muscache.com/im/pictures/hosting/Hosting-U3RheVN1cHBseUxpc3Rpbmc6MTI1NTgyOTA3MzAxNzI2OTMxNw%3D%3D/original/cc230e68-101b-455c-b9cf-caa45ae7c7ee.jpeg?aki_policy=small,"{'number': 'E', 'street': 'Carlos B. Zetina 80', 'city': 'Ciudad de México', 'state': 'Ciudad de México', 'postcode': '11800', 'country': 'MX', 'country_name': 'Mexico', 'coordinates': {'latitude': '19.4049054', 'longitude': '-99.1832389'}, 'display': 'E, Carlos B. Zetina 80, Ciudad de México, Ciudad de México, 11800, MX'}",-0600,True,MXN,16:00,11:00,"['bed_linens', 'bicycle', 'blender', 'body_soap', 'carbon_monoxide_detector', 'cleaning_products', 'coffee', 'coffee_maker', 'conditioner', 'cooking_basics', 'crib', 'dining_table', 'dishes_and_silverware', 'essentials', 'ethernet_connection', 'freezer', 'hair_dryer', 'hangers', 'hot_water', 'iron', 'kitchen', 'laptop_friendly_workspace', 'laundromat_nearby', 'long_term_stays_allowed', 'portable_fans', 'refrigerator', 'shampoo', 'shower_gel', 'single_level_home', 'smoke_detector', 'stove', 'street_parking', 'tv', 'wardrobe_or_closet', 'window_guards', 'wine_glasses', 'wireless_internet']","{'max': 2, 'bedrooms': 1, 'beds': 1, 'bathrooms': 1}",[],apartment,Entire Home,[],"{'pets_allowed': True, 'smoking_allowed': False, 'events_allowed': False}",False,
64f9486f-0ecb-437a-9aab-f35c50788309,Ámsterdam 316/E2,https://a0.muscache.com/im/pictures/miso/Hosting-1255930884919393627/original/aacebbb1-9c0b-49f9-ab19-028a402b2123.png?aki_policy=small,"{'number': 'E4', 'street': 'Ámsterdam 316', 'city': 'Ciudad de México', 'state': 'Ciudad de México', 'postcode': '06100', 'country': 'MX', 'country_name': 'Mexico', 'coordinates': {'latitude': '19.4147223', 'longitude': '-99.1670099'}, 'display': 'E4, Ámsterdam 316, Ciudad de México, Ciudad de México, 06100, MX'}",-0600,True,MXN,16:00,11:00,"['bed_linens', 'blender', 'body_soap', 'carbon_monoxide_detector', 'cleaning_products', 'coffee', 'coffee_maker', 'cooking_basics', 'crib', 'dining_table', 'dishes_and_silverware', 'essentials', 'ethernet_connection', 'garden_or_backyard', 'hair_dryer', 'hangers', 'hot_water', 'iron', 'kitchen', 'laptop_friendly_workspace', 'laundromat_nearby', 'long_term_stays_allowed', 'microwave', 'outdoor_seating', 'oven', 'playground', 'refrigerator', 'room_darkening_shades', 'shampoo', 'shower_gel', 'single_level_home', 'smoke_detector', 'stove', 'street_parking', 'tv', 'wardrobe_or_closet', 'window_guards', 'wine_glasses', 'wireless_internet']","{'max': 2, 'bedrooms': 1, 'beds': 1, 'bathrooms': 1}","[{'beds': [{'type': 'queen_bed', 'quantity': 1}]}]",apartment,Entire Home,[],"{'pets_allowed': False, 'smoking_allowed': False, 'events_allowed': False}",False,
2b4debfa-1c05-4ff5-91d3-6583cc3ab39c,Huatusco 23/104,https://a0.muscache.com/im/pictures/hosting/Hosting-U3RheVN1cHBseUxpc3Rpbmc6MTI2MTg2ODU5NDEwMjkwNjUzNA%3D%3D/original/30199787-2b78-4ef6-b6a7-5d034ca79db6.jpeg?aki_policy=small,"{'street': 'Huatusco 23', 'city': 'Ciudad de México', 'state': 'Ciudad de México', 'postcode': '06760', 'country': 'MX', 'country_name': 'Mexico', 'coordinates': {'latitude': '19.4009497', 'longitude': '-99.169221'}, 'display': 'Huatusco 23, Ciudad de México, Ciudad de México, 06760, MX'}",-0600,True,MXN,16:00,11:00,"['blender', 'body_soap', 'cleaning_products', 'coffee', 'coffee_maker', 'conditioner', 'cooking_basics', 'dining_table', 'dishes_and_silverware', 'elevator', 'essentials', 'extra_pillows_and_blankets', 'freezer', 'hair_dryer', 'hangers', 'hot_water', 'iron', 'kitchen', 'microwave', 'oven', 'portable_fans', 'refrigerator', 'room_darkening_shades', 'shampoo', 'shower_gel', 'stove', 'tv', 'wardrobe_or_closet', 'washer', 'wine_glasses', 'wireless_internet']","{'max': 4, 'bedrooms': 2, 'beds': 2, 'bathrooms': 2}","[{'beds': [{'type': 'queen_bed', 'quantity': 1}]}, {'beds': [{'type': 'double_bed', 'quantity': 1}]}]",apartment,Entire Home,[],"{'pets_allowed': False, 'smoking_allowed': False, 'events_allowed': False}",False,
c3c90675-805d-4a13-a9b2-fb73489c6021,Monte Alto A75,https://a0.muscache.com/im/pictures/miso/Hosting-1269227286411320660/original/9d668df2-8f63-4569-bfca-78c1dfe2520b.png?aki_policy=small,"{'number': 'Torre A', 'street': '221', 'city': 'Granadilla', 'state': 'San José Province', 'country': 'CR', 'country_name': 'Costa Rica', 'coordinates': {'latitude': '9.929636', 'longitude': '-84.013532'}, 'display': 'Torre A, 221, Granadilla, San José Province, CR'}",-0600,True,CRC,16:00,11:00,"['ac', 'alfresco_dining', 'alfresco_shower', 'bbq_area', 'bed_linens', 'blender', 'body_soap', 'carbon_monoxide_detector', 'cleaning_products', 'coffee', 'coffee_maker', 'conditioner', 'cooking_basics', 'dining_table', 'dishes_and_silverware', 'dryer', 'elevator', 'essentials', 'extra_pillows_and_blankets', 'freezer', 'free_parking', 'garden_or_backyard', 'gym', 'hair_dryer', 'hangers', 'hot_water', 'iron', 'jacuzzi', 'kitchen', 'laptop_friendly_workspace', 'long_term_stays_allowed', 'microwave', 'nespresso_machine', 'outdoor_kitchen', 'outdoor_seating', 'patio', 'patio_or_belcony', 'ping_pong_table', 'playground', 'pool', 'pool_table', 'portable_fans', 'refrigerator', 'resort_access', 'sauna', 'shampoo', 'single_level_home', 'smoke_detector', 'stove', 'sun_loungers', 'tv', 'wardrobe_or_closet', 'washer', 'window_guards', 'wine_glasses', 'wireless_internet']","{'max': 3, 'bedrooms': 2, 'beds': 2, 'bathrooms': 2}","[{'beds': [{'type': 'single_bed', 'quantity': 1}]}, {'beds': [{'type': 'single_bed', 'quantity': 1}]}]",apartment,Entire Home,[],"{'pets_allowed': False, 'smoking_allowed': False, 'events_allowed': False}",False,
c0a47efb-80a4-47eb-9e4e-2ebb6f0c5991,Bolsena 22/1,https://a0.muscache.com/im/pictures/hosting/Hosting-U3RheVN1cHBseUxpc3Rpbmc6MTI2OTkyNzM1MjExNDU3Mjc0OA%3D%3D/original/d9a036ea-3399-4097-9cd6-37cc8a595f81.jpeg?aki_policy=small,"{'street': 'Privada Lago Bolsena 22', 'city': 'Ciudad de México', 'state': 'Ciudad de México', 'postcode': '11460', 'country': 'MX', 'country_name': 'Mexico', 'coordinates': {'latitude': '19.4450444', 'longitude': '-99.1880138'}, 'display': 'Privada Lago Bolsena 22, Ciudad de México, Ciudad de México, 11460, MX'}",-0600,True,MXN,16:00,11:00,"['ac', 'blender', 'body_soap', 'cleaning_products', 'coffee', 'coffee_maker', 'conditioner', 'cooking_basics', 'dining_table', 'dishes_and_silverware', 'hair_dryer', 'hot_water', 'iron', 'kitchen', 'microwave', 'refrigerator', 'shampoo', 'shower_gel', 'stove', 'tv', 'wine_glasses', 'wireless_internet']","{'max': 2, 'bedrooms': 1, 'beds': 1, 'bathrooms': 1}","[{'beds': [{'type': 'king_bed', 'quantity': 1}]}]",apartment,Entire Home,[],"{'pets_allowed': False, 'smoking_allowed': False, 'events_allowed': False}",False,
7ba9746d-61f5-472f-846e-a96477bf7a7a,Buenavista 12/B2,https://a0.muscache.com/im/pictures/hosting/Hosting-U3RheVN1cHBseUxpc3Rpbmc6MTI3MDA5MzMzNTY1NDU1Mzc1NA%3D%3D/original/2db6b830-4e91-4b03-abbf-1e6f1b7ee058.jpeg?aki_policy=small,"{'number': 'B2', 'street': 'Calle de Buenavista, 10', 'city': 'Madrid', 'state': 'Comunidad de Madrid', 'postcode': '28012', 'country': 'ES', 'country_name': 'Spain', 'coordinates': {'latitude': '40.410491', 'longitude': '-3.6986525'}, 'display': 'B2, Calle de Buenavista, 10, Madrid, Comunidad de Madrid, 28012, ES'}",+0100,True,EUR,16:00,11:00,"['ac', 'kitchen', 'tv', 'wireless_internet']","{'max': 3, 'bedrooms': 1, 'beds': 2, 'bathrooms': 2}","[{'beds': [{'type': 'double_bed', 'quantity': 1}]}, {'beds': [{'type': 'sofa_bed', 'quantity': 1}]}]",apartment,Entire Home,[],"{'pets_allowed': None, 'smoking_allowed': None, 'events_allowed': None}",False,
009e7f74-1704-435c-a918-4731810b024c,Tamán 1008A,https://a0.muscache.com/im/pictures/hosting/Hosting-U3RheVN1cHBseUxpc3Rpbmc6MTI0NjA1MTgwNzQwOTk1NTI4NA%3D%3D/original/da2705d7-73e5-4d50-80b0-f904c6035644.png?aki_policy=small,"{'number': '1008A', 'street': 'Alfonso Reyes 53', 'city': 'Ciudad de México', 'state': 'Ciudad de México', 'postcode': '06170', 'country': 'MX', 'country_name': 'Mexico', 'coordinates': {'latitude': '19.4102026', 'longitude': '-99.1800712'}, 'display': '1008A, Alfonso Reyes 53, Ciudad de México, Ciudad de México, 06170, MX'}",-0600,True,MXN,16:00,11:00,"['alfresco_dining', 'arcade_machine', 'bed_linens', 'blender', 'body_soap', 'carbon_monoxide_detector', 'cleaning_products', 'clothes_drying_rack', 'coffee', 'coffee_maker', 'conditioner', 'cooking_basics', 'crib', 'dining_table', 'dishes_and_silverware', 'dryer', 'elevator', 'essentials', 'ethernet_connection', 'exercise_equipment', 'extra_pillows_and_blankets', 'fire_pit', 'freezer', 'free_parking', 'garden_or_backyard', 'gym', 'hair_dryer', 'hangers', 'hot_water', 'iron', 'kitchen', 'laptop_friendly_workspace', 'laundromat_nearby', 'long_term_stays_allowed', 'microwave', 'outdoor_kitchen', 'outdoor_seating', 'oven', 'pack_n_play_travel_crib', 'paid_parking', 'patio', 'patio_or_belcony', 'playroom', 'pool', 'refrigerator', 'room_darkening_shades', 'shampoo', 'shower_gel', 'single_level_home', 'smoke_detector', 'stove', 'sun_loungers', 'tv', 'wardrobe_or_closet', 'washer', 'window_guards', 'wine_glasses', 'wireless_internet']","{'max': 3, 'bedrooms': 2, 'beds': 2, 'bathrooms': 2}","[{'beds': [{'type': 'single_bed', 'quantity': 1}]}, {'beds': [{'type': 'king_bed', 'quantity': 1}]}]",apartment,Entire Home,[],"{'pets_allowed': False, 'smoking_allowed': False, 'events_allowed': False}",False,
f5b64061-0d03-4e6e-9a22-3c039197ad47,Coahuila 159/206,https://a0.muscache.com/im/pictures/miso/Hosting-1270687446027804680/original/21574e24-840a-4ae6-9e35-6e7c3f22b61f.jpeg?aki_policy=small,"{'street': 'Coahuila 159', 'city': 'Ciudad de México', 'state': 'Ciudad de México', 'postcode': '06700', 'country': 'MX', 'country_name': 'Mexico', 'coordinates': {'latitude': '19.4112706', 'longitude': '-99.1633664'}, 'display': 'Coahuila 159, Ciudad de México, Ciudad de México, 06700, MX'}",-0600,True,MXN,16:00,11:00,"['bed_linens', 'blender', 'body_soap', 'cleaning_products', 'coffee', 'coffee_maker', 'conditioner', 'cooking_basics', 'dining_table', 'dishes_and_silverware', 'essentials', 'extra_pillows_and_blankets', 'freezer', 'hair_dryer', 'hangers', 'hot_water', 'hot_water_kettle', 'iron', 'kitchen', 'laptop_friendly_workspace', 'microwave', 'refrigerator', 'room_darkening_shades', 'shampoo', 'shower_gel', 'stove', 'tv', 'wardrobe_or_closet', 'wine_glasses', 'wireless_internet']","{'max': 3, 'bedrooms': 1, 'beds': 1, 'bathrooms': 1}","[{'beds': [{'type': 'king_bed', 'quantity': 1}]}]",apartment,Entire Home,[],"{'pets_allowed': False, 'smoking_allowed': False, 'events_allowed': False}",False,
70cf8e04-6b7a-4974-ac61-606f44a79ab7,Tamán 806B,https://a0.muscache.com/im/pictures/hosting/Hosting-U3RheVN1cHBseUxpc3Rpbmc6MTI3NDk3NjIyODU3MDA0NjExMQ%3D%3D/original/7acae6f8-f3a3-49bb-a4ba-700d4741659a.jpeg?aki_policy=small,"{'street': 'Alfonso Reyes 53', 'city': 'Ciudad de México', 'state': 'Ciudad de México', 'postcode': '06170', 'country': 'MX', 'country_name': 'Mexico', 'coordinates': {'latitude': '19.4102026', 'longitude': '-99.1800712'}, 'display': 'Alfonso Reyes 53, Ciudad de México, Ciudad de México, 06170, MX'}",-0600,True,MXN,16:00,11:00,"['blender', 'body_soap', 'cleaning_products', 'coffee', 'coffee_maker', 'conditioner', 'cooking_basics', 'dining_table', 'dishes_and_silverware', 'dryer', 'elevator', 'essentials', 'extra_pillows_and_blankets', 'freezer', 'free_parking', 'gym', 'hair_dryer', 'hangers', 'hot_water', 'iron', 'kitchen', 'laptop_friendly_workspace', 'microwave', 'outdoor_seating', 'oven', 'patio_or_belcony', 'playroom', 'pool', 'refrigerator', 'room_darkening_shades', 'shampoo', 'shower_gel', 'stove', 'sun_loungers', 'tv', 'wardrobe_or_closet', 'washer', 'wine_glasses', 'wireless_internet']","{'max': 6, 'bedrooms': 3, 'beds': 3, 'bathrooms': 3}","[{'beds': [{'type': 'king_bed', 'quantity': 1}]}, {'beds': [{'type': 'queen_bed', 'quantity': 1}]}, {'beds': [{'type': 'double_bed', 'quantity': 1}]}]",apartment,Entire Home,[],"{'pets_allowed': False, 'smoking_allowed': False, 'events_allowed': False}",False,
ccf6cd1b-bfd0-495b-a006-1dcf0446acc5,Skygarden 2108,https://a0.muscache.com/im/pictures/miso/Hosting-1275600668098538446/original/725c1102-32e1-4c9f-ab0a-bff42c343484.png?aki_policy=small,"{'street': 'Calle 78 INT 2108', 'city': 'San José', 'state': 'San José', 'postcode': '10108', 'country': 'CR', 'country_name': 'Costa Rica', 'coordinates': {'latitude': '9.94088947', 'longitude': '-84.11311531'}, 'display': 'Calle 78 INT 2108, San José, San José, 10108, CR'}",-0600,True,CRC,15:00,11:00,"['ac', 'bed_linens', 'blender', 'board_games', 'body_soap', 'carbon_monoxide_detector', 'cleaning_products', 'coffee', 'coffee_maker', 'conditioner', 'cooking_basics', 'dining_table', 'dishes_and_silverware', 'essentials', 'exercise_equipment', 'extra_pillows_and_blankets', 'freezer', 'free_parking', 'garden_or_backyard', 'hair_dryer', 'hangers', 'hot_water', 'jacuzzi', 'kitchen', 'laptop_friendly_workspace', 'laundromat_nearby', 'long_term_stays_allowed', 'microwave', 'outdoor_seating', 'patio_or_belcony', 'pool', 'pool_table', 'refrigerator', 'room_darkening_shades', 'shampoo', 'shower_gel', 'smoke_detector', 'stove', 'sun_loungers', 'tv', 'wardrobe_or_closet', 'washer', 'wine_glasses', 'wireless_internet']","{'max': 3, 'bedrooms': 2, 'beds': 2, 'bathrooms': 1}","[{'beds': [{'type': 'king_bed', 'quantity': 1}]}, {'beds': [{'type': 'king_bed', 'quantity': 1}]}]",apartment,Entire Home,[],"{'pets_allowed': False, 'smoking_allowed': False, 'events_allowed': False}",False,
6609b2c5-adcd-4cac-a9f2-28c213ddeccc,Tebas 178,https://a0.muscache.com/im/pictures/hosting/Hosting-1266668697746946071/original/8338ccb8-c9ca-4ee6-bb90-a5a7d26ef866.jpeg?aki_policy=small,"{'number': 'Casa', 'street': 'Oasis', 'city': 'León de los Aldama', 'state': 'Guanajuato', 'postcode': '37289', 'country': 'MX', 'country_name': 'Mexico', 'coordinates': {'latitude': '21.11115547', 'longitude': '-101.64358534'}, 'display': 'Casa, Oasis, León de los Aldama, Guanajuato, 37289, MX'}",-0600,True,MXN,16:00,11:00,"['free_parking', 'kitchen', 'tv', 'wireless_internet']","{'max': 6, 'bedrooms': 3, 'beds': 4, 'bathrooms': 2}","[{'beds': [{'type': 'king_bed', 'quantity': 1}]}, {'beds': [{'type': 'double_bed', 'quantity': 1}]}, {'beds': [{'type': 'single_bed', 'quantity': 2}]}]",house,Entire Home,[],"{'pets_allowed': None, 'smoking_allowed': None, 'events_allowed': None}",False,
56f1d463-ef32-41ad-83d7-fa722f2ccbe3,Puerto Cancún 36,https://a0.muscache.com/im/pictures/miso/Hosting-1277403659728368611/original/2c99c997-8bef-43dd-b458-a11ed1c8d869.jpeg?aki_policy=small,"{'number': '36', 'street': 'Boulevard Kukulcan 1', 'city': 'Cancún', 'state': 'Quintana Roo', 'postcode': '77500', 'country': 'MX', 'country_name': 'Mexico', 'coordinates': {'latitude': '21.1597212', 'longitude': '-86.8048697'}, 'display': '36, Boulevard Kukulcan 1, Cancún, Quintana Roo, 77500, MX'}",-0500,True,MXN,16:00,11:00,"['ac', 'alfresco_dining', 'bathtub', 'bbq_area', 'beach_access', 'bed_linens', 'body_soap', 'carbon_monoxide_detector', 'coffee_maker', 'cooking_basics', 'dining_table', 'dishes_and_silverware', 'essentials', 'freezer', 'free_parking', 'hangers', 'hot_water', 'iron', 'kitchen', 'microwave', 'outdoor_seating', 'oven', 'patio_or_belcony', 'pool', 'private_entrance', 'private_living_room', 'refrigerator', 'shampoo', 'smoke_detector', 'tv', 'wardrobe_or_closet', 'washer', 'wine_glasses', 'wireless_internet']","{'max': 8, 'bedrooms': 4, 'beds': 4, 'bathrooms': 4}","[{'beds': [{'type': 'double_bed', 'quantity': 1}]}, {'beds': [{'type': 'king_bed', 'quantity': 1}]}, {'beds': [{'type': 'double_bed', 'quantity': 1}]}, {'beds': [{'type': 'double_bed', 'quantity': 1}]}]",house,Entire Home,[],"{'pets_allowed': False, 'smoking_allowed': False, 'events_allowed': False}",True,
6063e087-f8f1-4db3-8715-62d9ce5b7b6b,Tamán 205A,https://a0.muscache.com/im/pictures/hosting/Hosting-U3RheVN1cHBseUxpc3Rpbmc6MTA2OTk2MTQ4OTgxMDg2MTg2Mw%3D%3D/original/4aba17e9-424f-436b-aedd-1ae22126cec3.jpeg?aki_policy=small,"{'number': '205A', 'street': 'Alfonso Reyes 53', 'city': 'Ciudad de México', 'state': 'Ciudad de México', 'postcode': '06170', 'country': 'MX', 'country_name': 'Mexico', 'coordinates': {'latitude': '19.4102026', 'longitude': '-99.1800712'}, 'display': '205A, Alfonso Reyes 53, Ciudad de México, Ciudad de México, 06170, MX'}",-0600,True,MXN,16:00,11:00,"['alfresco_dining', 'bed_linens', 'body_soap', 'carbon_monoxide_detector', 'cleaning_products', 'coffee_maker', 'cooking_basics', 'dining_table', 'dishes_and_silverware', 'elevator', 'essentials', 'ethernet_connection', 'exercise_equipment', 'freezer', 'free_parking', 'garden_or_backyard', 'gym', 'hair_dryer', 'hangers', 'hot_water', 'iron', 'kitchen', 'laptop_friendly_workspace', 'long_term_stays_allowed', 'microwave', 'outdoor_kitchen', 'outdoor_seating', 'oven', 'paid_parking', 'patio', 'patio_or_belcony', 'playroom', 'pool', 'refrigerator', 'resort_access', 'room_darkening_shades', 'shampoo', 'shower_gel', 'smoke_detector', 'tv', 'wardrobe_or_closet', 'window_guards', 'wine_glasses', 'wireless_internet']","{'max': 3, 'bedrooms': 2, 'beds': 2, 'bathrooms': 2}","[{'beds': [{'type': 'queen_bed', 'quantity': 1}]}, {'beds': [{'type': 'single_bed', 'quantity': 1}]}]",apartment,Entire Home,[],"{'pets_allowed': False, 'smoking_allowed': False, 'events_allowed': False}",False,
b4839037-5915-4978-a184-4a6ee1aae375,Oaxaca 41/2,https://a0.muscache.com/im/pictures/hosting/Hosting-U3RheVN1cHBseUxpc3Rpbmc6MTI5MzgyNjE5MDY4MTkwMDE4Mw%3D%3D/original/f5b992f6-f37c-42a2-86c4-76cccdae0fa7.jpeg?aki_policy=small,"{'street': 'Avenida Oaxaca 41', 'city': 'Ciudad de México', 'state': 'Ciudad de México', 'postcode': '06700', 'country': 'MX', 'country_name': 'Mexico', 'coordinates': {'latitude': '19.4217171', 'longitude': '-99.1650866'}, 'display': 'Avenida Oaxaca 41, Ciudad de México, Ciudad de México, 06700, MX'}",-0600,False,MXN,16:00,11:00,"['bed_linens', 'blender', 'body_soap', 'cleaning_products', 'coffee', 'coffee_maker', 'conditioner', 'cooking_basics', 'dining_table', 'dishes_and_silverware', 'essentials', 'freezer', 'hair_dryer', 'hangers', 'hot_water', 'iron', 'kitchen', 'microwave', 'oven', 'refrigerator', 'room_darkening_shades', 'shampoo', 'shower_gel', 'smoke_detector', 'stove', 'tv', 'wardrobe_or_closet', 'wine_glasses', 'wireless_internet']","{'max': 8, 'bedrooms': 4, 'beds': 4, 'bathrooms': 2}","[{'beds': [{'type': 'king_bed', 'quantity': 1}]}, {'beds': [{'type': 'king_bed', 'quantity': 1}]}, {'beds': [{'type': 'double_bed', 'quantity': 1}]}, {'beds': [{'type': 'double_bed', 'quantity': 1}]}]",apartment,Entire Home,[],"{'pets_allowed': False, 'smoking_allowed': False, 'events_allowed': False}",False,
f50f4ffd-ed17-47fa-9313-5b286e55f281,Icon 606,https://a0.muscache.com/im/pictures/hosting/Hosting-U3RheVN1cHBseUxpc3Rpbmc6MTI5Mzg2NDkyMTk0NTgzNzk4OA%3D%3D/original/1cf1f9fd-3b10-4918-b7ba-abb7dcb5b900.png?aki_policy=small,"{'street': 'Chicontepec 57', 'city': 'Ciudad de México', 'state': 'Ciudad de México', 'postcode': '06170', 'country': 'MX', 'country_name': 'Mexico', 'coordinates': {'latitude': '19.4097391', 'longitude': '-99.1807232'}, 'display': 'Chicontepec 57, Ciudad de México, Ciudad de México, 06170, MX'}",-0600,True,MXN,16:00,11:00,"['bed_linens', 'body_soap', 'cleaning_products', 'coffee', 'coffee_maker', 'conditioner', 'cooking_basics', 'dining_table', 'dishes_and_silverware', 'essentials', 'extra_pillows_and_blankets', 'freezer', 'hair_dryer', 'hangers', 'hot_water', 'iron', 'kitchen', 'microwave', 'oven', 'refrigerator', 'room_darkening_shades', 'shampoo', 'shower_gel', 'stove', 'tv', 'wardrobe_or_closet', 'wine_glasses', 'wireless_internet']","{'max': 4, 'bedrooms': 2, 'beds': 2, 'bathrooms': 1}","[{'beds': [{'type': 'king_bed', 'quantity': 1}]}, {'beds': [{'type': 'queen_bed', 'quantity': 1}]}]",apartment,Entire Home,[],"{'pets_allowed': False, 'smoking_allowed': False, 'events_allowed': False}",False,
730cc5c5-1d0d-4830-96a3-ac73bdeb1a44,Tamán APG1,https://a0.muscache.com/im/pictures/hosting/Hosting-U3RheVN1cHBseUxpc3Rpbmc6MTI5NTgzMDk5NDY5NDYxMjMxMg%3D%3D/original/c2fdc37b-5c35-41b2-a93d-73e2735a3a32.jpeg?aki_policy=small,"{'number': 'int APG1', 'street': 'Alfonso Reyes 53', 'city': 'Ciudad de México', 'state': 'Ciudad de México', 'postcode': '06170', 'country': 'MX', 'country_name': 'Mexico', 'coordinates': {'latitude': '19.4102026', 'longitude': '-99.1800712'}, 'display': 'int APG1, Alfonso Reyes 53, Ciudad de México, Ciudad de México, 06170, MX'}",-0600,True,MXN,16:00,11:00,"['alfresco_dining', 'bed_linens', 'blender', 'body_soap', 'cleaning_products', 'conditioner', 'cooking_basics', 'dining_table', 'dishes_and_silverware', 'essentials', 'extra_pillows_and_blankets', 'freezer', 'gym', 'hair_dryer', 'hangers', 'hot_water', 'iron', 'kitchen', 'laptop_friendly_workspace', 'microwave', 'outdoor_seating', 'oven', 'playroom', 'pool', 'refrigerator', 'room_darkening_shades', 'shampoo', 'shower_gel', 'stove', 'sun_loungers', 'tv', 'wardrobe_or_closet', 'wine_glasses', 'wireless_internet']","{'max': 8, 'bedrooms': 4, 'beds': 4, 'bathrooms': 5}","[{'beds': [{'type': 'king_bed', 'quantity': 1}]}, {'beds': [{'type': 'double_bed', 'quantity': 1}]}, {'beds': [{'type': 'double_bed', 'quantity': 1}]}, {'beds': [{'type': 'double_bed', 'quantity': 1}]}]",apartment,Entire Home,[],"{'pets_allowed': False, 'smoking_allowed': False, 'events_allowed': False}",False,
84adfcdf-dbfc-4fd1-be96-57093d900d5a,Golfo Gabes 9/104,https://a0.muscache.com/im/pictures/hosting/Hosting-U3RheVN1cHBseUxpc3Rpbmc6MTI5NzkxMDIyNDUzOTE0MjYxOA%3D%3D/original/8f181000-de45-4ef8-8d34-35ef3b889bdc.jpeg?aki_policy=small,"{'number': '104', 'street': 'Golfo Gabes 9', 'city': 'Ciudad de México', 'state': 'Ciudad de México', 'postcode': '11410', 'country': 'MX', 'country_name': 'Mexico', 'coordinates': {'latitude': '19.4558514', 'longitude': '-99.1880946'}, 'display': '104, Golfo Gabes 9, Ciudad de México, Ciudad de México, 11410, MX'}",-0600,True,MXN,16:00,11:00,"['bed_linens', 'blender', 'body_soap', 'carbon_monoxide_detector', 'cleaning_products', 'coffee', 'coffee_maker', 'conditioner', 'cooking_basics', 'dishes_and_silverware', 'essentials', 'extra_pillows_and_blankets', 'freezer', 'hair_dryer', 'hangers', 'hot_water', 'iron', 'kitchen', 'laptop_friendly_workspace', 'long_term_stays_allowed', 'microwave', 'mini_fridge', 'private_living_room', 'room_darkening_shades', 'shampoo', 'smoke_detector', 'stove', 'tv', 'wardrobe_or_closet', 'wine_glasses', 'wireless_internet']","{'max': 2, 'bedrooms': 1, 'beds': 1, 'bathrooms': 1}","[{'beds': [{'type': 'double_bed', 'quantity': 1}]}]",apartment,Entire Home,[],"{'pets_allowed': True, 'smoking_allowed': False, 'events_allowed': False}",True,
e4e248a6-410a-4e68-9380-5aeb7c9c0146,Bahamonde 5/2D,https://a0.muscache.com/im/pictures/hosting/Hosting-U3RheVN1cHBseUxpc3Rpbmc6MTMwOTk2NTY4MzcwMjQ5OTMzNQ%3D%3D/original/2e2fe408-fb85-4ae5-9696-4d510b1b4567.jpeg?aki_policy=small,"{'number': '2D', 'street': 'Calle de Concepción Bahamonde, 5', 'city': 'Madrid', 'state': 'Comunidad de Madrid', 'postcode': '28028', 'country': 'ES', 'country_name': 'Spain', 'coordinates': {'latitude': '40.4270115', 'longitude': '-3.6661935'}, 'display': '2D, Calle de Concepción Bahamonde, 5, Madrid, Comunidad de Madrid, 28028, ES'}",+0100,True,EUR,16:00,11:00,"['bed_linens', 'body_soap', 'cooking_basics', 'dishes_and_silverware', 'dryer', 'freezer', 'hair_dryer', 'heating', 'hot_water', 'iron', 'kitchen', 'microwave', 'refrigerator', 'room_darkening_shades', 'shampoo', 'smoke_detector', 'tv', 'washer', 'wireless_internet']","{'max': 3, 'bedrooms': 1, 'beds': 2, 'bathrooms': 1}","[{'beds': [{'type': 'double_bed', 'quantity': 1}]}, {'beds': [{'type': 'sofa_bed', 'quantity': 1}]}]",apartment,Entire Home,[],"{'pets_allowed': False, 'smoking_allowed': False, 'events_allowed': False}",False,
d16695f9-9980-42fd-a49c-de95a0505455,Cali 8 Oeste 35-77,https://a0.muscache.com/im/pictures/miso/Hosting-1310087891624411835/original/d482670b-0afb-479b-b9de-9defb99bdffc.jpeg?aki_policy=small,"{'street': 'Calle 8 Oeste #35-77', 'city': 'Cali', 'state': 'Valle del Cauca', 'postcode': '760043', 'country': 'CO', 'country_name': 'Colombia', 'coordinates': {'latitude': '3.4361265', 'longitude': '-76.5484007'}, 'display': 'Calle 8 Oeste #35-77, Cali, Valle del Cauca, 760043, CO'}",-0500,False,COP,16:00,11:00,"['blender', 'body_soap', 'cleaning_products', 'coffee', 'coffee_maker', 'conditioner', 'cooking_basics', 'dining_table', 'dishes_and_silverware', 'essentials', 'freezer', 'hair_dryer', 'hangers', 'hot_water', 'iron', 'kitchen', 'laptop_friendly_workspace', 'microwave', 'oven', 'refrigerator', 'shampoo', 'shower_gel', 'stove', 'tv', 'wardrobe_or_closet', 'wine_glasses', 'wireless_internet']","{'max': 14, 'bedrooms': 4, 'beds': 8, 'bathrooms': 5}","[{'beds': [{'type': 'double_bed', 'quantity': 1}, {'type': 'sofa_bed', 'quantity': 1}]}, {'beds': [{'type': 'double_bed', 'quantity': 1}, {'type': 'sofa_bed', 'quantity': 1}]}, {'beds': [{'type': 'double_bed', 'quantity': 1}]}, {'beds': [{'type': 'double_bed', 'quantity': 1}, {'type': 'single_bed', 'quantity': 2}]}]",house,Entire Home,[],"{'pets_allowed': True, 'smoking_allowed': False, 'events_allowed': False}",False,
bd13e640-343a-4077-983a-b20b81669f62,Toltecas 166/1501,https://a0.muscache.com/im/pictures/miso/Hosting-1313315249857896225/original/3f5fec82-14bf-49ae-8fc8-ef9f9cf04049.png?aki_policy=small,"{'number': '1501 Torre F', 'street': 'Toltecas 166', 'city': 'Ciudad de México', 'state': 'Ciudad de México', 'postcode': '01180', 'country': 'MX', 'country_name': 'Mexico', 'coordinates': {'latitude': '19.3868219', 'longitude': '-99.1937888'}, 'display': '1501 Torre F, Toltecas 166, Ciudad de México, Ciudad de México, 01180, MX'}",-0600,True,MXN,16:00,11:00,"['blender', 'body_soap', 'cleaning_products', 'coffee', 'coffee_maker', 'conditioner', 'cooking_basics', 'dining_table', 'dishes_and_silverware', 'dryer', 'freezer', 'hair_dryer', 'hot_water', 'kitchen', 'microwave', 'mini_fridge', 'oven', 'refrigerator', 'shampoo', 'shower_gel', 'stove', 'tv', 'washer', 'wine_glasses', 'wireless_internet']","{'max': 4, 'bedrooms': 2, 'beds': 2, 'bathrooms': 2}","[{'beds': [{'type': 'double_bed', 'quantity': 1}]}, {'beds': [{'type': 'double_bed', 'quantity': 1}]}]",apartment,Entire Home,[],"{'pets_allowed': False, 'smoking_allowed': False, 'events_allowed': False}",False,
9f383878-b56a-4aa9-9266-e7e5b6ed8394,Tamán 204A,https://a0.muscache.com/im/pictures/hosting/Hosting-U3RheVN1cHBseUxpc3Rpbmc6MTMxMzM2MDMzMzQzMjU2MDg5OA%3D%3D/original/768dffeb-ee6a-400b-8478-a5bbc7157eb1.jpeg?aki_policy=small,"{'street': 'Alfonso Reyes 53', 'city': 'Ciudad de México', 'state': 'Ciudad de México', 'postcode': '06170', 'country': 'MX', 'country_name': 'Mexico', 'coordinates': {'latitude': '19.4102026', 'longitude': '-99.1800712'}, 'display': 'Alfonso Reyes 53, Ciudad de México, Ciudad de México, 06170, MX'}",-0600,True,MXN,16:00,11:00,"['bed_linens', 'blender', 'body_soap', 'carbon_monoxide_detector', 'childrens_books_and_toys', 'cleaning_products', 'coffee', 'coffee_maker', 'cooking_basics', 'dining_table', 'dishes_and_silverware', 'essentials', 'extra_pillows_and_blankets', 'gym', 'hair_dryer', 'hangers', 'hot_water', 'iron', 'kitchen', 'life_size_games', 'microwave', 'outdoor_seating', 'oven', 'pool', 'refrigerator', 'room_darkening_shades', 'shampoo', 'shower_gel', 'smoke_detector', 'stove', 'tv', 'wardrobe_or_closet', 'wine_glasses', 'wireless_internet']","{'max': 6, 'bedrooms': 3, 'beds': 3, 'bathrooms': 2}","[{'beds': [{'type': 'king_bed', 'quantity': 1}]}, {'beds': [{'type': 'double_bed', 'quantity': 1}]}, {'beds': [{'type': 'double_bed', 'quantity': 1}]}]",apartment,Entire Home,[],"{'pets_allowed': False, 'smoking_allowed': False, 'events_allowed': False}",False,
c5f18b5b-6799-47c0-88b0-8e1e5c8a6bbc,Dakkel 2/102,https://a0.muscache.com/im/pictures/hosting/Hosting-1316938342411392855/original/4447a3c8-8a8b-4111-b8e8-1fe8f81f6052.jpeg?aki_policy=small,"{'street': 'Dakkel 2', 'city': 'León de los Aldama', 'state': 'Guanajuato', 'postcode': '37289', 'country': 'MX', 'country_name': 'Mexico', 'coordinates': {'latitude': '21.1109084', 'longitude': '-101.6423707'}, 'display': 'Dakkel 2, León de los Aldama, Guanajuato, 37289, MX'}",-0600,True,MXN,16:00,11:00,"['ac', 'alfresco_dining', 'blender', 'body_soap', 'carbon_monoxide_detector', 'cleaning_products', 'coffee_maker', 'cooking_basics', 'dining_table', 'dishes_and_silverware', 'ethernet_connection', 'extra_pillows_and_blankets', 'free_parking', 'hot_water', 'kitchen', 'microwave', 'patio', 'refrigerator', 'smoke_detector', 'stove', 'tv', 'wardrobe_or_closet', 'washer', 'wine_glasses', 'wireless_internet']","{'max': 6, 'bedrooms': 3, 'beds': 3, 'bathrooms': 2}",[],house,Entire Home,[],"{'pets_allowed': None, 'smoking_allowed': None, 'events_allowed': None}",False,
891e8592-1f1f-47da-8937-06a6ce6ef2cc,Santacoloma 202,https://a0.muscache.com/im/pictures/miso/Hosting-1323260261940879334/original/76c5a767-a244-4a03-b7e8-49cea90e37f9.jpeg?aki_policy=small,"{'number': '202', 'street': 'Calle 10b #35-8', 'city': 'Medellín', 'state': 'Antioquia', 'postcode': '050021', 'country': 'CO', 'country_name': 'Colombia', 'coordinates': {'latitude': '6.2107187', 'longitude': '-75.5648325'}, 'display': '202, Calle 10b #35-8, Medellín, Antioquia, 050021, CO'}",-0500,True,COP,16:00,11:00,"['bed_linens', 'blender', 'coffee_maker', 'cooking_basics', 'dishes_and_silverware', 'elevator', 'hair_dryer', 'hot_water', 'iron', 'kitchen', 'portable_fans', 'refrigerator', 'room_darkening_shades', 'tv', 'wardrobe_or_closet', 'washer', 'wireless_internet']","{'max': 4, 'bedrooms': 2, 'beds': 2, 'bathrooms': 1}","[{'beds': [{'type': 'double_bed', 'quantity': 1}]}, {'beds': [{'type': 'double_bed', 'quantity': 1}]}]",apartment,Entire Home,[],"{'pets_allowed': None, 'smoking_allowed': None, 'events_allowed': None}",False,
a279a9bf-3863-4cc7-8a05-725d1b9706f2,Santacoloma 404,https://a0.muscache.com/im/pictures/hosting/Hosting-U3RheVN1cHBseUxpc3Rpbmc6MTMyNDAwODkwMDE4NjU4NDI0MA%3D%3D/original/fd9c91d3-934d-452a-9489-4cec127e8d26.jpeg?aki_policy=small,"{'number': '404', 'street': 'Calle 10b #35-8', 'city': 'Medellín', 'state': 'Antioquia', 'postcode': '050021', 'country': 'CO', 'country_name': 'Colombia', 'coordinates': {'latitude': '6.2107187', 'longitude': '-75.5648325'}, 'display': '404, Calle 10b #35-8, Medellín, Antioquia, 050021, CO'}",-0500,True,COP,16:00,11:00,"['bed_linens', 'blender', 'coffee', 'coffee_maker', 'cooking_basics', 'dishes_and_silverware', 'freezer', 'hot_water', 'iron', 'kitchen', 'microwave', 'portable_fans', 'refrigerator', 'shampoo', 'tv', 'washer', 'wireless_internet']","{'max': 2, 'bedrooms': 1, 'beds': 1, 'bathrooms': 1}","[{'beds': [{'type': 'double_bed', 'quantity': 1}]}]",apartment,Entire Home,[],"{'pets_allowed': False, 'smoking_allowed': False, 'events_allowed': False}",False,
3e0fb43a-cc8f-4240-a7ab-31ab3f47db52,Santacoloma 504,https://a0.muscache.com/im/pictures/miso/Hosting-1326195672580257490/original/c262c10e-de11-4b9e-9fa6-860bdd6fd1f6.jpeg?aki_policy=small,"{'number': '504', 'street': 'Calle 10b #35-8', 'city': 'Medellín', 'state': 'Antioquia', 'postcode': '050021', 'country': 'CO', 'country_name': 'Colombia', 'coordinates': {'latitude': '6.2107187', 'longitude': '-75.5648325'}, 'display': '504, Calle 10b #35-8, Medellín, Antioquia, 050021, CO'}",-0500,True,COP,16:00,11:00,"['bed_linens', 'blender', 'cooking_basics', 'dishes_and_silverware', 'free_parking', 'iron', 'jacuzzi', 'kitchen', 'microwave', 'patio', 'refrigerator', 'tv', 'washer', 'wireless_internet']","{'max': 3, 'bedrooms': 1, 'beds': 2, 'bathrooms': 2}","[{'beds': [{'type': 'king_bed', 'quantity': 1}]}, {'beds': [{'type': 'sofa_bed', 'quantity': 1}]}]",apartment,Entire Home,[],"{'pets_allowed': False, 'smoking_allowed': False, 'events_allowed': False}",False,
27345880-12dc-4dad-bb63-6675ef13d8ab,Icon Roma 1016,https://a0.muscache.com/im/pictures/miso/Hosting-1330262334964742232/original/155a0abc-cb9c-43ff-9bc7-42eef90441fb.jpeg?aki_policy=small,"{'number': '1016', 'street': 'Avenida Insurgentes Sur 179', 'city': 'Ciudad de México', 'state': 'Ciudad de México', 'postcode': '06700', 'country': 'MX', 'country_name': 'Mexico', 'coordinates': {'latitude': '19.4218675', 'longitude': '-99.1636483'}, 'display': '1016, Avenida Insurgentes Sur 179, Ciudad de México, Ciudad de México, 06700, MX'}",-0600,True,MXN,16:00,11:00,"['ac', 'alfresco_dining', 'bbq_area', 'bed_linens', 'blender', 'body_soap', 'carbon_monoxide_detector', 'cleaning_products', 'coffee', 'coffee_maker', 'cooking_basics', 'crib', 'dining_table', 'dishes_and_silverware', 'dryer', 'elevator', 'essentials', 'exercise_equipment', 'freezer', 'free_parking', 'garden_or_backyard', 'gym', 'hair_dryer', 'hangers', 'heating', 'hot_water', 'iron', 'kitchen', 'laptop_friendly_workspace', 'long_term_stays_allowed', 'microwave', 'outdoor_seating', 'oven', 'pack_n_play_travel_crib', 'patio', 'patio_or_belcony', 'pool', 'refrigerator', 'room_darkening_shades', 'shampoo', 'single_level_home', 'smoke_detector', 'stove', 'sun_loungers', 'tv', 'wardrobe_or_closet', 'washer', 'wine_glasses', 'wireless_internet']","{'max': 2, 'bedrooms': 1, 'beds': 1, 'bathrooms': 1}","[{'beds': [{'type': 'queen_bed', 'quantity': 1}]}]",apartment,Entire Home,[],"{'pets_allowed': False, 'smoking_allowed': False, 'events_allowed': False}",False,
1a202d9f-8d60-4c26-a3d7-e27c00125c89,Icon Roma 324,https://a0.muscache.com/im/pictures/hosting/Hosting-U3RheVN1cHBseUxpc3Rpbmc6MTMzNDMwNzkwNzkwNjA5MTQ5Mg%3D%3D/original/ba28ff73-5975-4d5b-8a8a-734bb0b3314c.jpeg?aki_policy=small,"{'street': 'Icon Roma, Avenida Insurgentes Sur 179, Ciudad de México, CDMX, ', 'city': 'Ciudad de México', 'state': 'Ciudad de México', 'postcode': '06700', 'country': 'MX', 'country_name': 'Mexico', 'coordinates': {'latitude': '19.4216765', 'longitude': '-99.1637564'}, 'display': 'Icon Roma, Avenida Insurgentes Sur 179, Ciudad de México, CDMX, , Ciudad de México, Ciudad de México, 06700, MX'}",-0600,True,MXN,16:00,11:00,"['bed_linens', 'blender', 'body_soap', 'coffee', 'coffee_maker', 'cooking_basics', 'dishes_and_silverware', 'elevator', 'free_parking', 'gym', 'hair_dryer', 'hangers', 'hot_water', 'iron', 'kitchen', 'microwave', 'oven', 'pack_n_play_travel_crib', 'patio_or_belcony', 'pool', 'refrigerator', 'room_darkening_shades', 'shampoo', 'shower_gel', 'single_level_home', 'tv', 'wardrobe_or_closet', 'washer', 'wine_glasses', 'wireless_internet']","{'max': 2, 'bedrooms': 0, 'beds': 1, 'bathrooms': 1}","[{'beds': [{'type': 'double_bed', 'quantity': 1}]}]",apartment,Entire Home,[],"{'pets_allowed': False, 'smoking_allowed': False, 'events_allowed': False}",False,
316d96a2-edd1-44f6-938f-4291dd89d0f6,Lago Cuitzeo 248/410,https://a0.muscache.com/im/pictures/miso/Hosting-1336289269773480795/original/da9e088c-fffd-47fa-8178-ab599c2ffb15.jpeg?aki_policy=small,"{'street': 'Lago Cuitzeo 248', 'city': 'Ciudad de México', 'state': 'Ciudad de México', 'postcode': '11320', 'country': 'MX', 'country_name': 'Mexico', 'coordinates': {'latitude': '19.4410557', 'longitude': '-99.1743226'}, 'display': 'Lago Cuitzeo 248, Ciudad de México, Ciudad de México, 11320, MX'}",-0600,True,MXN,16:00,11:00,"['bed_linens', 'blender', 'body_soap', 'coffee', 'coffee_maker', 'cooking_basics', 'dishes_and_silverware', 'elevator', 'freezer', 'free_parking', 'hair_dryer', 'hangers', 'hot_water', 'iron', 'kitchen', 'microwave', 'oven', 'pack_n_play_travel_crib', 'refrigerator', 'shampoo', 'single_level_home', 'tv', 'wardrobe_or_closet', 'washer', 'wireless_internet']","{'max': 4, 'bedrooms': 2, 'beds': 2, 'bathrooms': 1}","[{'beds': [{'type': 'double_bed', 'quantity': 1}]}, {'beds': [{'type': 'double_bed', 'quantity': 1}]}]",apartment,Entire Home,[],"{'pets_allowed': False, 'smoking_allowed': False, 'events_allowed': False}",False,
5646597d-01b3-4800-9c9a-bb32ef2632e9,Acatitlán,https://a0.muscache.com/im/pictures/miso/Hosting-1339983297551200206/original/96f07730-0bdc-4389-9ac9-76ac2a5c8bbf.jpeg?aki_policy=small,"{'number': 'Casa', 'street': 'A San Mateo Acatitlán', 'city': 'Valle de Bravo', 'state': 'Estado de México', 'postcode': '51200', 'country': 'MX', 'country_name': 'Mexico', 'coordinates': {'latitude': '19.1878189', 'longitude': '-100.0961747'}, 'display': 'Casa, A San Mateo Acatitlán, Valle de Bravo, Estado de México, 51200, MX'}",-0600,True,MXN,16:00,11:00,"['alfresco_shower', 'barbeque_utensils', 'bbq_area', 'blender', 'coffee', 'cooking_basics', 'dishes_and_silverware', 'extra_pillows_and_blankets', 'fireplace', 'fire_pit', 'free_parking', 'hot_water', 'hot_water_kettle', 'iron', 'kitchen', 'microwave', 'outdoor_seating', 'oven', 'patio_or_belcony', 'pool', 'pool_table', 'private_living_room', 'refrigerator', 'room_darkening_shades', 'stove', 'trash_compacter', 'tv', 'wardrobe_or_closet', 'wine_glasses', 'wireless_intercom', 'wireless_internet']","{'max': 8, 'bedrooms': 3, 'beds': 6, 'bathrooms': 2}","[{'beds': [{'type': 'king_bed', 'quantity': 1}]}, {'beds': [{'type': 'double_bed', 'quantity': 2}]}, {'beds': [{'type': 'double_bed', 'quantity': 2}]}]",house,Entire Home,[],"{'pets_allowed': False, 'smoking_allowed': False, 'events_allowed': False}",False,
16d1d85e-27af-41c4-9224-5ade90ada7f4,Brezza PH,https://a0.muscache.com/im/pictures/miso/Hosting-1340803636923220173/original/3c8135eb-7e65-45e6-bde0-ac771edb3804.jpeg?aki_policy=small,"{'street': 'Avenida Antonio Enríquez Savignac 4', 'city': 'Cancún', 'state': 'Quintana Roo', 'postcode': '77500', 'country': 'MX', 'country_name': 'Mexico', 'coordinates': {'latitude': '21.1494587', 'longitude': '-86.8195945'}, 'display': 'Avenida Antonio Enríquez Savignac 4, Cancún, Quintana Roo, 77500, MX'}",-0500,True,MXN,16:00,11:00,"['ac', 'blender', 'coffee', 'coffee_maker', 'cooking_basics', 'dishes_and_silverware', 'dishwasher', 'freezer', 'free_parking', 'gym', 'kitchen', 'laptop_friendly_workspace', 'microwave', 'oven', 'playground', 'playroom', 'pool', 'refrigerator', 'tv', 'wardrobe_or_closet', 'washer', 'wireless_internet']","{'max': 6, 'bedrooms': 3, 'beds': 4, 'bathrooms': 3}","[{'beds': [{'type': 'king_bed', 'quantity': 1}]}, {'beds': [{'type': 'double_bed', 'quantity': 1}]}, {'beds': [{'type': 'double_bed', 'quantity': 1}, {'type': 'single_bed', 'quantity': 1}]}]",apartment,Entire Home,[],"{'pets_allowed': None, 'smoking_allowed': None, 'events_allowed': None}",False,
49667886-73f3-4ac9-a766-c93245601b38,Puerto Cancún 25,https://a0.muscache.com/im/pictures/miso/Hosting-1345008028144894803/original/a509e746-1165-4310-9a0a-f9a97d99bce9.jpeg?aki_policy=small,"{'number': 'Casa 25', 'street': 'Boulevard Kukulcan 1', 'city': 'Cancún', 'state': 'Quintana Roo', 'postcode': '77500', 'country': 'MX', 'country_name': 'Mexico', 'coordinates': {'latitude': '21.1609728', 'longitude': '-86.8085292'}, 'display': 'Casa 25, Boulevard Kukulcan 1, Cancún, Quintana Roo, 77500, MX'}",-0500,True,MXN,16:00,11:00,"['ac', 'bathtub', 'beach_access', 'bed_linens', 'blender', 'coffee', 'coffee_maker', 'cooking_basics', 'dishes_and_silverware', 'dryer', 'free_parking', 'hair_dryer', 'hangers', 'hot_water', 'iron', 'kitchen', 'long_term_stays_allowed', 'microwave', 'oven', 'refrigerator', 'room_darkening_shades', 'shampoo', 'shower_gel', 'tv', 'wardrobe_or_closet', 'washer', 'wine_glasses', 'wireless_internet']","{'max': 8, 'bedrooms': 5, 'beds': 8, 'bathrooms': 6}","[{'beds': [{'type': 'king_bed', 'quantity': 1}]}, {'beds': [{'type': 'double_bed', 'quantity': 1}, {'type': 'single_bed', 'quantity': 1}]}, {'beds': [{'type': 'double_bed', 'quantity': 1}]}, {'beds': [{'type': 'single_bed', 'quantity': 2}]}, {'beds': [{'type': 'single_bed', 'quantity': 2}]}]",house,Entire Home,[],"{'pets_allowed': None, 'smoking_allowed': None, 'events_allowed': None}",False,
cfd013cb-8083-46a0-be78-3c92d3e115f7,Cuernavaca Hule,https://a0.muscache.com/im/pictures/miso/Hosting-1351535933407363044/original/4668aee3-aede-4cf2-909b-dac5716060e5.jpeg?aki_policy=small,"{'street': 'Hule 115', 'city': 'Cuernavaca', 'state': 'Morelos', 'postcode': '62343', 'country': 'MX', 'country_name': 'Mexico', 'coordinates': {'latitude': '18.9445919', 'longitude': '-99.2052485'}, 'display': 'Hule 115, Cuernavaca, Morelos, 62343, MX'}",-0600,True,MXN,15:00,11:00,"['alfresco_dining', 'bbq_area', 'bed_linens', 'coffee_maker', 'dishes_and_silverware', 'free_parking', 'hangers', 'hot_water', 'kitchen', 'long_term_stays_allowed', 'outdoor_seating', 'patio_or_belcony', 'pool', 'refrigerator', 'tv', 'wireless_internet']","{'max': 10, 'bedrooms': 4, 'beds': 7, 'bathrooms': 4}","[{'beds': [{'type': 'double_bed', 'quantity': 1}, {'type': 'single_bed', 'quantity': 1}, {'type': 'toddler_bed', 'quantity': 1}]}, {'beds': [{'type': 'double_bed', 'quantity': 1}, {'type': 'single_bed', 'quantity': 1}]}, {'beds': [{'type': 'single_bed', 'quantity': 2}]}, {'beds': [{'type': 'queen_bed', 'quantity': 1}]}]",house,Entire Home,[],"{'pets_allowed': True, 'smoking_allowed': True, 'events_allowed': False}",True,
30c647e8-150a-446d-8e2c-d9e4ca9d7a6e,Lujo en Tulum alberca privada,https://a0.muscache.com/im/pictures/miso/Hosting-1356673959356975344/original/692616c2-0b5a-4570-b46d-21235c6c6512.jpeg?aki_policy=small,"{'street': 'MZ 55', 'city': 'Tulum', 'state': 'Quintana Roo', 'postcode': '77760', 'country': 'MX', 'country_name': 'Mexico', 'coordinates': {'latitude': '20.2025963', 'longitude': '-87.4727791'}, 'display': 'MZ 55, Tulum, Quintana Roo, 77760, MX'}",-0500,False,MXN,16:00,11:00,"['ac', 'bed_linens', 'blender', 'coffee_maker', 'cooking_basics', 'dishes_and_silverware', 'kitchen', 'laptop_friendly_workspace', 'microwave', 'patio_or_belcony', 'pool', 'refrigerator', 'room_darkening_shades', 'tv', 'wardrobe_or_closet', 'wine_glasses', 'wireless_internet']","{'max': 6, 'bedrooms': 2, 'beds': 3, 'bathrooms': 2}","[{'beds': [{'type': 'queen_bed', 'quantity': 2}]}, {'beds': [{'type': 'king_bed', 'quantity': 1}]}]",apartment,Entire Home,[],"{'pets_allowed': False, 'smoking_allowed': False, 'events_allowed': False}",False,
4e571e64-11e2-42e1-88c4-7180f2878bc8,Oriana 102,https://a0.muscache.com/im/pictures/miso/Hosting-1358807435019126596/original/169e50e6-f18c-46b6-97f4-dd434399ba93.jpeg?aki_policy=small,"{'street': 'Mz 55', 'city': 'Tulum', 'state': 'Quintana Roo', 'postcode': '77760', 'country': 'MX', 'country_name': 'Mexico', 'coordinates': {'latitude': '20.2025963', 'longitude': '-87.4727791'}, 'display': 'Mz 55, Tulum, Quintana Roo, 77760, MX'}",-0500,False,MXN,16:00,11:00,"['ac', 'bed_linens', 'blender', 'body_soap', 'coffee_maker', 'cooking_basics', 'dishes_and_silverware', 'hot_water', 'kitchen', 'laptop_friendly_workspace', 'microwave', 'refrigerator', 'room_darkening_shades', 'shampoo', 'shower_gel', 'tv', 'wardrobe_or_closet', 'wine_glasses', 'wireless_internet']","{'max': 6, 'bedrooms': 2, 'beds': 3, 'bathrooms': 2}","[{'beds': [{'type': 'king_bed', 'quantity': 1}]}, {'beds': [{'type': 'queen_bed', 'quantity': 2}]}]",apartment,Entire Home,[],"{'pets_allowed': False, 'smoking_allowed': False, 'events_allowed': False}",False,
30cf6d7c-1345-45db-b1f8-ccfeb8e9e24b,Descansa con lujo en Tulum,https://a0.muscache.com/im/pictures/miso/Hosting-1358948683783655244/original/ab47ce73-5a30-4e39-b3f3-87481972bd73.jpeg?aki_policy=small,"{'street': 'Mz 55', 'city': 'Tulum', 'state': 'Quintana Roo', 'postcode': '77760', 'country': 'MX', 'country_name': 'Mexico', 'coordinates': {'latitude': '20.2025963', 'longitude': '-87.4727791'}, 'display': 'Mz 55, Tulum, Quintana Roo, 77760, MX'}",-0500,False,MXN,15:00,11:00,"['ac', 'kitchen', 'laptop_friendly_workspace', 'tv', 'wireless_internet']","{'max': 2, 'bedrooms': 1, 'beds': 1, 'bathrooms': 1}",[],apartment,Entire Home,[],"{'pets_allowed': None, 'smoking_allowed': None, 'events_allowed': None}",False,
